nh,clust,Amount_withdrawn_from_savings,Honey,land_in_acre,agri1c,profit_per_acre
1,4005,0,0,0.05,2092506.66666667,41850133.3333333
1,4009,0,0,5,1153542.5,230708.5
1,4081,80000,0,2,485790.843894739,242895.421947369
1,4149,0,0,24,4222448.33333333,175935.347222222
1,4152,5e+05,0,200,-5681739.32751727,-28408.6966375863
1,4205,0,0,0.05,-185328.333333333,-3706566.66666667
1,4355,0,0,0.05625,765406.666666667,13607229.6296296
1,4365,1200000,0,0.1,5367858.33333333,53678583.3333333
1,4372,1e+06,0,13,2983923.33333333,229532.564102564
1,4379,0,0,30,7060493.33333333,235349.777777778
1,4382,0,0,28,4829201.16439744,172471.470157052
1,4385,1550000,0,26,21282875.4761905,818572.133699634
1,4385,1785000,0,26,21282875.4761905,818572.133699634
1,4399,0,0,0.15625,3257750.03919861,20849600.2508711
1,4405,50000,0,0.1377411,1644614.28571429,11939895.1054862
1,4422,0,0,13,6908104.28571429,531392.637362637
1,4495,350000,0,0.1,2118664.33333333,21186643.3333333
1,4512,0,0,30,667400,22246.6666666667
1,4519,2e+05,0,20,914889.910714286,45744.4955357143
1,4529,0,0,2,235660.095238095,117830.047619048
1,4535,1200000,0,15,8007561.66666667,533837.444444444
1,4535,4e+05,0,15,8007561.66666667,533837.444444444
1,4555,0,0,0.625,1979884.28571429,3167814.85714286
1,4559,1800000,0,0.21875,676633.333333333,3093180.95238095
1,4582,0,0,3,377182.142857143,125727.380952381
1,4585,0,0,4,1282691.9047619,320672.976190476
1,4609,0,0,0.0375,2419578.57142857,64522095.2380952
1,4622,8e+05,0,8,1726861.96428571,215857.745535714
1,4639,150000,0,10,310966.666666667,31096.6666666667
1,4659,0,0,1,9333.33333333333,9333.33333333333
1,4689,0,0,36,381892.857142857,10608.1349206349
1,4699,70000,0,0.74380194,-78898.0952380953,-106074.064875517
1,4759,0,0,10,3800165.71428571,380016.571428571
1,4765,78000,0,0.01875,775712.083333333,41371311.1111111
1,4792,0,0,0.1836548,343824.142857143,1872121.73521815
1,4792,0,0,0.1836548,343824.142857143,1872121.73521815
1,4792,0,0,0.1836548,343824.142857143,1872121.73521815
1,4792,0,0,0.1836548,343824.142857143,1872121.73521815
1,4792,0,0,0.1836548,343824.142857143,1872121.73521815
1,4792,0,0,0.1836548,343824.142857143,1872121.73521815
1,4822,156500,0,4,2339721.9047619,584930.476190476
1,4822,0,0,4,2339721.9047619,584930.476190476
1,4862,0,0,4,-54750,-13687.5
1,4862,0,0,4,-54750,-13687.5
1,4862,0,0,4,-54750,-13687.5
1,4862,0,0,4,-54750,-13687.5
1,4862,0,0,4,-54750,-13687.5
1,4862,0,0,4,-54750,-13687.5
1,4879,0,0,6,345276.904761905,57546.1507936508
1,4879,0,0,6,345276.904761905,57546.1507936508
1,4879,0,0,6,345276.904761905,57546.1507936508
1,4879,0,0,6,345276.904761905,57546.1507936508
1,4879,0,0,6,345276.904761905,57546.1507936508
1,4879,0,0,6,345276.904761905,57546.1507936508
1,4885,0,0,9,864679.404761905,96075.4894179894
1,4895,0,0,5,619538.690476191,123907.738095238
1,4905,0,0,2,563134.523809524,281567.261904762
1,4922,7e+05,0,1,-839821.428571429,-839821.428571429
1,4979,45000,0,5,2694083.33333333,538816.666666667
1,4989,0,0,6,522545.714285714,87090.9523809524
1,4989,0,0,6,522545.714285714,87090.9523809524
1,4989,0,0,6,522545.714285714,87090.9523809524
1,4989,0,0,6,522545.714285714,87090.9523809524
1,4989,0,0,6,522545.714285714,87090.9523809524
1,4989,0,0,6,522545.714285714,87090.9523809524
1,4995,0,0,7,1153857.14285714,164836.734693878
1,4995,0,0,7,1153857.14285714,164836.734693878
1,4995,0,0,7,1153857.14285714,164836.734693878
1,4995,0,0,7,1153857.14285714,164836.734693878
1,4995,0,0,7,1153857.14285714,164836.734693878
1,4995,0,0,7,1153857.14285714,164836.734693878
10,4042,140000,0,191,1109875.22619048,5810.86505858888
10,4042,2e+05,0,191,1109875.22619048,5810.86505858888
10,4069,0,0,0.3673096,2627970,7154645.56330681
10,4152,1e+05,0,0.03673096,-166032.142857143,-4520223.3444795
10,4199,0,0,0.11875,357224.166666667,3008203.50877193
10,4199,431000,0,0.11875,357224.166666667,3008203.50877193
10,4365,0,0,0.03125,1661050,53153600
10,4372,0,0,20,5954264.28571429,297713.214285714
10,4372,2e+05,0,20,5954264.28571429,297713.214285714
10,4382,0,0,2,4313908.57142857,2156954.28571429
10,4385,0,0,6,6064012.85714286,1010668.80952381
10,4405,2e+05,0,20,3611571.42857143,180578.571428571
10,4408,0,0,0.00625,564904.523809524,90384723.8095238
10,4462,5e+05,0,0.0375,603130.736555682,16083486.3081515
10,4479,7e+05,0,1750,1699884.28571429,971.362448979592
10,4495,150000,0,63,10983869,174347.126984127
10,4495,2e+05,0,63,10983869,174347.126984127
10,4495,7e+05,0,63,10983869,174347.126984127
10,4505,0,0,2,-153401.078095238,-76700.5390476191
10,4532,8e+05,0,100,10541505,105415.05
10,4539,240000,0,20,5686258.92857143,284312.946428571
10,4539,120000,0,20,5686258.92857143,284312.946428571
10,4559,0,0,0.0375,3260532.14285714,86947523.8095238
10,4639,2e+05,0,1,509620.116087501,509620.116087501
10,4649,8e+05,0,50,14950110,299002.2
10,4659,5e+06,0,20,626500,31325
10,4695,0,0,15,192355,12823.6666666667
10,4790,0,0,50,-274670.864661654,-5493.41729323308
10,4790,0,0,50,-274670.864661654,-5493.41729323308
10,4790,0,0,50,-274670.864661654,-5493.41729323308
10,4790,0,0,50,-274670.864661654,-5493.41729323308
10,4790,0,0,50,-274670.864661654,-5493.41729323308
10,4790,0,0,50,-274670.864661654,-5493.41729323308
10,4819,50000,0,5,194361.904761905,38872.380952381
10,4822,58000,0,4,3111719.33333333,777929.833333333
10,4862,0,0,4,-37838.0952380952,-9459.52380952381
10,4862,0,0,4,-37838.0952380952,-9459.52380952381
10,4862,0,0,4,-37838.0952380952,-9459.52380952381
10,4862,0,0,4,-37838.0952380952,-9459.52380952381
10,4862,0,0,4,-37838.0952380952,-9459.52380952381
10,4862,0,0,4,-37838.0952380952,-9459.52380952381
10,4879,48000,0,3,698796.428571429,232932.142857143
10,4879,0,0,3,698796.428571429,232932.142857143
10,4879,0,0,3,698796.428571429,232932.142857143
10,4879,0,0,3,698796.428571429,232932.142857143
10,4879,0,0,3,698796.428571429,232932.142857143
10,4879,0,0,3,698796.428571429,232932.142857143
10,4882,16000,0,3,-29028.5714285714,-9676.19047619048
10,4885,0,0,6,1035585.95238095,172597.658730159
10,4905,0,0,5,598172.619047619,119634.523809524
10,4942,0,0,20,2663465.57784074,133173.278892037
10,4959,0,0,5,78351.4285714286,15670.2857142857
10,4959,0,0,5,78351.4285714286,15670.2857142857
10,4959,0,0,5,78351.4285714286,15670.2857142857
10,4959,0,0,5,78351.4285714286,15670.2857142857
10,4959,0,0,5,78351.4285714286,15670.2857142857
10,4959,0,0,5,78351.4285714286,15670.2857142857
10,4979,182500,0,5,866314.285714286,173262.857142857
10,4995,0,0,3,568992.857142857,189664.285714286
10,4995,0,0,3,568992.857142857,189664.285714286
10,4995,0,0,3,568992.857142857,189664.285714286
10,4995,80000,0,3,568992.857142857,189664.285714286
10,4995,0,0,3,568992.857142857,189664.285714286
10,4995,0,0,3,568992.857142857,189664.285714286
11,4002,0,0,0.075,37235.7142857143,496476.19047619
11,4005,0,1800,10,10304467,1030446.7
11,4055,0,0,0.1,9154034.52380952,91540345.2380952
11,4062,504000,0,5,630735.144307744,126147.028861549
11,4072,1400000,0,1,-1852217.85714286,-1852217.85714286
11,4084,0,0,38.76952828,4106060,105909.465040311
11,4199,0,0,0.01875,88861.25,4739266.66666667
11,4365,520000,0,35,5117165.41151563,146204.726043304
11,4372,0,0,12,1727310.95238095,143942.579365079
11,4389,40000,0,0.00625,2317121.19047619,370739390.476191
11,4402,80000,0,50,3021489.04761905,60429.7809523809
11,4405,250000,0,0.0625,1754182.14285714,28066914.2857143
11,4429,80000,0,20,2189819.97619048,109490.998809524
11,4433,110000,0,0.02754822,678207.142857143,24618909.7828151
11,4485,0,0,8,473812.619047619,59226.5773809524
11,4495,0,0,21,3998261.36904762,190393.398526077
11,4572,150000,0,4,359543.204761905,89885.8011904762
11,4599,0,0,0.1836548,1617985.13075285,8809925.63631796
11,4599,5e+05,0,0.1836548,1617985.13075285,8809925.63631796
11,4619,5e+05,0,15,3802470.14285714,253498.00952381
11,4635,250000,0,5,1424775.04761905,284955.00952381
11,4639,0,0,6,4870923.80952381,811820.634920635
11,4672,0,0,0.1,147853.333333333,1478533.33333333
11,4699,3470000,0,6,1050609.32380952,175101.553968254
11,4755,0,0,10,162520,16252
11,4790,0,0,30,576856.844862155,19228.5614954052
11,4790,0,0,30,576856.844862155,19228.5614954052
11,4790,0,0,30,576856.844862155,19228.5614954052
11,4790,0,0,30,576856.844862155,19228.5614954052
11,4790,0,0,30,576856.844862155,19228.5614954052
11,4790,0,0,30,576856.844862155,19228.5614954052
11,4792,0,0,0.66115728,1731146.66666667,2618358.32264702
11,4792,0,0,0.66115728,1731146.66666667,2618358.32264702
11,4792,0,0,0.66115728,1731146.66666667,2618358.32264702
11,4792,0,0,0.66115728,1731146.66666667,2618358.32264702
11,4792,0,0,0.66115728,1731146.66666667,2618358.32264702
11,4792,0,0,0.66115728,1731146.66666667,2618358.32264702
11,4842,120000,0,7,415691.547619048,59384.5068027211
11,4862,0,0,6,601374.285714286,100229.047619048
11,4862,4e+05,0,6,601374.285714286,100229.047619048
11,4862,0,0,6,601374.285714286,100229.047619048
11,4862,0,0,6,601374.285714286,100229.047619048
11,4862,0,0,6,601374.285714286,100229.047619048
11,4862,0,0,6,601374.285714286,100229.047619048
11,4879,0,0,5,171895.714285714,34379.1428571429
11,4879,0,0,5,171895.714285714,34379.1428571429
11,4879,0,0,5,171895.714285714,34379.1428571429
11,4879,0,0,5,171895.714285714,34379.1428571429
11,4879,0,0,5,171895.714285714,34379.1428571429
11,4879,0,0,5,171895.714285714,34379.1428571429
11,4882,0,0,4,49466.6666666667,12366.6666666667
11,4882,0,0,4,49466.6666666667,12366.6666666667
11,4882,16000,0,4,49466.6666666667,12366.6666666667
11,4882,0,0,4,49466.6666666667,12366.6666666667
11,4882,0,0,4,49466.6666666667,12366.6666666667
11,4882,0,0,4,49466.6666666667,12366.6666666667
11,4885,0,0,5,631657.619047619,126331.523809524
11,4905,0,0,4,486914.583333333,121728.645833333
11,4959,0,0,12,1315465,109622.083333333
11,4959,0,0,12,1315465,109622.083333333
11,4959,0,0,12,1315465,109622.083333333
11,4959,0,0,12,1315465,109622.083333333
11,4959,0,0,12,1315465,109622.083333333
11,4959,0,0,12,1315465,109622.083333333
11,4995,0,0,1,1551957.14285714,1551957.14285714
11,4995,0,0,1,1551957.14285714,1551957.14285714
11,4995,0,0,1,1551957.14285714,1551957.14285714
11,4995,0,0,1,1551957.14285714,1551957.14285714
11,4995,0,0,1,1551957.14285714,1551957.14285714
11,4995,0,0,1,1551957.14285714,1551957.14285714
12,4002,0,0,0.025,439485.714285714,17579428.5714286
12,4005,0,0,0.05,31091.4285714286,621828.571428571
12,4079,0,0,28,7061760,252205.714285714
12,4162,0,0,0.09375,735000,7840000
12,4379,0,0,38,3097775,81520.3947368421
12,4385,80000,0,20,2914122.73809524,145706.136904762
12,4392,0,105000,0.01875,3733160.47619048,199101892.063492
12,4402,10000,0,40,2254712.0952381,56367.8023809524
12,4405,50000,0,30,1050914.28571429,35030.4761904762
12,4412,0,0,3,462193.809523809,154064.603174603
12,4415,0,0,0.00625,1379038.57142857,220646171.428571
12,4462,2e+06,0,16,3579940.5952381,223746.287202381
12,4479,905000,0,15,6683470.47619048,445564.698412698
12,4479,7e+05,0,15,6683470.47619048,445564.698412698
12,4509,150000,24000,5,187802.468304257,37560.4936608513
12,4515,2e+06,0,32,4372907.85714286,136653.370535714
12,4575,0,0,2,149169.333333333,74584.6666666667
12,4589,3e+05,0,10,106144.285714286,10614.4285714286
12,4595,40000,0,10,444456.428571429,44445.6428571429
12,4639,0,0,6,5563115.23809524,927185.873015873
12,4672,180000,0,0.0625,29877.619047619,478041.904761904
12,4672,11000,0,0.0625,29877.619047619,478041.904761904
12,4699,1500000,0,10,1517304.44594156,151730.444594156
12,4765,0,0,6,333521.666666667,55586.9444444444
12,4765,0,0,6,333521.666666667,55586.9444444444
12,4790,2e+05,0,34,-198283.209419534,-5831.85910057454
12,4819,1200000,0,12,1341061.07142857,111755.089285714
12,4822,60000,0,15,2281710.95238095,152114.063492063
12,4862,0,0,10,1078697.14285714,107869.714285714
12,4862,0,0,10,1078697.14285714,107869.714285714
12,4862,0,0,10,1078697.14285714,107869.714285714
12,4862,0,0,10,1078697.14285714,107869.714285714
12,4862,0,0,10,1078697.14285714,107869.714285714
12,4862,0,0,10,1078697.14285714,107869.714285714
12,4879,0,0,5,162139.285714286,32427.8571428571
12,4879,0,0,5,162139.285714286,32427.8571428571
12,4879,0,0,5,162139.285714286,32427.8571428571
12,4879,0,0,5,162139.285714286,32427.8571428571
12,4879,0,0,5,162139.285714286,32427.8571428571
12,4879,12000,0,5,162139.285714286,32427.8571428571
12,4885,0,0,1,151643.452380952,151643.452380952
12,4905,0,0,0.0375,257264.285714286,6860380.95238095
12,4942,3e+06,0,51,1500397.30532213,29419.5550063163
12,4959,0,0,10,3483623.57142857,348362.357142857
12,4959,0,0,10,3483623.57142857,348362.357142857
12,4959,0,0,10,3483623.57142857,348362.357142857
12,4959,0,0,10,3483623.57142857,348362.357142857
12,4959,0,0,10,3483623.57142857,348362.357142857
12,4959,0,0,10,3483623.57142857,348362.357142857
12,4985,0,0,2,-21642.8571428571,-10821.4285714286
12,4985,0,0,2,-21642.8571428571,-10821.4285714286
12,4985,0,0,2,-21642.8571428571,-10821.4285714286
12,4985,0,0,2,-21642.8571428571,-10821.4285714286
12,4985,0,0,2,-21642.8571428571,-10821.4285714286
12,4985,0,0,2,-21642.8571428571,-10821.4285714286
13,4009,0,0,0.11019288,1858308.69047619,16864144.8565115
13,4015,3e+05,0,0.025,-118500,-4740000
13,4105,0,0,0.01875,-5000,-266666.666666667
13,4192,40000,0,0.0375,2558344.24257143,68222513.1352381
13,4192,5e+05,0,0.0375,2558344.24257143,68222513.1352381
13,4369,0,0,15,5009555.19274407,333970.346182938
13,4369,2e+05,0,15,5009555.19274407,333970.346182938
13,4375,620000,0,35,3039652.71720117,86847.2204914619
13,4375,2506500,0,35,3039652.71720117,86847.2204914619
13,4385,2e+05,0,8,3105211.70744624,388151.46343078
13,4385,0,0,8,3105211.70744624,388151.46343078
13,4399,10000,28000,0.0125,2395651.42857143,191652114.285714
13,4402,0,0,4,483833.333333333,120958.333333333
13,4405,0,0,0.25,359719.047619048,1438876.19047619
13,4485,0,0,1350,3034556.68,2247.81976296296
13,4495,150000,0,0.075,4108300.73809524,54777343.1746032
13,4502,0,0,75,-67178.0952380952,-895.707936507936
13,4522,0,0,13,4108032.85714286,316002.527472527
13,4522,0,0,13,4108032.85714286,316002.527472527
13,4632,0,0,33,103480,3135.75757575758
13,4635,3345000,0,8,641137.533333333,80142.1916666667
13,4645,0,0,40,193181.893640013,4829.54734100033
13,4645,0,0,40,193181.893640013,4829.54734100033
13,4665,0,0,40,791206.689312402,19780.16723281
13,4672,50000,0,0.05,1615030,32300600
13,4672,4e+05,0,0.05,1615030,32300600
13,4672,0,0,0.05,1615030,32300600
13,4675,150000,0,8,1851253.80952381,231406.726190476
13,4699,1500000,0,0.05509644,94500,1715174.33794271
13,4729,360000,0,20,-130357.142857143,-6517.85714285714
13,4739,0,0,180,1057842.61904762,5876.90343915344
13,4792,0,0,0.5509644,1494939.04761905,2713313.32408963
13,4792,0,0,0.5509644,1494939.04761905,2713313.32408963
13,4792,0,0,0.5509644,1494939.04761905,2713313.32408963
13,4792,0,0,0.5509644,1494939.04761905,2713313.32408963
13,4792,0,0,0.5509644,1494939.04761905,2713313.32408963
13,4792,0,0,0.5509644,1494939.04761905,2713313.32408963
13,4825,0,0,40,3857906.42857143,96447.6607142857
13,4862,0,0,6,-19522.3809523809,-3253.73015873016
13,4862,0,0,6,-19522.3809523809,-3253.73015873016
13,4862,0,0,6,-19522.3809523809,-3253.73015873016
13,4862,0,0,6,-19522.3809523809,-3253.73015873016
13,4862,0,0,6,-19522.3809523809,-3253.73015873016
13,4862,0,0,6,-19522.3809523809,-3253.73015873016
13,4879,0,0,4,350782.380952381,87695.5952380952
13,4879,0,0,4,350782.380952381,87695.5952380952
13,4879,0,0,4,350782.380952381,87695.5952380952
13,4879,0,0,4,350782.380952381,87695.5952380952
13,4879,0,0,4,350782.380952381,87695.5952380952
13,4879,0,0,4,350782.380952381,87695.5952380952
13,4882,0,0,5,61400.4761904762,12280.0952380952
13,4882,0,0,5,61400.4761904762,12280.0952380952
13,4882,0,0,5,61400.4761904762,12280.0952380952
13,4882,0,0,5,61400.4761904762,12280.0952380952
13,4882,0,0,5,61400.4761904762,12280.0952380952
13,4882,0,0,5,61400.4761904762,12280.0952380952
13,4885,0,0,10,1277808.0952381,127780.80952381
13,4905,0,0,6,366205.357142857,61034.2261904762
13,4939,0,0,1,2784868.45238095,2784868.45238095
13,4959,0,0,7,2094455.5952381,299207.942176871
13,4959,0,0,7,2094455.5952381,299207.942176871
13,4959,0,0,7,2094455.5952381,299207.942176871
13,4959,0,0,7,2094455.5952381,299207.942176871
13,4959,0,0,7,2094455.5952381,299207.942176871
13,4959,0,0,7,2094455.5952381,299207.942176871
13,4995,0,0,3,615922.857142857,205307.619047619
13,4995,0,0,3,615922.857142857,205307.619047619
13,4995,50000,0,3,615922.857142857,205307.619047619
13,4995,0,0,3,615922.857142857,205307.619047619
13,4995,0,0,3,615922.857142857,205307.619047619
13,4995,0,0,3,615922.857142857,205307.619047619
14,4005,1.4e+07,0,0.05,1636241.27484384,32724825.4968768
14,4062,6e+05,0,0.03125,850000,27200000
14,4079,280000,0,1,-13000,-13000
14,4125,5000,0,0.00625,-150374.702380952,-24059952.3809524
14,4125,500,0,0.00625,-150374.702380952,-24059952.3809524
14,4132,0,0,0.00625,737433.928571429,117989428.571429
14,4152,3e+05,0,1,-26071.4285714286,-26071.4285714286
14,4205,20000,0,0.01875,-92238.8555613459,-4919405.62993845
14,4345,0,0,2,6871809.52380952,3435904.76190476
14,4365,0,0,40,3694733.33333333,92368.3333333333
14,4369,3e+05,0,33,3183284.64285714,96463.170995671
14,4385,380000,0,65,2625955.71428571,40399.3186813187
14,4389,3e+05,0,5,2012801.71428571,402560.342857143
14,4465,650000,0,25,6333258.92857143,253330.357142857
14,4479,35000,0,4,-47738.5357142857,-11934.6339285714
14,4525,10000,0,6,5271566.66666667,878594.444444444
14,4565,0,0,6,-242466.666666667,-40411.1111111111
14,4575,0,0,10,6844185.03571429,684418.503571429
14,4582,0,0,6,624661.666666667,104110.277777778
14,4585,0,0,150,1816145.23809524,12107.6349206349
14,4589,15000,0,5,828127.142857143,165625.428571429
14,4609,30000,0,5,536350,107270
14,4615,0,0,100,1405917.73809524,14059.1773809524
14,4615,0,0,100,1405917.73809524,14059.1773809524
14,4615,650000,0,100,1405917.73809524,14059.1773809524
14,4615,9e+05,0,100,1405917.73809524,14059.1773809524
14,4615,50000,0,100,1405917.73809524,14059.1773809524
14,4615,0,0,100,1405917.73809524,14059.1773809524
14,4619,35000,0,13,757122.380952381,58240.1831501831
14,4622,0,0,17,4394899.64285714,258523.508403361
14,4622,450000,0,17,4394899.64285714,258523.508403361
14,4655,160000,0,3,6607245.71428572,2202415.23809524
14,4672,45000,0,0.0625,1254841.07142857,20077457.1428571
14,4672,1e+05,0,0.0625,1254841.07142857,20077457.1428571
14,4755,150000,0,4,2705671.78571429,676417.946428571
14,4755,4e+05,0,4,2705671.78571429,676417.946428571
14,4765,1e+05,0,10,2342776.01190476,234277.601190476
14,4790,50000,0,36,1683719.64285714,46769.9900793651
14,4792,0,0,0.05509644,1838322.77269601,33365545.445332
14,4792,0,0,0.05509644,1838322.77269601,33365545.445332
14,4792,0,0,0.05509644,1838322.77269601,33365545.445332
14,4792,0,0,0.05509644,1838322.77269601,33365545.445332
14,4792,0,0,0.05509644,1838322.77269601,33365545.445332
14,4792,0,0,0.05509644,1838322.77269601,33365545.445332
14,4862,0,0,8,2039.28571428568,254.91071428571
14,4862,0,0,8,2039.28571428568,254.91071428571
14,4862,0,0,8,2039.28571428568,254.91071428571
14,4862,0,0,8,2039.28571428568,254.91071428571
14,4862,0,0,8,2039.28571428568,254.91071428571
14,4862,0,0,8,2039.28571428568,254.91071428571
14,4879,0,0,6,416972.142857143,69495.3571428571
14,4879,0,0,6,416972.142857143,69495.3571428571
14,4879,0,0,6,416972.142857143,69495.3571428571
14,4879,0,0,6,416972.142857143,69495.3571428571
14,4879,0,0,6,416972.142857143,69495.3571428571
14,4879,0,0,6,416972.142857143,69495.3571428571
14,4882,0,0,3,230616.19047619,76872.0634920635
14,4882,0,0,3,230616.19047619,76872.0634920635
14,4882,0,0,3,230616.19047619,76872.0634920635
14,4882,0,0,3,230616.19047619,76872.0634920635
14,4882,0,0,3,230616.19047619,76872.0634920635
14,4882,0,0,3,230616.19047619,76872.0634920635
14,4885,0,0,7,818170,116881.428571429
14,4905,0,0,4,667045.714285714,166761.428571429
14,4925,93000,0,0.125,285047.619047619,2280380.95238095
14,4959,0,0,6,604246.666666667,100707.777777778
14,4959,0,0,6,604246.666666667,100707.777777778
14,4959,0,0,6,604246.666666667,100707.777777778
14,4959,0,0,6,604246.666666667,100707.777777778
14,4959,0,0,6,604246.666666667,100707.777777778
14,4959,0,0,6,604246.666666667,100707.777777778
14,4979,250000,0,25,392021.428571429,15680.8571428571
14,4985,0,0,10,855203.333333333,85520.3333333333
14,4985,0,0,10,855203.333333333,85520.3333333333
14,4985,0,0,10,855203.333333333,85520.3333333333
14,4985,0,0,10,855203.333333333,85520.3333333333
14,4985,0,0,10,855203.333333333,85520.3333333333
14,4985,0,0,10,855203.333333333,85520.3333333333
14,4995,110000,0,5,163809.523809524,32761.9047619048
14,4995,0,0,5,163809.523809524,32761.9047619048
14,4995,0,0,5,163809.523809524,32761.9047619048
14,4995,0,0,5,163809.523809524,32761.9047619048
14,4995,0,0,5,163809.523809524,32761.9047619048
14,4995,0,0,5,163809.523809524,32761.9047619048
15,4009,150000,0,5,0,0
15,4081,0,0,2,133923.714285714,66961.8571428571
15,4134,0,0,5,460916.666666667,92183.3333333333
15,4335,90000,0,3,346416.666666667,115472.222222222
15,4355,0,0,0.05,6340394.64285714,126807892.857143
15,4369,0,0,0.1,3939794.76190476,39397947.6190476
15,4379,208000,0,5,2266668.0952381,453333.619047619
15,4389,650000,0,15,4214365.52380952,280957.701587302
15,4439,3e+05,0,1,-108250,-108250
15,4442,250000,0,0.22038576,399828.571428571,1814221.44256767
15,4455,0,0,4,75306.6666666667,18826.6666666667
15,4495,70000,0,0.10625,4518766.78571429,42529569.7478992
15,4502,0,0,2,2852285.71428571,1426142.85714286
15,4502,0,0,2,2852285.71428571,1426142.85714286
15,4525,2e+05,0,9,3569259.04761905,396584.338624339
15,4592,0,0,13,1079437.85714286,83033.6813186813
15,4595,40000,0,5,238724.071428571,47744.8142857143
15,4622,0,0,8,1717006.54761905,214625.818452381
15,4645,0,0,0.09375,1447605.99206349,15441130.5820106
15,4675,470000,0,7,1560269.52380952,222895.646258503
15,4739,0,0,3,533853.809523809,177951.26984127
15,4755,0,0,2,2434033.33333333,1217016.66666667
15,4799,0,0,0.16528932,6674,40377.6844142138
15,4862,0,0,5,154757.142857143,30951.4285714286
15,4862,0,0,5,154757.142857143,30951.4285714286
15,4862,0,0,5,154757.142857143,30951.4285714286
15,4862,0,0,5,154757.142857143,30951.4285714286
15,4862,0,0,5,154757.142857143,30951.4285714286
15,4862,0,0,5,154757.142857143,30951.4285714286
15,4879,0,0,4,-81134.2857142857,-20283.5714285714
15,4879,0,0,4,-81134.2857142857,-20283.5714285714
15,4879,0,0,4,-81134.2857142857,-20283.5714285714
15,4879,0,0,4,-81134.2857142857,-20283.5714285714
15,4879,0,0,4,-81134.2857142857,-20283.5714285714
15,4879,0,0,4,-81134.2857142857,-20283.5714285714
15,4882,0,0,6,104931.428571429,17488.5714285714
15,4882,0,0,6,104931.428571429,17488.5714285714
15,4882,0,0,6,104931.428571429,17488.5714285714
15,4882,0,0,6,104931.428571429,17488.5714285714
15,4882,0,0,6,104931.428571429,17488.5714285714
15,4882,0,0,6,104931.428571429,17488.5714285714
15,4885,0,0,8,721851.428571429,90231.4285714286
15,4905,0,0,2,280922.738095238,140461.369047619
15,4942,0,0,3,2493285.71428571,831095.238095238
15,4959,0,0,5,168852.857142857,33770.5714285714
15,4959,0,0,5,168852.857142857,33770.5714285714
15,4959,0,0,5,168852.857142857,33770.5714285714
15,4959,0,0,5,168852.857142857,33770.5714285714
15,4959,0,0,5,168852.857142857,33770.5714285714
15,4959,0,0,5,168852.857142857,33770.5714285714
15,4995,0,0,4,1141464.28571429,285366.071428571
15,4995,0,0,4,1141464.28571429,285366.071428571
15,4995,50000,0,4,1141464.28571429,285366.071428571
15,4995,0,0,4,1141464.28571429,285366.071428571
15,4995,0,0,4,1141464.28571429,285366.071428571
15,4995,0,0,4,1141464.28571429,285366.071428571
16,4005,0,0,0.01875,1892972.74720418,100958546.517557
16,4049,0,0,0.00625,1303784.71428571,208605554.285714
16,4059,780000,0,2,-227901.785714286,-113950.892857143
16,4069,45000,0,1,5574128.80952381,5574128.80952381
16,4079,470000,0,2,474583.333333333,237291.666666667
16,4134,35000,0,2,780000,390000
16,4139,0,0,1,3899995.0515873,3899995.0515873
16,4369,0,0,17,5636901.53095238,331582.442997199
16,4389,0,0,18,3660746.66666667,203374.814814815
16,4399,0,0,0.025,3758439.67661909,150337587.064764
16,4402,0,0,0.05,2363307.04761905,47266140.9523809
16,4402,0,0,0.05,2363307.04761905,47266140.9523809
16,4415,0,0,5,3178332.59047619,635666.518095238
16,4433,0,0,0.07346192,391828.571428571,5333764.36973838
16,4433,70000,0,0.07346192,391828.571428571,5333764.36973838
16,4442,25000,0,0.07346192,-73088.5714285714,-994917.79453316
16,4479,1e+05,0,15,4926767.5,328451.166666667
16,4499,20000,0,0.02754822,1273693.33333333,46235050.1532706
16,4519,0,0,2,378550.880952381,189275.44047619
16,4539,3e+05,0,10,8307462.38095238,830746.238095238
16,4539,850000,0,10,8307462.38095238,830746.238095238
16,4605,55000,0,20,1283281.66666667,64164.0833333333
16,4605,0,0,20,1283281.66666667,64164.0833333333
16,4755,3e+05,0,23,1084724.16666667,47161.9202898551
16,4755,1e+05,0,23,1084724.16666667,47161.9202898551
16,4755,30000,0,23,1084724.16666667,47161.9202898551
16,4765,0,0,0.03125,245833.316422799,7866666.12552957
16,4790,0,0,80,1126572.66666667,14082.1583333333
16,4825,0,0,30,1051667.5,35055.5833333333
16,4842,130000,0,5,433980.952380952,86796.1904761905
16,4879,0,0,5,124526.666666667,24905.3333333333
16,4879,0,0,5,124526.666666667,24905.3333333333
16,4879,0,0,5,124526.666666667,24905.3333333333
16,4879,0,0,5,124526.666666667,24905.3333333333
16,4879,0,0,5,124526.666666667,24905.3333333333
16,4879,0,0,5,124526.666666667,24905.3333333333
16,4882,0,0,3,-142105.714285714,-47368.5714285714
16,4882,0,0,3,-142105.714285714,-47368.5714285714
16,4882,0,0,3,-142105.714285714,-47368.5714285714
16,4882,0,0,3,-142105.714285714,-47368.5714285714
16,4882,0,0,3,-142105.714285714,-47368.5714285714
16,4882,32000,0,3,-142105.714285714,-47368.5714285714
16,4885,0,0,7,755152.380952381,107878.911564626
16,4905,0,0,2,325877.380952381,162938.69047619
16,4939,470000,0,140,5783150.51960784,41308.2179971989
16,4962,0,0,0.025,-117321.428571429,-4692857.14285714
17,4002,0,0,0.0625,338761.666666667,5420186.66666667
17,4005,0,0,0.25,120133.333333333,480533.333333333
17,4049,0,0,0.01875,476009.233333333,25387159.1111111
17,4062,0,0,16,2423195.22857143,151449.701785714
17,4359,10000,0,0.05625,1136433.33333333,20203259.2592593
17,4369,1e+05,0,12,2408281.78571429,200690.148809524
17,4372,0,0,18,2655933.33333333,147551.851851852
17,4375,0,0,0.0375,246548.5,6574626.66666667
17,4379,1600000,0,12,3054737.93576517,254561.494647097
17,4385,5e+06,0,10,3449022.38095238,344902.238095238
17,4405,0,0,16,3103522.97619048,193970.186011905
17,4462,0,0,0.2125,2961313.14285714,13935591.2605042
17,4465,8e+05,0,19,2411750.95238095,126934.260651629
17,4482,0,0,200,3569714.76190476,17848.5738095238
17,4495,4e+05,0,0.09375,4332985.16666667,46218508.4444444
17,4579,0,0,12,4011205.71428571,334267.142857143
17,4592,360000,0,0.1836548,262256.666666667,1427986.99879702
17,4612,2e+05,0,25,1190441.9047619,47617.6761904762
17,4622,0,0,27,6433476.19047619,238276.895943563
17,4665,5200000,0,216,775670.317493107,3591.06628469031
17,4672,0,0,12,403285.833333333,33607.1527777778
17,4755,4e+05,0,50,2769428.78571429,55388.5757142857
17,4755,3e+05,0,50,2769428.78571429,55388.5757142857
17,4790,0,0,10,694746.666666667,69474.6666666667
17,4792,1e+05,0,0.459137,2105440.95238095,4585648.62422535
17,4792,2e+05,0,0.459137,2105440.95238095,4585648.62422535
17,4822,58000,0,14,1278314.04761905,91308.1462585034
17,4859,0,0,7,121243.095238095,17320.4421768707
17,4862,0,0,4,-91250,-22812.5
17,4862,0,0,4,-91250,-22812.5
17,4862,0,0,4,-91250,-22812.5
17,4862,0,0,4,-91250,-22812.5
17,4862,0,0,4,-91250,-22812.5
17,4862,0,0,4,-91250,-22812.5
17,4879,0,0,4,312043.095238095,78010.7738095238
17,4879,0,0,4,312043.095238095,78010.7738095238
17,4879,0,0,4,312043.095238095,78010.7738095238
17,4879,0,0,4,312043.095238095,78010.7738095238
17,4879,0,0,4,312043.095238095,78010.7738095238
17,4879,0,0,4,312043.095238095,78010.7738095238
17,4882,0,0,1,-19201.9047619048,-19201.9047619048
17,4882,0,0,1,-19201.9047619048,-19201.9047619048
17,4882,0,0,1,-19201.9047619048,-19201.9047619048
17,4882,0,0,1,-19201.9047619048,-19201.9047619048
17,4882,0,0,1,-19201.9047619048,-19201.9047619048
17,4882,0,0,1,-19201.9047619048,-19201.9047619048
17,4885,0,0,6,464688.571428571,77448.0952380952
17,4905,0,0,6,221989.404761905,36998.2341269841
17,4959,0,0,12,962022.619047619,80168.5515873016
17,4959,0,0,12,962022.619047619,80168.5515873016
17,4959,0,0,12,962022.619047619,80168.5515873016
17,4959,0,0,12,962022.619047619,80168.5515873016
17,4959,0,0,12,962022.619047619,80168.5515873016
17,4959,0,0,12,962022.619047619,80168.5515873016
17,4985,0,0,2,-26642.8571428571,-13321.4285714286
17,4985,0,0,2,-26642.8571428571,-13321.4285714286
17,4985,0,0,2,-26642.8571428571,-13321.4285714286
17,4985,0,0,2,-26642.8571428571,-13321.4285714286
17,4985,0,0,2,-26642.8571428571,-13321.4285714286
17,4985,0,0,2,-26642.8571428571,-13321.4285714286
17,4995,0,0,6,192949.047619048,32158.1746031746
17,4995,0,0,6,192949.047619048,32158.1746031746
17,4995,0,0,6,192949.047619048,32158.1746031746
17,4995,40000,0,6,192949.047619048,32158.1746031746
17,4995,0,0,6,192949.047619048,32158.1746031746
17,4995,0,0,6,192949.047619048,32158.1746031746
18,4355,0,0,0.125,6153367.61904762,49226940.952381
18,4372,1e+05,8000,18,5047277.61904762,280404.312169312
18,4379,6500000,0,22,7151896.66666667,325086.212121212
18,4389,0,0,7,2167186.66666667,309598.095238095
18,4405,0,0,0.125,5401929,43215432
18,4433,2400000,0,0.0459137,964944.285714286,21016478.4304965
18,4433,0,0,0.0459137,964944.285714286,21016478.4304965
18,4435,1e+05,0,0.42240604,995573.809523809,2356911.86973512
18,4485,0,0,7,-12739.9047619048,-1819.98639455783
18,4592,0,0,60,5412700.73809524,90211.678968254
18,4605,1e+05,0,0.01875,1380245.93571429,73613116.5714286
18,4622,1500000,0,11,6139981.19047619,558180.108225108
18,4629,0,0,15,1210778.17857143,80718.5452380952
18,4629,0,0,15,1210778.17857143,80718.5452380952
18,4662,0,0,3,381425,127141.666666667
18,4755,640000,0,21,3745791.42857143,178371.020408163
18,4755,6e+05,0,21,3745791.42857143,178371.020408163
18,4762,0,0,10,464540.833333333,46454.0833333333
18,4790,0,16000,7,2110932.85714286,301561.836734694
18,4792,0,0,1.2855836,2602486.78571429,2024362.15405539
18,4792,0,0,1.2855836,2602486.78571429,2024362.15405539
18,4792,0,0,1.2855836,2602486.78571429,2024362.15405539
18,4792,0,0,1.2855836,2602486.78571429,2024362.15405539
18,4792,0,0,1.2855836,2602486.78571429,2024362.15405539
18,4792,0,0,1.2855836,2602486.78571429,2024362.15405539
18,4819,0,0,38,3858270,101533.421052632
18,4825,160000,0,36,2498574.28571429,69404.8412698413
18,4862,0,0,5,139611.428571429,27922.2857142857
18,4862,0,0,5,139611.428571429,27922.2857142857
18,4862,0,0,5,139611.428571429,27922.2857142857
18,4862,0,0,5,139611.428571429,27922.2857142857
18,4862,0,0,5,139611.428571429,27922.2857142857
18,4862,0,0,5,139611.428571429,27922.2857142857
18,4865,0,0,1,-211200,-211200
18,4879,0,0,3,91562.8571428571,30520.9523809524
18,4879,0,0,3,91562.8571428571,30520.9523809524
18,4879,0,0,3,91562.8571428571,30520.9523809524
18,4879,0,0,3,91562.8571428571,30520.9523809524
18,4879,0,0,3,91562.8571428571,30520.9523809524
18,4879,0,0,3,91562.8571428571,30520.9523809524
18,4905,0,0,6,402895.119047619,67149.1865079365
18,4959,0,0,10,1223409.76190476,122340.976190476
18,4959,0,0,10,1223409.76190476,122340.976190476
18,4959,0,0,10,1223409.76190476,122340.976190476
18,4959,0,0,10,1223409.76190476,122340.976190476
18,4959,0,0,10,1223409.76190476,122340.976190476
18,4959,0,0,10,1223409.76190476,122340.976190476
18,4962,288000,0,0.6887055,-67785.7142857143,-98424.819150877
18,4995,0,0,2,50192.8571428571,25096.4285714286
18,4995,0,0,2,50192.8571428571,25096.4285714286
18,4995,0,0,2,50192.8571428571,25096.4285714286
18,4995,0,0,2,50192.8571428571,25096.4285714286
18,4995,40000,0,2,50192.8571428571,25096.4285714286
18,4995,0,0,2,50192.8571428571,25096.4285714286
19,4205,0,0,0.09375,0,0
19,4355,0,0,7,2034117.85714286,290588.265306122
19,4379,1e+06,0,20,4462573.33333333,223128.666666667
19,4379,5e+05,0,20,4462573.33333333,223128.666666667
19,4385,1500000,0,9,12610586.3095238,1401176.25661376
19,4389,0,0,68,9176687.64577259,134951.288908421
19,4389,0,0,68,9176687.64577259,134951.288908421
19,4412,4e+05,0,1,302504.523809524,302504.523809524
19,4455,350000,0,14,1647320.71428571,117665.765306122
19,4492,0,0,1,1957360.47619048,1957360.47619048
19,4522,0,0,21,560333.095238095,26682.5283446712
19,4535,20000,2500,19,4514104.16666667,237584.429824561
19,4539,8e+05,0,8,8066892.5,1008361.5625
19,4539,0,0,8,8066892.5,1008361.5625
19,4539,350000,0,8,8066892.5,1008361.5625
19,4552,650000,0,8,1146768.57142857,143346.071428571
19,4552,3e+05,0,8,1146768.57142857,143346.071428571
19,4595,0,0,12,510260.892857143,42521.7410714286
19,4595,0,0,12,510260.892857143,42521.7410714286
19,4629,0,0,20,122601.666666667,6130.08333333333
19,4645,0,0,45,17794456.8095238,395432.373544974
19,4672,0,0,0.0125,3364760.35714286,269180828.571429
19,4672,0,0,0.0125,3364760.35714286,269180828.571429
19,4739,0,0,1,-65000,-65000
19,4815,150000,0,0.00918274,3042200.71428571,331295529.90564
19,4815,3e+05,0,0.00918274,3042200.71428571,331295529.90564
19,4825,160000,0,32,2937411.19047619,91794.099702381
19,4825,250000,0,32,2937411.19047619,91794.099702381
19,4862,0,0,4,69993.2142857143,17498.3035714286
19,4862,0,0,4,69993.2142857143,17498.3035714286
19,4862,0,0,4,69993.2142857143,17498.3035714286
19,4862,0,0,4,69993.2142857143,17498.3035714286
19,4862,0,0,4,69993.2142857143,17498.3035714286
19,4862,0,0,4,69993.2142857143,17498.3035714286
19,4879,0,0,6,1440886.66666667,240147.777777778
19,4879,0,0,6,1440886.66666667,240147.777777778
19,4879,0,0,6,1440886.66666667,240147.777777778
19,4879,0,0,6,1440886.66666667,240147.777777778
19,4879,0,0,6,1440886.66666667,240147.777777778
19,4879,0,0,6,1440886.66666667,240147.777777778
19,4885,0,0,4,563489.285714286,140872.321428571
19,4905,0,0,5,387057.142857143,77411.4285714286
19,4925,4000,0,4,-31285.7142857143,-7821.42857142857
19,4979,360000,0,25,-158661.428571429,-6346.45714285714
19,4985,0,0,3,177000,59000
19,4985,0,0,3,177000,59000
19,4985,0,0,3,177000,59000
19,4985,0,0,3,177000,59000
19,4985,0,0,3,177000,59000
19,4985,0,0,3,177000,59000
2,4009,0,0,6,0,0
2,4069,50000,0,35,1834043.0952381,52401.231292517
2,4159,15000,0,5,171935.714285714,34387.1428571429
2,4372,5e+06,0,13,3149166.66666667,242243.58974359
2,4375,0,0,20,1544360,77218
2,4375,0,0,20,1544360,77218
2,4379,0,0,9,2504883.33333333,278320.37037037
2,4385,0,0,6,12702323.5238095,2117053.92063492
2,4405,0,0,10,975173.809523809,97517.3809523809
2,4422,6e+05,0,13,6995171.42857143,538090.10989011
2,4439,0,0,2,1120647.61904762,560323.80952381
2,4489,0,0,25,530259.523809524,21210.380952381
2,4509,355000,2000,50,103232.833333333,2064.65666666667
2,4509,2e+05,2000,50,103232.833333333,2064.65666666667
2,4535,0,0,18,5047808.0952381,280433.783068783
2,4542,1e+05,0,4,35461.6904761905,8865.42261904762
2,4559,85000,0,0.125,6326190.47619048,50609523.8095238
2,4642,2200000,0,40,1118538.80952381,27963.4702380952
2,4672,40000,0,0.01875,607416.666666667,32395555.5555556
2,4859,0,0,2,104321.428571429,52160.7142857143
2,4862,0,0,14,1682566.19047619,120183.299319728
2,4862,0,0,14,1682566.19047619,120183.299319728
2,4862,0,0,14,1682566.19047619,120183.299319728
2,4862,0,0,14,1682566.19047619,120183.299319728
2,4862,0,0,14,1682566.19047619,120183.299319728
2,4862,0,0,14,1682566.19047619,120183.299319728
2,4879,0,0,4,184393.571428571,46098.3928571429
2,4879,0,0,4,184393.571428571,46098.3928571429
2,4879,0,0,4,184393.571428571,46098.3928571429
2,4879,0,0,4,184393.571428571,46098.3928571429
2,4879,0,0,4,184393.571428571,46098.3928571429
2,4879,0,0,4,184393.571428571,46098.3928571429
2,4882,0,0,4,-45457.6190476191,-11364.4047619048
2,4882,0,0,4,-45457.6190476191,-11364.4047619048
2,4882,0,0,4,-45457.6190476191,-11364.4047619048
2,4882,0,0,4,-45457.6190476191,-11364.4047619048
2,4882,0,0,4,-45457.6190476191,-11364.4047619048
2,4882,0,0,4,-45457.6190476191,-11364.4047619048
2,4885,0,0,5,467909.523809524,93581.9047619048
2,4905,0,0,7,524767.619047619,74966.8027210884
2,4995,0,0,6,1113402.85714286,185567.142857143
2,4995,0,0,6,1113402.85714286,185567.142857143
2,4995,0,0,6,1113402.85714286,185567.142857143
2,4995,0,0,6,1113402.85714286,185567.142857143
2,4995,0,0,6,1113402.85714286,185567.142857143
2,4995,0,0,6,1113402.85714286,185567.142857143
20,4005,0,0,0.125,2162668.57142857,17301348.5714286
20,4005,8e+05,0,0.125,2162668.57142857,17301348.5714286
20,4079,60000,0,0.01836548,546575,29760997.2622551
20,4079,120000,0,0.01836548,546575,29760997.2622551
20,4105,110000,0,0.0459137,-12800,-278783.892389418
20,4134,160000,0,0.00625,36000,5760000
20,4139,0,0,0.0125,248152.25,19852180
20,4139,0,0,0.0125,248152.25,19852180
20,4149,0,0,20,15229633.8095238,761481.690476191
20,4149,349000,0,20,15229633.8095238,761481.690476191
20,4355,0,0,15,3553560.47619048,236904.031746032
20,4375,10000,0,15,2904799.76190476,193653.317460317
20,4379,3e+06,0,75,8771654.53898389,116955.393853119
20,4379,0,0,75,8771654.53898389,116955.393853119
20,4385,350000,0,20,2435443.33333333,121772.166666667
20,4389,150000,0,32,3271442.73585572,102232.585495491
20,4389,150000,0,32,3271442.73585572,102232.585495491
20,4389,0,0,32,3271442.73585572,102232.585495491
20,4389,0,0,32,3271442.73585572,102232.585495491
20,4399,0,12000,2,2842686.96991271,1421343.48495635
20,4402,0,0,0.1,140246.916666667,1402469.16666667
20,4402,48000,0,0.1,140246.916666667,1402469.16666667
20,4405,0,0,14,2101282.5,150091.607142857
20,4415,0,0,15,732412.619047619,48827.5079365079
20,4429,0,0,0.01836548,2405077.17415625,130956401.583637
20,4429,0,0,0.01836548,2405077.17415625,130956401.583637
20,4492,590000,0,20,2068591.9047619,103429.595238095
20,4495,0,0,8,2087877.67857143,260984.709821429
20,4509,0,0,3,885320,295106.666666667
20,4522,0,0,9,386185.460855849,42909.4956506499
20,4535,0,0,8,3429480.47619048,428685.05952381
20,4555,7e+05,0,50,2229436.28595083,44588.7257190165
20,4565,0,0,1,21626.6666666667,21626.6666666667
20,4565,0,0,1,21626.6666666667,21626.6666666667
20,4582,1.4e+07,0,15,2009379.52380952,133958.634920635
20,4595,0,0,26,586806,22569.4615384615
20,4599,0,0,0.2754822,1191782.14285714,4326167.50867077
20,4599,0,0,0.2754822,1191782.14285714,4326167.50867077
20,4599,0,0,0.2754822,1191782.14285714,4326167.50867077
20,4635,708000,0,1,688153.333333333,688153.333333333
20,4645,0,0,0.125,1271677.61904762,10173420.952381
20,4652,450000,0,11,1016044.16666667,92367.6515151515
20,4672,5e+05,0,0.15,338205.583333333,2254703.88888889
20,4729,5500000,0,30,0,0
20,4739,0,0,4,1510454.52380952,377613.630952381
20,4745,0,0,20,3359458.33333333,167972.916666667
20,4772,0,0,5,859115.357142857,171823.071428571
20,4772,50000,0,5,859115.357142857,171823.071428571
20,4842,45000,0,6,306149.047619048,51024.8412698413
20,4862,0,0,3,507925.714285714,169308.571428571
20,4862,0,0,3,507925.714285714,169308.571428571
20,4862,0,0,3,507925.714285714,169308.571428571
20,4862,0,0,3,507925.714285714,169308.571428571
20,4862,0,0,3,507925.714285714,169308.571428571
20,4862,0,0,3,507925.714285714,169308.571428571
20,4879,0,0,7,746584.761904762,106654.965986395
20,4879,0,0,7,746584.761904762,106654.965986395
20,4879,0,0,7,746584.761904762,106654.965986395
20,4879,0,0,7,746584.761904762,106654.965986395
20,4879,0,0,7,746584.761904762,106654.965986395
20,4879,0,0,7,746584.761904762,106654.965986395
20,4885,0,0,9,793199.642857143,88133.2936507937
20,4905,0,0,4,188751.785714286,47187.9464285714
20,4979,0,0,25,-309191.428571429,-12367.6571428571
20,4995,0,0,1,-128450,-128450
20,4995,0,0,1,-128450,-128450
20,4995,0,0,1,-128450,-128450
20,4995,80000,0,1,-128450,-128450
20,4995,0,0,1,-128450,-128450
20,4995,0,0,1,-128450,-128450
21,4369,4e+05,0,15,2028003.80952381,135200.253968254
21,4372,1500000,0,19,2606887.14285714,137204.586466165
21,4419,0,0,4,2127814.28571429,531953.571428571
21,4442,0,0,0.00918274,-85642.8571428571,-9326503.54282678
21,4472,60000,0,20,70500,3525
21,4589,60000,0,20,7479995.14285714,373999.757142857
21,4589,3e+05,0,20,7479995.14285714,373999.757142857
21,4629,0,0,16,737389.880952381,46086.8675595238
21,4652,0,0,0.03125,1023807.62081529,32761843.8660892
21,4689,250000,0,10,1218244.57677285,121824.457677285
21,4729,0,0,20,0,0
21,4790,0,0,0.16528932,283826.666666667,1717150.67051317
21,4790,0,0,0.16528932,283826.666666667,1717150.67051317
21,4790,0,0,0.16528932,283826.666666667,1717150.67051317
21,4790,0,0,0.16528932,283826.666666667,1717150.67051317
21,4790,0,0,0.16528932,283826.666666667,1717150.67051317
21,4790,0,0,0.16528932,283826.666666667,1717150.67051317
21,4882,0,0,7,-533387.619047619,-76198.231292517
21,4882,0,0,7,-533387.619047619,-76198.231292517
21,4882,0,0,7,-533387.619047619,-76198.231292517
21,4882,0,0,7,-533387.619047619,-76198.231292517
21,4882,0,0,7,-533387.619047619,-76198.231292517
21,4882,0,0,7,-533387.619047619,-76198.231292517
21,4959,0,0,6,893709.285714286,148951.547619048
21,4959,0,0,6,893709.285714286,148951.547619048
21,4959,0,0,6,893709.285714286,148951.547619048
21,4959,0,0,6,893709.285714286,148951.547619048
21,4959,0,0,6,893709.285714286,148951.547619048
21,4959,0,0,6,893709.285714286,148951.547619048
21,4995,0,0,4,1734857.14285714,433714.285714286
21,4995,0,0,4,1734857.14285714,433714.285714286
21,4995,0,0,4,1734857.14285714,433714.285714286
21,4995,0,0,4,1734857.14285714,433714.285714286
21,4995,2e+05,0,4,1734857.14285714,433714.285714286
21,4995,0,0,4,1734857.14285714,433714.285714286
22,4369,150000,0,0.15625,10704406.6428571,68508202.5142857
22,4369,0,0,0.15625,10704406.6428571,68508202.5142857
22,4579,0,0,40,1449626.78571429,36240.6696428571
22,4579,0,0,40,1449626.78571429,36240.6696428571
22,4612,2e+06,0,40,12122024.1702727,303050.604256817
22,4790,0,0,48,437500,9114.58333333333
22,4790,0,0,48,437500,9114.58333333333
22,4790,0,0,48,437500,9114.58333333333
22,4790,0,0,48,437500,9114.58333333333
22,4790,0,0,48,437500,9114.58333333333
22,4790,0,0,48,437500,9114.58333333333
23,4369,0,0,21,6883862.68394115,327802.984949579
23,4369,150000,0,21,6883862.68394115,327802.984949579
23,4639,0,0,2,383710,191855
24,4369,0,0,25,5358484.04761905,214339.361904762
24,4750,1e+05,0,2,134220.833333333,67110.4166666667
25,4055,1e+06,0,0.01875,3763633.80952381,200727136.507936
25,4605,3e+05,0,0.225,543207.334910302,2414254.82182356
25,4629,0,0,2,427377.869921175,213688.934960588
25,4645,3500000,0,16,1073398.86360352,67087.42897522
25,4790,0,0,8,741899.7,92737.4625
25,4790,0,0,8,741899.7,92737.4625
25,4790,0,0,8,741899.7,92737.4625
3,4009,0,0,0.05509644,2519400.37325628,45727099.1239412
3,4012,0,0,0.01875,1460000,77866666.6666667
3,4059,8e+06,0,4,-419640.501253133,-104910.125313283
3,4062,0,0,4,3488267.58380392,872066.895950979
3,4102,0,0,0.03125,387800,12409600
3,4132,0,0,0.01875,207078.571428571,11044190.4761905
3,4349,2e+05,0,40,-1060857.14285714,-26521.4285714286
3,4365,5000,0,0.0375,2014836.66666667,53728977.7777778
3,4369,60000,0,12,5583572.14285714,465297.678571429
3,4405,0,0,0.15625,1778202.14285714,11380493.7142857
3,4479,1300000,0,4,525355.476190476,131338.869047619
3,4485,0,0,150,488251.785714286,3255.01190476191
3,4495,1100000,0,4.4077152,4279567.17857143,970926.428860791
3,4552,1e+05,0,45,2478222.85714286,55071.6190476191
3,4585,80000,0,30,4634384.28571429,154479.476190476
3,4622,5e+05,0,28,4947061.9047619,176680.782312925
3,4635,162000,0,8,2410076.00952381,301259.501190476
3,4649,2e+06,0,50,4594507.85714286,91890.1571428571
3,4652,550000,0,8,2117924,264740.5
3,4750,90000,0,2,410324.70180421,205162.350902105
3,4750,2e+05,0,2,410324.70180421,205162.350902105
3,4862,0,0,12,754365.714285714,62863.8095238095
3,4862,0,0,12,754365.714285714,62863.8095238095
3,4862,0,0,12,754365.714285714,62863.8095238095
3,4862,0,0,12,754365.714285714,62863.8095238095
3,4862,0,0,12,754365.714285714,62863.8095238095
3,4862,0,0,12,754365.714285714,62863.8095238095
3,4879,0,0,6,482571.857142857,80428.6428571429
3,4879,0,0,6,482571.857142857,80428.6428571429
3,4879,0,0,6,482571.857142857,80428.6428571429
3,4879,0,0,6,482571.857142857,80428.6428571429
3,4879,0,0,6,482571.857142857,80428.6428571429
3,4879,0,0,6,482571.857142857,80428.6428571429
3,4882,0,0,4,-27252.5170782915,-6813.12926957287
3,4882,0,0,4,-27252.5170782915,-6813.12926957287
3,4882,0,0,4,-27252.5170782915,-6813.12926957287
3,4882,0,0,4,-27252.5170782915,-6813.12926957287
3,4882,0,0,4,-27252.5170782915,-6813.12926957287
3,4882,16000,0,4,-27252.5170782915,-6813.12926957287
3,4885,0,0,6,665047.380952381,110841.23015873
3,4905,0,0,6,472018.857142857,78669.8095238095
3,4932,1e+06,0,0.03673096,801917.346428572,21832191.329292
3,4962,0,0,0.09375,56154.2857142857,598979.047619048
3,4995,0,0,7,2459666.66666667,351380.952380952
3,4995,0,0,7,2459666.66666667,351380.952380952
3,4995,0,0,7,2459666.66666667,351380.952380952
3,4995,0,0,7,2459666.66666667,351380.952380952
3,4995,0,0,7,2459666.66666667,351380.952380952
3,4995,0,0,7,2459666.66666667,351380.952380952
4,4002,0,0,0.05509644,7707404.28571429,139889333.788431
4,4002,0,0,0.05509644,7707404.28571429,139889333.788431
4,4049,0,0,10,2857023.71428571,285702.371428571
4,4081,0,0,2,377195.714285714,188597.857142857
4,4139,4e+05,0,0.16875,-59558.6666666667,-352940.24691358
4,4139,0,0,0.16875,-59558.6666666667,-352940.24691358
4,4139,30000,0,0.16875,-59558.6666666667,-352940.24691358
4,4345,5e+05,0,6,-111875,-18645.8333333333
4,4359,30000,0,0.10101014,2215970.23809524,21938096.8890375
4,4372,80000,0,10,1847228.57142857,184722.857142857
4,4379,1950000,0,0.16528932,7902689.04761905,47811250.2829526
4,4389,4e+05,0,0.01836548,3586059.14241662,195260844.933899
4,4405,1e+05,0,0.1375,2195535.71428571,15967532.4675325
4,4412,0,0,23,4324665.71428571,188028.944099379
4,4422,0,0,4,1380284.76190476,345071.19047619
4,4433,0,0,0.2754822,1893875.79759828,6874766.4916219
4,4492,0,0,650,6994773.99243281,10761.1907575889
4,4495,5e+05,0,2,867282.380952381,433641.190476191
4,4495,50000,0,2,867282.380952381,433641.190476191
4,4509,1e+05,0,7,550407.666666667,78629.6666666666
4,4509,0,0,7,550407.666666667,78629.6666666666
4,4522,0,0,29,1038763.18558502,35819.4201925869
4,4572,3e+05,0,2,2760121.38471178,1380060.69235589
4,4572,90000,0,2,2760121.38471178,1380060.69235589
4,4622,0,0,7,367595.357142857,52513.6224489796
4,4642,0,0,20,154273.80952381,7713.69047619048
4,4689,20000,0,10,257964.285714286,25796.4285714286
4,4772,64000,0,6,573367.5,95561.25
4,4792,0,0,0.66115728,1358074.28571429,2054086.56426544
4,4815,1e+05,0,0.24793398,8607195.23809524,34715674.0600673
4,4815,2e+05,0,0.24793398,8607195.23809524,34715674.0600673
4,4822,130000,0,6,4770219.04761905,795036.507936508
4,4862,0,0,6,-142103.80952381,-23683.9682539683
4,4862,0,0,6,-142103.80952381,-23683.9682539683
4,4862,0,0,6,-142103.80952381,-23683.9682539683
4,4862,0,0,6,-142103.80952381,-23683.9682539683
4,4862,0,0,6,-142103.80952381,-23683.9682539683
4,4862,0,0,6,-142103.80952381,-23683.9682539683
4,4879,0,0,8,3139378.0952381,392422.261904762
4,4879,0,0,8,3139378.0952381,392422.261904762
4,4879,0,0,8,3139378.0952381,392422.261904762
4,4879,0,0,8,3139378.0952381,392422.261904762
4,4879,0,0,8,3139378.0952381,392422.261904762
4,4879,0,0,8,3139378.0952381,392422.261904762
4,4882,0,0,5,-26229.0476190476,-5245.80952380952
4,4882,0,0,5,-26229.0476190476,-5245.80952380952
4,4882,0,0,5,-26229.0476190476,-5245.80952380952
4,4882,0,0,5,-26229.0476190476,-5245.80952380952
4,4882,0,0,5,-26229.0476190476,-5245.80952380952
4,4882,0,0,5,-26229.0476190476,-5245.80952380952
4,4885,0,0,4,345419.285714286,86354.8214285714
4,4905,0,0,4,439720.357142857,109930.089285714
4,4995,0,0,2,408928.571428571,204464.285714286
4,4995,0,0,2,408928.571428571,204464.285714286
4,4995,0,0,2,408928.571428571,204464.285714286
4,4995,0,0,2,408928.571428571,204464.285714286
4,4995,60000,0,2,408928.571428571,204464.285714286
4,4995,0,0,2,408928.571428571,204464.285714286
5,4039,30000,0,0.00625,382135.5,61141680
5,4075,0,0,0.03673096,2834858.54761905,77178994.1678368
5,4369,350000,0,9,3003315.83333333,333701.759259259
5,4379,1300000,0,20,4445666.66666667,222283.333333333
5,4382,2e+05,0,45,981304.166666667,21806.7592592593
5,4382,14200000,0,45,981304.166666667,21806.7592592593
5,4385,350000,0,25,5857616.66666667,234304.666666667
5,4385,2345000,0,25,5857616.66666667,234304.666666667
5,4389,2350000,0,0.00918274,17829785.7142857,1941662914.80383
5,4392,2e+05,14000,6,7075036.72619048,1179172.78769841
5,4395,0,0,75,4436883.45238095,59158.446031746
5,4405,0,0,0.125,2644116.42857143,21152931.4285714
5,4465,0,0,14,2103986.42857143,150284.744897959
5,4492,4e+05,0,1,-169527.380952381,-169527.380952381
5,4495,2e+06,0,19,6300927.85714286,331627.781954887
5,4495,5e+05,0,19,6300927.85714286,331627.781954887
5,4535,0,0,3,1989958.80952381,663319.603174603
5,4595,70000,0,2,1165445.71428571,582722.857142857
5,4622,5500000,0,15,4228101.25,281873.416666667
5,4685,1e+06,0,1,1065018.0952381,1065018.0952381
5,4759,0,0,0.125,2416709.52380952,19333676.1904762
5,4765,30000,0,2,340929.285714286,170464.642857143
5,4815,8e+05,0,0.00918274,834585.714285714,90886349.2035835
5,4825,120000,12000,50,1970238.9719888,39404.7794397759
5,4825,250000,12000,50,1970238.9719888,39404.7794397759
5,4862,0,0,10,-6241.90476190478,-624.190476190478
5,4862,0,0,10,-6241.90476190478,-624.190476190478
5,4862,0,0,10,-6241.90476190478,-624.190476190478
5,4862,0,0,10,-6241.90476190478,-624.190476190478
5,4862,0,0,10,-6241.90476190478,-624.190476190478
5,4862,0,0,10,-6241.90476190478,-624.190476190478
5,4879,0,0,5,354215.119047619,70843.0238095238
5,4879,0,0,5,354215.119047619,70843.0238095238
5,4879,0,0,5,354215.119047619,70843.0238095238
5,4879,0,0,5,354215.119047619,70843.0238095238
5,4879,0,0,5,354215.119047619,70843.0238095238
5,4879,0,0,5,354215.119047619,70843.0238095238
5,4885,0,0,6,701481.428571429,116913.571428571
5,4905,0,0,3,185600.595238095,61866.8650793651
5,4979,240000,0,1,-254876.19047619,-254876.19047619
5,4995,20000,0,6,222604.285714286,37100.7142857143
5,4995,0,0,6,222604.285714286,37100.7142857143
5,4995,30000,0,6,222604.285714286,37100.7142857143
5,4995,0,0,6,222604.285714286,37100.7142857143
5,4995,0,0,6,222604.285714286,37100.7142857143
5,4995,0,0,6,222604.285714286,37100.7142857143
6,4009,0,0,0.03673096,2827558.65881423,76980254.7718391
6,4105,1e+06,0,0.00625,-30000,-4800000
6,4139,20000,0,0.025,-68431.6666666667,-2737266.66666667
6,4345,70000,0,5,-620067.857142857,-124013.571428571
6,4355,0,0,0.09375,2888411.42857143,30809721.9047619
6,4369,1e+05,0,49,11757759.7051424,239954.279696783
6,4369,250000,0,49,11757759.7051424,239954.279696783
6,4372,0,0,20,4426780,221339
6,4379,0,0,10,1516616.66666667,151661.666666667
6,4382,60000,0,15,1191158.57142857,79410.5714285714
6,4392,0,0,0.06875,1133195.59689953,16482845.0458114
6,4405,0,0,0.0625,4004098.57142857,64065577.1428571
6,4415,0,0,9,-649993.611853879,-72221.5124282088
6,4415,0,0,9,-649993.611853879,-72221.5124282088
6,4419,0,12000,12,3251795.71428571,270982.976190476
6,4419,1300000,12000,12,3251795.71428571,270982.976190476
6,4435,0,0,0.3673096,2674102.63005645,7280241.60015543
6,4435,0,0,0.3673096,2674102.63005645,7280241.60015543
6,4455,0,0,6,640271.547619048,106711.924603175
6,4465,0,0,13,1097536.66666667,84425.8974358974
6,4535,0,0,20,4894211.46990386,244710.573495193
6,4539,80000,0,30,7570663.57142857,252355.452380952
6,4539,350000,0,30,7570663.57142857,252355.452380952
6,4579,60000,0,0.05509644,258375.599161009,4689515.3146194
6,4659,3e+05,0,1,102200,102200
6,4672,0,0,1,352496.833333333,352496.833333333
6,4675,0,0,12,526944.96031746,43912.080026455
6,4685,350000,0,10,653170.242486173,65317.0242486173
6,4689,2e+05,0,3000,1870500,623.5
6,4765,55000,0,0.05,-672408.956736909,-13448179.1347382
6,4772,30000,0,4,1663093.163066,415773.2907665
6,4792,0,40000,10,2493888.14285714,249388.814285714
6,4792,1e+05,40000,10,2493888.14285714,249388.814285714
6,4879,0,0,8,176965.952380952,22120.744047619
6,4879,0,0,8,176965.952380952,22120.744047619
6,4879,0,0,8,176965.952380952,22120.744047619
6,4879,0,0,8,176965.952380952,22120.744047619
6,4879,0,0,8,176965.952380952,22120.744047619
6,4879,0,0,8,176965.952380952,22120.744047619
6,4882,0,0,5,71269.6428571429,14253.9285714286
6,4882,0,0,5,71269.6428571429,14253.9285714286
6,4882,0,0,5,71269.6428571429,14253.9285714286
6,4882,0,0,5,71269.6428571429,14253.9285714286
6,4882,16000,0,5,71269.6428571429,14253.9285714286
6,4882,0,0,5,71269.6428571429,14253.9285714286
6,4885,0,0,4,514260.952380952,128565.238095238
6,4905,0,0,0.025,316548.80952381,12661952.3809524
6,4952,0,0,1,-29267.8571428571,-29267.8571428571
6,4995,0,0,2,229071.428571429,114535.714285714
6,4995,0,0,2,229071.428571429,114535.714285714
6,4995,50000,0,2,229071.428571429,114535.714285714
6,4995,0,0,2,229071.428571429,114535.714285714
6,4995,0,0,2,229071.428571429,114535.714285714
6,4995,0,0,2,229071.428571429,114535.714285714
7,4199,120000,0,0.00625,216589.333333333,34654293.3333333
7,4359,0,0,2,106060,53030
7,4369,0,0,0.0375,2610580.33333333,69615475.5555556
7,4379,0,0,10,417239.285714286,41723.9285714286
7,4405,0,0,11,589355,53577.7272727273
7,4415,0,0,13,496339.285714286,38179.9450549451
7,4415,0,0,13,496339.285714286,38179.9450549451
7,4433,0,0,1.6528932,3224407.61904762,1950765.85652819
7,4439,0,0,10,58546.6666666667,5854.66666666667
7,4479,0,35000,20,943178.333333333,47158.9166666667
7,4489,290000,0,3,-41002.1428571429,-13667.380952381
7,4492,0,0,50,-253111.666666667,-5062.23333333333
7,4509,0,0,30,1109903.33333333,36996.7777777778
7,4529,0,0,15,3252682.29396196,216845.48626413
7,4559,1500000,0,1.875,1389514.4916814,741074.395563412
7,4569,0,0,17,1384626.25,81448.6029411765
7,4582,30000,0,51,5393715.08947368,105759.119401445
7,4622,75000,0,8,2069825.07142857,258728.133928571
7,4622,280000,0,8,2069825.07142857,258728.133928571
7,4625,0,0,12,3951553.80952381,329296.150793651
7,4632,360000,0,3,736075.75,245358.583333333
7,4659,5e+05,0,20,-523013.3,-26150.665
7,4675,820000,0,6,-79950,-13325
7,4675,180000,0,6,-79950,-13325
7,4825,220000,0,29,2977664.16666667,102678.074712644
7,4825,115000,0,29,2977664.16666667,102678.074712644
7,4862,0,0,13,270277.857142857,20790.6043956044
7,4862,0,0,13,270277.857142857,20790.6043956044
7,4862,0,0,13,270277.857142857,20790.6043956044
7,4862,0,0,13,270277.857142857,20790.6043956044
7,4862,0,0,13,270277.857142857,20790.6043956044
7,4862,0,0,13,270277.857142857,20790.6043956044
7,4879,0,0,6,247666.666666667,41277.7777777778
7,4879,0,0,6,247666.666666667,41277.7777777778
7,4879,0,0,6,247666.666666667,41277.7777777778
7,4879,0,0,6,247666.666666667,41277.7777777778
7,4879,0,0,6,247666.666666667,41277.7777777778
7,4879,0,0,6,247666.666666667,41277.7777777778
7,4882,0,0,3,214447.380952381,71482.4603174603
7,4882,0,0,3,214447.380952381,71482.4603174603
7,4882,0,0,3,214447.380952381,71482.4603174603
7,4882,0,0,3,214447.380952381,71482.4603174603
7,4882,0,0,3,214447.380952381,71482.4603174603
7,4882,0,0,3,214447.380952381,71482.4603174603
7,4885,0,0,5,1368137.14285714,273627.428571429
7,4905,0,0,0.01875,193872.857142857,10339885.7142857
7,4995,0,0,2,1601416.66666667,800708.333333333
7,4995,0,0,2,1601416.66666667,800708.333333333
7,4995,40000,0,2,1601416.66666667,800708.333333333
7,4995,0,0,2,1601416.66666667,800708.333333333
7,4995,0,0,2,1601416.66666667,800708.333333333
7,4995,0,0,2,1601416.66666667,800708.333333333
8,4005,0,0,0.025,819996.666666667,32799866.6666667
8,4009,0,0,0.03673096,1028626.66666667,28004350.1903208
8,4152,60000,0,0.00625,2392594.28571429,382815085.714286
8,4192,0,0,0.00625,272685.335714286,43629653.7142857
8,4199,25000,0,0.00625,212865.866666667,34058538.6666667
8,4209,9e+05,0,3,239000,79666.6666666667
8,4209,2250000,0,3,239000,79666.6666666667
8,4342,0,0,5,-2000,-400
8,4355,0,0,10,2231996.66666667,223199.666666667
8,4379,0,0,4,1441230,360307.5
8,4385,0,0,15,2365280.71428571,157685.380952381
8,4389,0,0,0.00918274,4470152.14285714,486799380.452582
8,4405,50000,0,19,1333232.14285714,70170.1127819549
8,4415,0,0,7,-810769.761904762,-115824.25170068
8,4479,494000,0,34,904933.80952381,26615.700280112
8,4479,2e+06,0,34,904933.80952381,26615.700280112
8,4529,0,0,21,1680767.85714286,80036.5646258503
8,4539,5e+05,0,40,11729995.8333333,293249.895833333
8,4595,0,0,25,316500,12660
8,4595,1e+06,0,25,316500,12660
8,4645,0,0,0.375,1122271.68559888,2992724.49493033
8,4645,0,0,0.375,1122271.68559888,2992724.49493033
8,4675,0,0,16,-13881.6666666667,-867.604166666667
8,4755,0,0,0.00625,-59000,-9440000
8,4755,0,0,0.00625,-59000,-9440000
8,4755,0,0,0.00625,-59000,-9440000
8,4772,68000,0,5,382925.833333333,76585.1666666667
8,4779,250000,0,3,452868.809523809,150956.26984127
8,4790,0,0,10,2136370,213637
8,4790,0,0,10,2136370,213637
8,4790,0,0,10,2136370,213637
8,4790,0,0,10,2136370,213637
8,4790,0,0,10,2136370,213637
8,4790,0,0,10,2136370,213637
8,4832,450000,0,0.00918274,3172758.38285714,345513254.525027
8,4862,0,0,5,-11163.3333333333,-2232.66666666667
8,4862,0,0,5,-11163.3333333333,-2232.66666666667
8,4862,0,0,5,-11163.3333333333,-2232.66666666667
8,4862,0,0,5,-11163.3333333333,-2232.66666666667
8,4862,0,0,5,-11163.3333333333,-2232.66666666667
8,4862,0,0,5,-11163.3333333333,-2232.66666666667
8,4879,0,0,6,306318.095238095,51053.0158730159
8,4879,0,0,6,306318.095238095,51053.0158730159
8,4879,0,0,6,306318.095238095,51053.0158730159
8,4879,0,0,6,306318.095238095,51053.0158730159
8,4879,0,0,6,306318.095238095,51053.0158730159
8,4879,0,0,6,306318.095238095,51053.0158730159
8,4882,0,0,5,-78214.2857142857,-15642.8571428571
8,4882,0,0,5,-78214.2857142857,-15642.8571428571
8,4882,0,0,5,-78214.2857142857,-15642.8571428571
8,4882,0,0,5,-78214.2857142857,-15642.8571428571
8,4882,0,0,5,-78214.2857142857,-15642.8571428571
8,4882,0,0,5,-78214.2857142857,-15642.8571428571
8,4885,0,0,5,533665.238095238,106733.047619048
8,4905,0,0,0.025,312325.595238095,12493023.8095238
9,4002,0,0,0.0125,586997.5,46959800
9,4002,0,0,0.0125,586997.5,46959800
9,4009,0,0,10,3891546.19047619,389154.619047619
9,4049,0,0,0.00625,920864.595238095,147338335.238095
9,4079,54000,0,6,2464900,410816.666666667
9,4182,0,0,0.0125,-12000,-960000
9,4202,0,0,1,248827.933333333,248827.933333333
9,4379,0,0,21,3932615.54901961,187267.407096172
9,4385,0,0,6,2368205.23809524,394700.873015873
9,4389,0,0,0.00918274,2190903.33333333,238589280.904538
9,4399,0,0,12,2065006.66666667,172083.888888889
9,4405,0,0,0.03125,1665423.57142857,53293554.2857143
9,4412,0,0,22,4431151.42857143,201415.974025974
9,4433,430000,14000,9.38476028,3013500,321105.697971009
9,4462,0,0,0.075,8281802.38095238,110424031.746032
9,4479,0,0,450,1582925.95238095,3517.61322751323
9,4485,0,0,10,437935.714285714,43793.5714285714
9,4489,350000,0,20,14399.5238095238,719.976190476188
9,4539,3e+05,0,26,4618244.88095238,177624.803113553
9,4552,0,0,30,1037529.28571429,34584.3095238095
9,4552,58000,0,30,1037529.28571429,34584.3095238095
9,4555,0,0,0.03125,4574149.04761905,146372769.52381
9,4572,250000,0,9,1388140,154237.777777778
9,4582,0,0,57,146347.619047619,2567.50208855472
9,4595,790000,0,13,0,0
9,4605,3200000,0,14,899995.238095238,64285.3741496599
9,4635,30000,0,15,1357908.04,90527.2026666667
9,4675,120000,0,3,-48108.3333333333,-16036.1111111111
9,4682,3e+05,0,0.6427918,2092200,3254864.17219386
9,4755,0,0,2,2215214.28571429,1107607.14285714
9,4755,9e+05,0,2,2215214.28571429,1107607.14285714
9,4772,3e+05,0,4,315140.214285714,78785.0535714286
9,4792,0,0,0.05509644,311859.523809524,5660248.17228706
9,4792,0,0,0.05509644,311859.523809524,5660248.17228706
9,4792,0,0,0.05509644,311859.523809524,5660248.17228706
9,4792,0,0,0.05509644,311859.523809524,5660248.17228706
9,4792,0,0,0.05509644,311859.523809524,5660248.17228706
9,4792,0,0,0.05509644,311859.523809524,5660248.17228706
9,4822,360000,0,8,5923455.71428571,740431.964285714
9,4879,0,0,3,44005,14668.3333333333
9,4879,0,0,3,44005,14668.3333333333
9,4879,0,0,3,44005,14668.3333333333
9,4879,0,0,3,44005,14668.3333333333
9,4879,0,0,3,44005,14668.3333333333
9,4879,0,0,3,44005,14668.3333333333
9,4882,0,0,4,593528.095238095,148382.023809524
9,4882,0,0,4,593528.095238095,148382.023809524
9,4882,0,0,4,593528.095238095,148382.023809524
9,4882,0,0,4,593528.095238095,148382.023809524
9,4882,0,0,4,593528.095238095,148382.023809524
9,4882,0,0,4,593528.095238095,148382.023809524
9,4885,0,0,8,856054.523809524,107006.81547619
9,4905,0,0,3,522267.321428571,174089.107142857
9,4959,0,0,6,247482.142857143,41247.0238095238
9,4959,0,0,6,247482.142857143,41247.0238095238
9,4959,0,0,6,247482.142857143,41247.0238095238
9,4959,0,0,6,247482.142857143,41247.0238095238
9,4959,0,0,6,247482.142857143,41247.0238095238
9,4959,0,0,6,247482.142857143,41247.0238095238
9,4985,0,0,2,-112128.571428571,-56064.2857142857
9,4985,0,0,2,-112128.571428571,-56064.2857142857
9,4985,0,0,2,-112128.571428571,-56064.2857142857
9,4985,0,0,2,-112128.571428571,-56064.2857142857
9,4985,0,0,2,-112128.571428571,-56064.2857142857
9,4985,0,0,2,-112128.571428571,-56064.2857142857
