"","clust","nh","land_in_acre","agri1c","profit_per_acre"
"1",4002,11,0.075,37235.7142857143,496476.19047619
"2",4002,12,0.025,439485.714285714,17579428.5714286
"3",4002,17,0.0625,338761.666666667,5420186.66666667
"4",4002,4,0.05509644,7707404.28571429,139889333.788431
"5",4002,9,0.0125,586997.5,46959800
"6",4005,1,0.05,2092506.66666667,41850133.3333333
"7",4005,11,10,10304467,1030446.7
"8",4005,12,0.05,31091.4285714286,621828.571428571
"9",4005,14,0.05,1636241.27484384,32724825.4968768
"10",4005,16,0.01875,1892972.74720418,100958546.517557
"11",4005,17,0.25,120133.333333333,480533.333333333
"12",4005,19,0.125,3196010.47619048,25568083.8095238
"13",4005,20,0.125,2162668.57142857,17301348.5714286
"14",4005,8,0.025,819996.666666667,32799866.6666667
"15",4009,1,5,1153542.5,230708.5
"16",4009,13,0.11019288,1858308.69047619,16864144.8565115
"17",4009,15,5,0,0
"18",4009,2,6,0,0
"19",4009,3,0.05509644,2519400.37325628,45727099.1239412
"20",4009,6,0.03673096,2827558.65881423,76980254.7718391
"21",4009,8,0.03673096,1028626.66666667,28004350.1903208
"22",4009,9,10,3891546.19047619,389154.619047619
"23",4012,3,0.01875,1460000,77866666.6666667
"24",4015,13,0.025,-118500,-4740000
"25",4019,15,6,3363961.42857143,560660.238095238
"26",4019,20,0.00625,613066.666666667,98090666.6666667
"27",4039,4,0.00918274,858770.882238096,93520112.976965
"28",4039,5,0.00625,382135.5,61141680
"29",4039,7,0.00625,557110.666666667,89137706.6666667
"30",4039,9,0.00625,940015.714285714,150402514.285714
"31",4042,10,191,1109875.22619048,5810.86505858888
"32",4042,16,0.0625,-54990,-879840
"33",4042,18,20,170947.471453896,8547.37357269478
"34",4042,2,30,197729.916666667,6590.99722222222
"35",4044,1,5,2386810.71428571,477362.142857143
"36",4044,11,4,642641.428571429,160660.357142857
"37",4044,12,15,-54700,-3646.66666666667
"38",4044,15,2,6514.28571428571,3257.14285714286
"39",4044,16,1,36694.2857142857,36694.2857142857
"40",4044,17,6,113114.285714286,18852.380952381
"41",4044,18,4,968274.285714286,242068.571428571
"42",4044,19,12,899818.571428571,74984.880952381
"43",4044,20,1,702.857142857141,702.857142857141
"44",4044,5,6,251714.285714286,41952.380952381
"45",4049,16,0.00625,1303784.71428571,208605554.285714
"46",4049,17,0.01875,476009.233333333,25387159.1111111
"47",4049,4,10,2857023.71428571,285702.371428571
"48",4049,5,0.0625,679908.866666667,10878541.8666667
"49",4049,9,0.00625,920864.595238095,147338335.238095
"50",4055,10,1,493698.571428571,493698.571428571
"51",4055,11,0.1,9154034.52380952,91540345.2380952
"52",4055,12,0.01875,971315.714285714,51803504.7619048
"53",4055,13,0.00625,3282588.0952381,525214095.238095
"54",4055,18,0.00625,3808783.33333333,609405333.333333
"55",4055,2,0.0125,4442301.42857143,355384114.285714
"56",4055,25,0.01875,3763633.80952381,200727136.507936
"57",4059,1,3,-170000,-56666.6666666667
"58",4059,10,4,-196000,-49000
"59",4059,11,3,-92990.5172413793,-30996.8390804598
"60",4059,14,2,773414.285714286,386707.142857143
"61",4059,16,2,-227901.785714286,-113950.892857143
"62",4059,2,4,-85107.1428571429,-21276.7857142857
"63",4059,3,4,-419640.501253133,-104910.125313283
"64",4059,7,4,-122000,-30500
"65",4059,8,6,-159821.428571429,-26636.9047619048
"66",4059,9,10,-795120.40018315,-79512.040018315
"67",4062,10,3,-104000,-34666.6666666667
"68",4062,11,5,630735.144307744,126147.028861549
"69",4062,12,3,38000,12666.6666666667
"70",4062,14,0.03125,850000,27200000
"71",4062,16,5,625000,125000
"72",4062,17,16,2423195.22857143,151449.701785714
"73",4062,20,1,-20175,-20175
"74",4062,3,4,3488267.58380392,872066.895950979
"75",4062,6,1,-34986.6666666667,-34986.6666666667
"76",4062,7,2,1e+05,50000
"77",4062,8,5,-28000,-5600
"78",4065,1,3,376292.380952381,125430.793650794
"79",4065,14,250,76770.7246376812,307.082898550725
"80",4065,15,2,1028145.83333333,514072.916666667
"81",4065,2,2,471647.619047619,235823.80952381
"82",4065,3,63,1162942.85714286,18459.410430839
"83",4065,7,0.05625,703548.75,12507533.3333333
"84",4065,9,200,670659.285714286,3353.29642857143
"85",4069,10,0.3673096,2627970,7154645.56330681
"86",4069,16,1,5574128.80952381,5574128.80952381
"87",4069,2,35,1834043.0952381,52401.231292517
"88",4069,3,0.2295685,334050,1455121.2383232
"89",4069,9,0.16528932,1258444,7613583.26115686
"90",4072,11,1,-1852217.85714286,-1852217.85714286
"91",4072,4,1,-98525.7142857143,-98525.7142857143
"92",4075,10,0.05509644,5197714.23809524,94338477.0067765
"93",4075,11,0.00918274,2463675.66666667,268294176.538448
"94",4075,12,0.00918274,2538648.80952381,276458748.644066
"95",4075,13,0.00918274,3732024.28571429,406417287.837213
"96",4075,14,0.00918274,5096872.35714286,555049185.443872
"97",4075,15,0.02754822,1732012.0952381,62872014.7885452
"98",4075,18,0.01836548,2897429.85714286,157764994.824141
"99",4075,19,0.02754822,17156926.9047619,622796206.243522
"100",4075,20,0.01836548,7878264.14285714,428971316.995643
"101",4075,5,0.03673096,2834858.54761905,77178994.1678368
"102",4075,6,0.01836548,1990728.57142857,108395128.873766
"103",4075,9,0.03673096,2923334.28571429,79587745.2077018
"104",4079,1,13,926268.333333333,71251.4102564103
"105",4079,10,2,179000,89500
"106",4079,12,28,7061760,252205.714285714
"107",4079,13,15,394475.974920635,26298.3983280423
"108",4079,14,1,-13000,-13000
"109",4079,15,0.125,680950,5447600
"110",4079,16,2,474583.333333333,237291.666666667
"111",4079,17,0.2295685,456000,1986335.2332746
"112",4079,18,3,563500,187833.333333333
"113",4079,19,3,255500,85166.6666666667
"114",4079,20,0.01836548,546575,29760997.2622551
"115",4079,4,2,465600,232800
"116",4079,5,8,123000,15375
"117",4079,6,1,80300,80300
"118",4079,8,1,621128.671561772,621128.671561772
"119",4079,9,6,2464900,410816.666666667
"120",4081,1,2,485790.843894739,242895.421947369
"121",4081,11,2,171351.190476191,85675.5952380953
"122",4081,12,2,3657754.52380952,1828877.26190476
"123",4081,13,11,211513.571428571,19228.5064935065
"124",4081,14,2,75810,37905
"125",4081,15,2,133923.714285714,66961.8571428571
"126",4081,18,2,31671.4285714286,15835.7142857143
"127",4081,19,4,745355,186338.75
"128",4081,2,13,715470,55036.1538461538
"129",4081,20,0.0125,195369.166666667,15629533.3333333
"130",4081,3,0.01875,-8151907.14285714,-434768380.952381
"131",4081,4,2,377195.714285714,188597.857142857
"132",4081,5,2,-78064.4047619048,-39032.2023809524
"133",4081,7,6,401283.333333333,66880.5555555555
"134",4081,9,3,417894.523809524,139298.174603175
"135",4084,11,38.76952828,4106060,105909.465040311
"136",4089,17,0.02754822,-126560.476190476,-4594143.51237489
"137",4089,2,2,-108764.55952381,-54382.2797619048
"138",4089,3,1,2768.78571428571,2768.78571428571
"139",4092,10,0.3673096,58119.5238095238,158230.342494516
"140",4092,17,0.11019288,-14501.9047619048,-131604.734914858
"141",4092,20,0.918274,195577.407142857,212983.714166858
"142",4092,9,0.6427918,0,0
"143",4099,11,1.6528932,739579.15,447445.213036148
"144",4102,3,0.03125,387800,12409600
"145",4105,13,0.01875,-5000,-266666.666666667
"146",4105,20,0.0459137,-12800,-278783.892389418
"147",4105,6,0.00625,-30000,-4800000
"148",4112,10,0.15,5633083.72619048,37553891.5079365
"149",4112,11,0.03125,297230.066666667,9511362.13333333
"150",4112,5,0.1,2919829.61852914,29198296.1852914
"151",4112,7,0.01875,1417252.47619048,75586798.7301587
"152",4115,13,0.00625,21399.3333333333,3423893.33333333
"153",4119,14,1,-3451796,-3451796
"154",4119,20,0.00625,424973.333333333,67995733.3333333
"155",4119,9,1,27119.5,27119.5
"156",4122,10,0.04375,170200,3890285.71428571
"157",4122,11,0.0625,1429652.38095238,22874438.0952381
"158",4122,14,0.025,153300,6132000
"159",4122,17,0.01875,69000,3680000
"160",4122,19,0.05,21291.6666666667,425833.333333333
"161",4122,2,0.0375,166222.496941138,4432599.91843033
"162",4122,20,0.03125,268806.071428571,8601794.28571429
"163",4122,4,0.0375,109946.25,2931900
"164",4122,5,0.0375,305747.023809524,8153253.96825397
"165",4122,7,0.01875,162014.285714286,8640761.9047619
"166",4122,9,0.03125,357728.571428571,11447314.2857143
"167",4125,14,0.00625,-150374.702380952,-24059952.3809524
"168",4132,1,0.01875,112583.333333333,6004444.44444444
"169",4132,11,0.0125,779926.785714286,62394142.8571429
"170",4132,12,0.025,-4262.5,-170500
"171",4132,13,0.00625,1744178.57142857,279068571.428571
"172",4132,14,0.00625,737433.928571429,117989428.571429
"173",4132,16,0.00625,891033.475018808,142565356.003009
"174",4132,17,0.0125,190147.619047619,15211809.5238095
"175",4132,18,0.00625,550117.857142857,88018857.1428571
"176",4132,19,0.00625,70137.5,11222000
"177",4132,2,6,211891.88192047,35315.3136534116
"178",4132,20,0.0625,5101.90476190476,81630.4761904762
"179",4132,3,0.01875,207078.571428571,11044190.4761905
"180",4132,4,0.025,136790.007253004,5471600.29012016
"181",4132,5,0.01875,675944.047619048,36050349.2063492
"182",4132,7,0.00625,149832.5,23973200
"183",4132,8,0.0125,107178.333333333,8574266.66666666
"184",4132,9,0.075,389336.904761905,5191158.73015873
"185",4134,11,0.00625,100957.142857143,16153142.8571429
"186",4134,12,0.0375,803257.142857143,21420190.4761905
"187",4134,13,0.0125,-48814.2857142857,-3905142.85714286
"188",4134,14,2,18000,9000
"189",4134,15,5,460916.666666667,92183.3333333333
"190",4134,16,2,780000,390000
"191",4134,17,0.0125,699142.857142857,55931428.5714286
"192",4134,18,2,-67285.7142857143,-33642.8571428571
"193",4134,2,4,140500,35125
"194",4134,20,0.00625,36000,5760000
"195",4134,4,0.0125,-28430.9523809524,-2274476.19047619
"196",4134,5,0.03125,1560800,49945600
"197",4134,6,0.04375,215888.69047619,4934598.63945578
"198",4134,7,0.025,496944.642857143,19877785.7142857
"199",4134,8,0.01875,117500,6266666.66666667
"200",4134,9,0.01875,4571.42857142857,243809.523809524
"201",4139,16,1,3899995.0515873,3899995.0515873
"202",4139,20,0.0125,248152.25,19852180
"203",4139,3,0.00625,27430.6666666667,4388906.66666667
"204",4139,4,0.16875,-59558.6666666667,-352940.24691358
"205",4139,6,0.025,-68431.6666666667,-2737266.66666667
"206",4149,1,24,4222448.33333333,175935.347222222
"207",4149,11,8,843001.904761905,105375.238095238
"208",4149,15,6,825753.333333333,137625.555555556
"209",4149,17,1,861042.857142857,861042.857142857
"210",4149,18,10,193800,19380
"211",4149,20,20,15229633.8095238,761481.690476191
"212",4149,24,2,125406.071428571,62703.0357142857
"213",4149,3,8,219305.714285714,27413.2142857143
"214",4149,5,2,0,0
"215",4149,7,0.03673096,318023.333333333,8658181.90794178
"216",4152,1,200,-5681739.32751727,-28408.6966375863
"217",4152,10,0.03673096,-166032.142857143,-4520223.3444795
"218",4152,14,1,-26071.4285714286,-26071.4285714286
"219",4152,23,1,-254155.714285714,-254155.714285714
"220",4152,8,0.00625,2392594.28571429,382815085.714286
"221",4155,19,0.00918274,4866.66666666667,529979.795427799
"222",4155,7,0.05509644,-55000,-998249.614675649
"223",4155,9,0.459137,-5410,-11782.9754517715
"224",4159,2,5,171935.714285714,34387.1428571429
"225",4159,7,1,0,0
"226",4162,12,0.09375,735000,7840000
"227",4182,9,0.0125,-12000,-960000
"228",4185,4,5,0,0
"229",4189,18,0.00625,-21585,-3453600
"230",4192,1,0.09375,1044772.26190476,11144237.4603175
"231",4192,13,0.0375,2558344.24257143,68222513.1352381
"232",4192,3,0.1875,1115431.35714286,5948967.23809524
"233",4192,8,0.00625,272685.335714286,43629653.7142857
"234",4199,10,0.11875,357224.166666667,3008203.50877193
"235",4199,11,0.01875,88861.25,4739266.66666667
"236",4199,4,0.025,233333.333333333,9333333.33333333
"237",4199,5,0.00625,105103.302090756,16816528.3345209
"238",4199,6,0.00625,149893.166666667,23982906.6666667
"239",4199,7,0.00625,216589.333333333,34654293.3333333
"240",4199,8,0.00625,212865.866666667,34058538.6666667
"241",4202,9,1,248827.933333333,248827.933333333
"242",4205,1,0.05,-185328.333333333,-3706566.66666667
"243",4205,14,0.01875,-92238.8555613459,-4919405.62993845
"244",4205,16,0.00625,3435,549600
"245",4205,19,0.09375,0,0
"246",4205,6,0.00625,569288.416666667,91086146.6666667
"247",4209,8,3,239000,79666.6666666667
"248",4322,9,0.00918274,-49000,-5336097.94026619
"249",4329,7,4,10911.6666666667,2727.91666666667
"250",4329,9,5,357000,71400
"251",4335,15,3,346416.666666667,115472.222222222
"252",4339,2,1,364750,364750
"253",4342,10,6,1814046.64761905,302341.107936508
"254",4342,8,5,-2000,-400
"255",4345,1,3,4170215,1390071.66666667
"256",4345,10,0.46875,-30554.7619047619,-65183.492063492
"257",4345,11,2,-122790.476190476,-61395.2380952381
"258",4345,12,3,-264601.428571429,-88200.4761904762
"259",4345,13,2,653687.619047619,326843.80952381
"260",4345,14,2,6871809.52380952,3435904.76190476
"261",4345,15,25,-282217.857142857,-11288.7142857143
"262",4345,16,4,376745.552781671,94186.3881954177
"263",4345,17,3,-120502.701880054,-40167.5672933515
"264",4345,18,1,-411109.523809524,-411109.523809524
"265",4345,19,25,143172.857142857,5726.91428571428
"266",4345,2,25,-368164.285714286,-14726.5714285714
"267",4345,20,43,-367608.80952381,-8549.04208194906
"268",4345,3,1,-260192.380952381,-260192.380952381
"269",4345,4,6,-111875,-18645.8333333333
"270",4345,5,2,64995.8519683441,32497.9259841721
"271",4345,6,5,-620067.857142857,-124013.571428571
"272",4345,7,5,-92319.6428571429,-18463.9285714286
"273",4345,8,25,-1218835,-48753.4
"274",4345,9,15,-46012.1428571429,-3067.47619047619
"275",4349,3,40,-1060857.14285714,-26521.4285714286
"276",4355,1,0.05625,765406.666666667,13607229.6296296
"277",4355,10,8,2652101.66666667,331512.708333333
"278",4355,12,3,600032.619047619,200010.873015873
"279",4355,13,0.03125,1583143.33333333,50660586.6666667
"280",4355,15,0.05,6340394.64285714,126807892.857143
"281",4355,16,10,2619814.28571429,261981.428571429
"282",4355,18,0.125,6153367.61904762,49226940.952381
"283",4355,19,7,2034117.85714286,290588.265306122
"284",4355,20,15,3553560.47619048,236904.031746032
"285",4355,4,0.01875,493700,26330666.6666667
"286",4355,5,0.0125,964528.571428571,77162285.7142857
"287",4355,6,0.09375,2888411.42857143,30809721.9047619
"288",4355,7,0.0625,2764478.57142857,44231657.1428571
"289",4355,8,10,2231996.66666667,223199.666666667
"290",4355,9,0.00625,148733.333333333,23797333.3333333
"291",4359,1,0.03125,904735.035641609,28951521.1405315
"292",4359,10,0.0375,2069300,55181333.3333333
"293",4359,11,0.6625,865528.333333333,1306457.86163522
"294",4359,12,0.075,704896.666666667,9398622.22222222
"295",4359,13,0.025,374020,14960800
"296",4359,17,0.05625,1136433.33333333,20203259.2592593
"297",4359,4,0.10101014,2215970.23809524,21938096.8890375
"298",4359,7,2,106060,53030
"299",4365,1,0.1,5367858.33333333,53678583.3333333
"300",4365,10,0.03125,1661050,53153600
"301",4365,11,35,5117165.41151563,146204.726043304
"302",4365,12,10,1269014.16666667,126901.416666667
"303",4365,14,40,3694733.33333333,92368.3333333333
"304",4365,15,0.02754822,2096400,76099290.6256738
"305",4365,16,0.10101014,5346666.66666667,52931979.5682559
"306",4365,17,0.16528932,6857513.33333333,41487939.652322
"307",4365,18,0.16528932,4165057.61115106,25198588.8208087
"308",4365,19,0.1836548,10665027.4458874,58071052.0274311
"309",4365,2,0.09375,2231115,23798560
"310",4365,20,0.03673096,3174180.95238095,86417043.0715928
"311",4365,3,0.0375,2014836.66666667,53728977.7777778
"312",4365,4,7,1439168.13496059,205595.447851513
"313",4365,5,15,1552906.66666667,103527.111111111
"314",4365,6,9,1215863.33333333,135095.925925926
"315",4365,7,27,3096913.0952381,114700.485008818
"316",4365,8,4,566446.666666667,141611.666666667
"317",4365,9,0.01875,2636073.33333333,140590577.777778
"318",4369,10,5,1561802.61904762,312360.523809524
"319",4369,13,15,5009555.19274407,333970.346182938
"320",4369,14,33,3183284.64285714,96463.170995671
"321",4369,15,0.1,3939794.76190476,39397947.6190476
"322",4369,16,17,5636901.53095238,331582.442997199
"323",4369,17,12,2408281.78571429,200690.148809524
"324",4369,19,10,4722906.35739118,472290.635739118
"325",4369,21,15,2028003.80952381,135200.253968254
"326",4369,22,0.15625,10704406.6428571,68508202.5142857
"327",4369,23,21,6883862.68394115,327802.984949579
"328",4369,24,25,5358484.04761905,214339.361904762
"329",4369,3,12,5583572.14285714,465297.678571429
"330",4369,5,9,3003315.83333333,333701.759259259
"331",4369,6,49,11757759.7051424,239954.279696783
"332",4369,7,0.0375,2610580.33333333,69615475.5555556
"333",4369,9,0.0375,2168731.33762911,57832835.6701096
"334",4372,1,13,2983923.33333333,229532.564102564
"335",4372,10,20,5954264.28571429,297713.214285714
"336",4372,11,12,1727310.95238095,143942.579365079
"337",4372,13,12,1837160.23809524,153096.686507936
"338",4372,17,18,2655933.33333333,147551.851851852
"339",4372,18,18,5047277.61904762,280404.312169312
"340",4372,2,13,3149166.66666667,242243.58974359
"341",4372,21,19,2606887.14285714,137204.586466165
"342",4372,3,6,915000,152500
"343",4372,4,10,1847228.57142857,184722.857142857
"344",4372,6,20,4426780,221339
"345",4372,7,2,485262.857142857,242631.428571429
"346",4372,8,5,332196.666666667,66439.3333333333
"347",4375,13,35,3039652.71720117,86847.2204914619
"348",4375,15,0.09375,2037940,21738026.6666667
"349",4375,17,0.0375,246548.5,6574626.66666667
"350",4375,19,14,1654340,118167.142857143
"351",4375,2,20,1544360,77218
"352",4375,20,15,2904799.76190476,193653.317460317
"353",4379,1,30,7060493.33333333,235349.777777778
"354",4379,10,6,1628140,271356.666666667
"355",4379,12,38,3097775,81520.3947368421
"356",4379,13,5,1464571.66666667,292914.333333333
"357",4379,14,8,987320.585974331,123415.073246791
"358",4379,15,5,2266668.0952381,453333.619047619
"359",4379,16,4,3302210,825552.5
"360",4379,17,12,3054737.93576517,254561.494647097
"361",4379,18,22,7151896.66666667,325086.212121212
"362",4379,19,20,4462573.33333333,223128.666666667
"363",4379,2,9,2504883.33333333,278320.37037037
"364",4379,20,75,8771654.53898389,116955.393853119
"365",4379,4,0.16528932,7902689.04761905,47811250.2829526
"366",4379,5,20,4445666.66666667,222283.333333333
"367",4379,6,10,1516616.66666667,151661.666666667
"368",4379,7,10,417239.285714286,41723.9285714286
"369",4379,8,4,1441230,360307.5
"370",4379,9,21,3932615.54901961,187267.407096172
"371",4382,1,28,4829201.16439744,172471.470157052
"372",4382,10,2,4313908.57142857,2156954.28571429
"373",4382,17,4,441893.333333333,110473.333333333
"374",4382,3,14,1651674.69840568,117976.764171834
"375",4382,5,45,981304.166666667,21806.7592592593
"376",4382,6,15,1191158.57142857,79410.5714285714
"377",4382,8,4,5122640.47619048,1280660.11904762
"378",4385,1,26,21282875.4761905,818572.133699634
"379",4385,10,6,6064012.85714286,1010668.80952381
"380",4385,12,20,2914122.73809524,145706.136904762
"381",4385,13,8,3105211.70744624,388151.46343078
"382",4385,14,65,2625955.71428571,40399.3186813187
"383",4385,15,6,646780,107796.666666667
"384",4385,16,4,3310856.19047619,827714.047619048
"385",4385,17,10,3449022.38095238,344902.238095238
"386",4385,18,1,2184948.80952381,2184948.80952381
"387",4385,19,9,12610586.3095238,1401176.25661376
"388",4385,2,6,12702323.5238095,2117053.92063492
"389",4385,20,20,2435443.33333333,121772.166666667
"390",4385,5,25,5857616.66666667,234304.666666667
"391",4385,6,7,1313866.66666667,187695.238095238
"392",4385,7,10,6907846.66666667,690784.666666667
"393",4385,8,15,2365280.71428571,157685.380952381
"394",4385,9,6,2368205.23809524,394700.873015873
"395",4389,1,0.00625,5571494.64285714,891439142.857143
"396",4389,10,0.00625,248250,39720000
"397",4389,11,0.00625,2317121.19047619,370739390.476191
"398",4389,12,0.00625,316300,50608000
"399",4389,13,11,2569118.608647,233556.237149728
"400",4389,14,5,2012801.71428571,402560.342857143
"401",4389,15,15,4214365.52380952,280957.701587302
"402",4389,16,18,3660746.66666667,203374.814814815
"403",4389,17,7,158340,22620
"404",4389,18,7,2167186.66666667,309598.095238095
"405",4389,19,68,9176687.64577259,134951.288908421
"406",4389,20,32,3271442.73585572,102232.585495491
"407",4389,3,0.00918274,1225096.66666667,133412975.502591
"408",4389,4,0.01836548,3586059.14241662,195260844.933899
"409",4389,5,0.00918274,17829785.7142857,1941662914.80383
"410",4389,6,0.00918274,1225476.66666667,133454357.486618
"411",4389,8,0.00918274,4470152.14285714,486799380.452582
"412",4389,9,0.00918274,2190903.33333333,238589280.904538
"413",4392,11,0.0625,1373382.20238095,21974115.2380952
"414",4392,12,0.01875,3733160.47619048,199101892.063492
"415",4392,13,50,2778425.61568654,55568.5123137308
"416",4392,14,0.04375,1367350.19047619,31253718.6394558
"417",4392,5,6,7075036.72619048,1179172.78769841
"418",4392,6,0.06875,1133195.59689953,16482845.0458114
"419",4395,4,18,698393.333333333,38799.6296296296
"420",4395,5,75,4436883.45238095,59158.446031746
"421",4399,1,0.15625,3257750.03919861,20849600.2508711
"422",4399,11,0.05,4360133.69047619,87202673.8095238
"423",4399,13,0.0125,2395651.42857143,191652114.285714
"424",4399,16,0.025,3758439.67661909,150337587.064764
"425",4399,20,2,2842686.96991271,1421343.48495635
"426",4399,7,0.125,2110047.97619048,16880383.8095238
"427",4399,9,12,2065006.66666667,172083.888888889
"428",4402,11,50,3021489.04761905,60429.7809523809
"429",4402,12,40,2254712.0952381,56367.8023809524
"430",4402,13,4,483833.333333333,120958.333333333
"431",4402,16,0.05,2363307.04761905,47266140.9523809
"432",4402,18,0.09375,2820266.33333333,30082840.8888889
"433",4402,19,0.1625,1053825,6485076.92307692
"434",4402,20,0.1,140246.916666667,1402469.16666667
"435",4402,4,20,2109427.66666667,105471.383333333
"436",4405,1,0.1377411,1644614.28571429,11939895.1054862
"437",4405,10,20,3611571.42857143,180578.571428571
"438",4405,11,0.0625,1754182.14285714,28066914.2857143
"439",4405,12,30,1050914.28571429,35030.4761904762
"440",4405,13,0.25,359719.047619048,1438876.19047619
"441",4405,14,10,745083.571428571,74508.3571428571
"442",4405,16,0.09375,1384907.26190476,14772344.1269841
"443",4405,17,16,3103522.97619048,193970.186011905
"444",4405,18,0.125,5401929,43215432
"445",4405,19,0.1875,2612553.57142857,13933619.047619
"446",4405,2,10,975173.809523809,97517.3809523809
"447",4405,20,14,2101282.5,150091.607142857
"448",4405,3,0.15625,1778202.14285714,11380493.7142857
"449",4405,4,0.1375,2195535.71428571,15967532.4675325
"450",4405,5,0.125,2644116.42857143,21152931.4285714
"451",4405,6,0.0625,4004098.57142857,64065577.1428571
"452",4405,7,11,589355,53577.7272727273
"453",4405,8,19,1333232.14285714,70170.1127819549
"454",4405,9,0.03125,1665423.57142857,53293554.2857143
"455",4408,10,0.00625,564904.523809524,90384723.8095238
"456",4408,15,1,1318548.63944702,1318548.63944702
"457",4412,12,3,462193.809523809,154064.603174603
"458",4412,13,5,2147066.28571429,429413.257142857
"459",4412,15,3,4505492.52380952,1501830.84126984
"460",4412,17,5,1417750,283550
"461",4412,19,1,302504.523809524,302504.523809524
"462",4412,4,23,4324665.71428571,188028.944099379
"463",4412,6,6,521321.428571429,86886.9047619048
"464",4412,7,2,1015333.45238095,507666.726190476
"465",4412,8,3,1403781.16666667,467927.055555556
"466",4412,9,22,4431151.42857143,201415.974025974
"467",4415,12,0.00625,1379038.57142857,220646171.428571
"468",4415,13,20,920292,46014.6
"469",4415,15,32,2273458.33333333,71045.5729166667
"470",4415,16,5,3178332.59047619,635666.518095238
"471",4415,20,15,732412.619047619,48827.5079365079
"472",4415,6,9,-649993.611853879,-72221.5124282088
"473",4415,7,13,496339.285714286,38179.9450549451
"474",4415,8,7,-810769.761904762,-115824.25170068
"475",4419,19,0.49586796,2312271.9047619,4663079.87465434
"476",4419,21,4,2127814.28571429,531953.571428571
"477",4419,22,15,1758211.66666667,117214.111111111
"478",4419,4,2,-28209.2857142857,-14104.6428571429
"479",4419,6,12,3251795.71428571,270982.976190476
"480",4419,8,0.05509644,1532671.30952381,27817973.5301194
"481",4422,1,13,6908104.28571429,531392.637362637
"482",4422,10,10,1480419.04761905,148041.904761905
"483",4422,11,24,2802685.71428571,116778.571428571
"484",4422,12,3,1488959.28571429,496319.761904762
"485",4422,13,4,1814709.58925457,453677.397313641
"486",4422,14,7,4972430.95238095,710347.278911565
"487",4422,16,12,3014341.66666667,251195.138888889
"488",4422,19,15,4894606.66666667,326307.111111111
"489",4422,2,13,6995171.42857143,538090.10989011
"490",4422,20,118,1667611.9047619,14132.3042776433
"491",4422,4,4,1380284.76190476,345071.19047619
"492",4422,5,15,2459854.28571429,163990.285714286
"493",4422,6,2,2447520.23809524,1223760.11904762
"494",4422,7,10,1306857.14285714,130685.714285714
"495",4422,9,1,11000,11000
"496",4425,14,1,563484.523809524,563484.523809524
"497",4425,19,1.32231456,185809.523809524,140518.398140851
"498",4425,4,0.05509644,247944.523809524,4500191.37006899
"499",4425,8,0.11019288,278904.142857143,2531054.11944168
"500",4429,1,0.03673096,824232.142857143,22439711.4275571
"501",4429,10,4,3237759.14285714,809439.785714286
"502",4429,11,20,2189819.97619048,109490.998809524
"503",4429,14,0.00918274,969990.476190476,105631922.083221
"504",4429,20,0.01836548,2405077.17415625,130956401.583637
"505",4429,25,0.03673096,1811769.71428571,49325411.4318198
"506",4433,1,0.60606084,6310595.23809524,10412478.1236406
"507",4433,10,0.17447206,1697946.42857143,9731910.24724204
"508",4433,11,0.02754822,678207.142857143,24618909.7828151
"509",4433,15,0.0918274,12230195.5952381,133186778.622046
"510",4433,16,0.07346192,391828.571428571,5333764.36973838
"511",4433,18,0.0459137,964944.285714286,21016478.4304965
"512",4433,2,0.0459137,4510299.28571429,98234280.5244249
"513",4433,20,0.06427918,6503937.9085213,101182652.120349
"514",4433,4,0.2754822,1893875.79759828,6874766.4916219
"515",4433,5,0.20202028,1940714.78503633,9606534.47780753
"516",4433,7,1.6528932,3224407.61904762,1950765.85652819
"517",4433,8,0.02754822,422798.333333333,15347573.5758366
"518",4433,9,9.38476028,3013500,321105.697971009
"519",4435,10,0.11019288,660624.761904762,5995167.4001511
"520",4435,11,0.03673096,785146.666666667,21375609.7490146
"521",4435,18,0.42240604,995573.809523809,2356911.86973512
"522",4435,6,0.3673096,2674102.63005645,7280241.60015543
"523",4435,7,0.15610658,504227.821428571,3230022.85636244
"524",4435,8,24,1578325,65763.5416666667
"525",4439,1,3,42180.1602564103,14060.0534188034
"526",4439,12,1,4529441.26847,4529441.26847
"527",4439,13,2,150501.013333333,75250.5066666666
"528",4439,15,1,-108250,-108250
"529",4439,17,1,328445,328445
"530",4439,18,1,11465.2380952381,11465.2380952381
"531",4439,2,2,1120647.61904762,560323.80952381
"532",4439,20,2,20440,10220
"533",4439,21,1,92490,92490
"534",4439,7,10,58546.6666666667,5854.66666666667
"535",4439,9,2,94901,47450.5
"536",4442,15,0.22038576,399828.571428571,1814221.44256767
"537",4442,16,0.07346192,-73088.5714285714,-994917.79453316
"538",4442,18,0.0918274,-25042.8571428571,-272716.609017103
"539",4442,21,0.00918274,-85642.8571428571,-9326503.54282678
"540",4445,10,0.22038576,1263205,5731790.47502888
"541",4445,12,0.1836548,730566.428571429,3977932.66808942
"542",4445,14,1.57024854,1123606.36904762,715559.569345385
"543",4445,2,0.23875124,276239.523809524,1157018.17427011
"544",4445,4,0.4132233,840325,2033585.71503591
"545",4445,7,0.23875124,546605.654761905,2289435.87795357
"546",4445,8,0.03673096,2313972.61904762,62997880.2363897
"547",4445,9,0.918274,360953.571428571,393078.287557495
"548",4455,10,15,1413415,94227.6666666667
"549",4455,11,20,1059145.71428571,52957.2857142857
"550",4455,12,6,601724.166666667,100287.361111111
"551",4455,13,38,693616.904761905,18253.0764411028
"552",4455,14,5,1130634.76190476,226126.952380952
"553",4455,15,4,75306.6666666667,18826.6666666667
"554",4455,16,16,1581202.26190476,98825.1413690476
"555",4455,17,7,1919923.33333333,274274.761904762
"556",4455,18,6,1571348.80952381,261891.468253968
"557",4455,19,14,1647320.71428571,117665.765306122
"558",4455,2,4,459484.285714286,114871.071428571
"559",4455,20,4,1879837.14285714,469959.285714286
"560",4455,4,7,929778.333333333,132825.476190476
"561",4455,5,34,4322528.33333333,127133.18627451
"562",4455,6,6,640271.547619048,106711.924603175
"563",4455,7,3,599073.214285714,199691.071428571
"564",4455,8,27,2466272.38095238,91343.4215167549
"565",4455,9,6,882735.952380952,147122.658730159
"566",4459,1,3,1655440,551813.333333333
"567",4459,11,4,1883188.45238095,470797.113095238
"568",4459,13,750,3586920.47619048,4782.56063492063
"569",4459,4,35,5262649.52380952,150361.414965986
"570",4462,1,0.0625,3063730,49019680
"571",4462,10,0.0375,603130.736555682,16083486.3081515
"572",4462,11,0.0375,3369353.57142857,89849428.5714286
"573",4462,12,16,3579940.5952381,223746.287202381
"574",4462,14,5,3338176.30952381,667635.261904762
"575",4462,15,4,4514485.71428571,1128621.42857143
"576",4462,16,0.0625,3399347.38095238,54389558.0952381
"577",4462,17,0.2125,2961313.14285714,13935591.2605042
"578",4462,18,0.0125,668098.095238095,53447847.6190476
"579",4462,19,8,770754.166666667,96344.2708333333
"580",4462,2,0.03125,462123.095238095,14787939.047619
"581",4462,20,0.0375,5410709.52380952,144285587.301587
"582",4462,3,0.04375,843351.130952381,19276597.2789116
"583",4462,4,12,5805366.66666667,483780.555555556
"584",4462,5,0.025,1925237.79761905,77009511.9047619
"585",4462,6,0.025,2273493.33333333,90939733.3333333
"586",4462,7,7,7395881.19047619,1056554.45578231
"587",4462,8,4,4671084.76190476,1167771.19047619
"588",4462,9,0.075,8281802.38095238,110424031.746032
"589",4465,1,15,7062805.71428571,470853.714285714
"590",4465,14,25,6333258.92857143,253330.357142857
"591",4465,16,15,397399,26493.2666666667
"592",4465,17,19,2411750.95238095,126934.260651629
"593",4465,19,23,11162517.7380952,485326.858178054
"594",4465,5,14,2103986.42857143,150284.744897959
"595",4465,6,13,1097536.66666667,84425.8974358974
"596",4465,8,9,897515,99723.8888888889
"597",4472,14,3,7238680.79227952,2412893.59742651
"598",4472,21,20,70500,3525
"599",4479,10,1750,1699884.28571429,971.362448979592
"600",4479,12,15,6683470.47619048,445564.698412698
"601",4479,14,4,-47738.5357142857,-11934.6339285714
"602",4479,16,15,4926767.5,328451.166666667
"603",4479,19,625,1238417.79428571,1981.46847085714
"604",4479,3,4,525355.476190476,131338.869047619
"605",4479,4,3,909271.547619048,303090.515873016
"606",4479,5,8,224288.369192205,28036.0461490256
"607",4479,7,20,943178.333333333,47158.9166666667
"608",4479,8,34,904933.80952381,26615.700280112
"609",4479,9,450,1582925.95238095,3517.61322751323
"610",4482,10,5,5972917.74090107,1194583.54818021
"611",4482,12,40,1364876.13095238,34121.9032738095
"612",4482,17,200,3569714.76190476,17848.5738095238
"613",4482,19,16,2214453.33333333,138403.333333333
"614",4482,2,3,1640.47619047623,546.825396825409
"615",4482,3,20,521248.571428571,26062.4285714286
"616",4485,1,10,2704056.19047619,270405.619047619
"617",4485,10,5,1250917.61904762,250183.523809524
"618",4485,11,8,473812.619047619,59226.5773809524
"619",4485,12,2,128422.857142857,64211.4285714286
"620",4485,13,1350,3034556.68,2247.81976296296
"621",4485,14,30,2087613.80952381,69587.126984127
"622",4485,15,10,1000067.61904762,100006.761904762
"623",4485,16,8,259446.833333333,32430.8541666667
"624",4485,17,7,732887.857142857,104698.265306122
"625",4485,18,7,-12739.9047619048,-1819.98639455783
"626",4485,19,25,914128.69047619,36565.1476190476
"627",4485,2,1250,3142668.19047619,2514.13455238095
"628",4485,3,150,488251.785714286,3255.01190476191
"629",4485,4,13,159998.095238095,12307.5457875458
"630",4485,5,6,1499410.73809524,249901.78968254
"631",4485,6,1,2359467.05654762,2359467.05654762
"632",4485,8,10,1579683.14285714,157968.314285714
"633",4485,9,10,437935.714285714,43793.5714285714
"634",4489,15,11,785237.142857143,71385.1948051948
"635",4489,17,750,1058775.47619048,1411.70063492063
"636",4489,2,25,530259.523809524,21210.380952381
"637",4489,21,0.0125,316151.904761905,25292152.3809524
"638",4489,7,3,-41002.1428571429,-13667.380952381
"639",4489,9,20,14399.5238095238,719.976190476188
"640",4492,1,10,2555735,255573.5
"641",4492,10,30,3424301.30952381,114143.376984127
"642",4492,11,2,228517.023809524,114258.511904762
"643",4492,12,17,3625250.95238095,213250.056022409
"644",4492,19,1,1957360.47619048,1957360.47619048
"645",4492,20,20,2068591.9047619,103429.595238095
"646",4492,3,9,348207.452380952,38689.7169312169
"647",4492,4,650,6994773.99243281,10761.1907575889
"648",4492,5,1,-169527.380952381,-169527.380952381
"649",4492,7,50,-253111.666666667,-5062.23333333333
"650",4492,9,35,1147683.53233083,32790.9580665951
"651",4495,1,0.1,2118664.33333333,21186643.3333333
"652",4495,10,63,10983869,174347.126984127
"653",4495,11,21,3998261.36904762,190393.398526077
"654",4495,13,0.075,4108300.73809524,54777343.1746032
"655",4495,15,0.10625,4518766.78571429,42529569.7478992
"656",4495,16,6,3306570.95238095,551095.158730159
"657",4495,17,0.09375,4332985.16666667,46218508.4444444
"658",4495,2,1.377411,901248.714285714,654306.314009191
"659",4495,20,8,2087877.67857143,260984.709821429
"660",4495,3,4.4077152,4279567.17857143,970926.428860791
"661",4495,4,2,867282.380952381,433641.190476191
"662",4495,5,19,6300927.85714286,331627.781954887
"663",4495,6,3,2432931.9047619,810977.301587302
"664",4499,1,8,850817.380952381,106352.172619048
"665",4499,16,0.02754822,1273693.33333333,46235050.1532706
"666",4499,17,10,2033334.52380952,203333.452380952
"667",4499,20,0.02754822,803891.190476191,29181238.9503275
"668",4499,4,0.06427918,429723.333333333,6685264.70520211
"669",4499,7,0.11019288,11400219.7619048,103456954.404901
"670",4502,13,75,-67178.0952380952,-895.707936507936
"671",4502,15,2,2852285.71428571,1426142.85714286
"672",4502,16,2,-5000,-2500
"673",4505,10,2,-153401.078095238,-76700.5390476191
"674",4505,12,10,2176901.9047619,217690.19047619
"675",4505,13,2,536958.64547619,268479.322738095
"676",4505,14,5,282815,56563
"677",4505,15,20,1705913.72380952,85295.6861904762
"678",4505,16,14,482660.714285714,34475.7653061224
"679",4505,17,1,991621.142857143,991621.142857143
"680",4505,18,3,6486095.71428571,2162031.9047619
"681",4505,19,10,1079334.12380952,107933.412380952
"682",4505,2,3,957989.86,319329.953333333
"683",4505,20,10,372076.666666667,37207.6666666667
"684",4505,23,20,1146245.94666667,57312.2973333333
"685",4505,24,10,-1420.56,-142.056
"686",4505,25,3,101231.904761905,33743.9682539683
"687",4505,4,5,1410827.52756892,282165.505513784
"688",4505,5,15,-1289269.15476717,-85951.2769844779
"689",4505,6,6,383459.581478127,63909.9302463545
"690",4505,8,4,1067488.85714286,266872.214285714
"691",4505,9,2,28553.3333333333,14276.6666666667
"692",4509,1,3,262781.333333333,87593.7777777778
"693",4509,11,45,166380.628964793,3697.34731032873
"694",4509,12,5,187802.468304257,37560.4936608513
"695",4509,14,4,705432.619047619,176358.154761905
"696",4509,15,3,299502.5,99834.1666666667
"697",4509,16,3,451819.166666667,150606.388888889
"698",4509,18,30,562183.095238095,18739.4365079365
"699",4509,19,100,1727729.52380952,17277.2952380952
"700",4509,2,50,103232.833333333,2064.65666666667
"701",4509,20,3,885320,295106.666666667
"702",4509,3,6,297626.857142857,49604.4761904762
"703",4509,4,7,550407.666666667,78629.6666666666
"704",4509,5,2,174177.5,87088.75
"705",4509,6,23,1143239.5,49706.0652173913
"706",4509,7,30,1109903.33333333,36996.7777777778
"707",4509,8,8,1257678.21428571,157209.776785714
"708",4512,1,30,667400,22246.6666666667
"709",4512,19,9,322057.066985342,35784.1185539268
"710",4512,21,9,-45500,-5055.55555555556
"711",4512,22,4,971.322598695065,242.830649673766
"712",4512,8,10,1158656.66666667,115865.666666667
"713",4512,9,16,854283.928571429,53392.7455357143
"714",4515,1,13,534965,41151.1538461538
"715",4515,10,4,60851.6666666667,15212.9166666667
"716",4515,11,13,15241411.547619,1172416.27289377
"717",4515,12,32,4372907.85714286,136653.370535714
"718",4515,13,5,2240419.04761905,448083.80952381
"719",4515,14,1,182290,182290
"720",4515,15,1,438100,438100
"721",4515,16,2,764028.5,382014.25
"722",4515,17,8,1007866.66666667,125983.333333333
"723",4515,18,1,24820,24820
"724",4515,19,15,3192410,212827.333333333
"725",4515,2,3,2247814.52380952,749271.507936508
"726",4515,20,30,1086755.83333333,36225.1944444444
"727",4515,3,9,7883705.43233083,875967.270258981
"728",4515,4,10,1004124.46428571,100412.446428571
"729",4515,5,4,556545,139136.25
"730",4515,6,1,1509985,1509985
"731",4515,7,1,64750,64750
"732",4515,8,1,2289231.9047619,2289231.9047619
"733",4515,9,4,2440533.57142857,610133.392857143
"734",4519,1,20,914889.910714286,45744.4955357143
"735",4519,12,20,739525.238095238,36976.2619047619
"736",4519,13,10,614186.82319224,61418.682319224
"737",4519,14,4,670158.095238095,167539.523809524
"738",4519,16,2,378550.880952381,189275.44047619
"739",4519,17,100,198505.740968801,1985.05740968801
"740",4519,18,6,911423.373162845,151903.895527141
"741",4519,2,6,155336.666666667,25889.4444444444
"742",4519,20,2,196086.547619048,98043.2738095238
"743",4519,4,6,216646.428571429,36107.7380952381
"744",4519,5,19,2965252.38095238,156065.914786967
"745",4519,6,40,888084.761904762,22202.119047619
"746",4522,13,13,4108032.85714286,316002.527472527
"747",4522,14,14,49041.4285714286,3502.95918367347
"748",4522,15,1,38400,38400
"749",4522,19,21,560333.095238095,26682.5283446712
"750",4522,2,7,1119776.5,159968.071428571
"751",4522,20,9,386185.460855849,42909.4956506499
"752",4522,4,29,1038763.18558502,35819.4201925869
"753",4525,14,6,5271566.66666667,878594.444444444
"754",4525,15,9,3569259.04761905,396584.338624339
"755",4529,1,2,235660.095238095,117830.047619048
"756",4529,17,20,1103600,55180
"757",4529,21,25,2235415.02857143,89416.6011428572
"758",4529,22,12,1761204.50001271,146767.041667726
"759",4529,4,1,659099.047619048,659099.047619048
"760",4529,6,7,1030529.38095238,147218.482993197
"761",4529,7,15,3252682.29396196,216845.48626413
"762",4529,8,21,1680767.85714286,80036.5646258503
"763",4532,1,20,456386.428571429,22819.3214285714
"764",4532,10,100,10541505,105415.05
"765",4532,11,30,3020780,100692.666666667
"766",4535,1,15,8007561.66666667,533837.444444444
"767",4535,10,77,7656159.16666667,99430.6385281385
"768",4535,14,114,12510352.4549713,109739.933815538
"769",4535,15,5,3234180,646836
"770",4535,19,19,4514104.16666667,237584.429824561
"771",4535,2,18,5047808.0952381,280433.783068783
"772",4535,20,8,3429480.47619048,428685.05952381
"773",4535,4,6,17358291.4285714,2893048.57142857
"774",4535,5,3,1989958.80952381,663319.603174603
"775",4535,6,20,4894211.46990386,244710.573495193
"776",4535,9,6,1873295.70526948,312215.950878246
"777",4539,10,20,5686258.92857143,284312.946428571
"778",4539,11,15,7790637.73809524,519375.849206349
"779",4539,14,3,6754411.66666667,2251470.55555556
"780",4539,16,10,8307462.38095238,830746.238095238
"781",4539,19,8,8066892.5,1008361.5625
"782",4539,6,30,7570663.57142857,252355.452380952
"783",4539,7,15,6967225,464481.666666667
"784",4539,8,40,11729995.8333333,293249.895833333
"785",4539,9,26,4618244.88095238,177624.803113553
"786",4542,1,0.3673096,1001290,2726010.97275976
"787",4542,10,0.00918274,761595,82937663.4860619
"788",4542,17,4,484395.731962095,121098.932990524
"789",4542,2,4,35461.6904761905,8865.42261904762
"790",4542,20,0.00918274,937979.047619048,102145878.857405
"791",4542,3,6,1151226.42857143,191871.071428571
"792",4545,16,15,917877.142857143,61191.8095238095
"793",4545,19,2,104367.023809524,52183.5119047619
"794",4545,8,2,2385852.85714286,1192926.42857143
"795",4549,14,15,921323.904761905,61421.5936507936
"796",4549,15,6,974926.761904762,162487.793650794
"797",4549,18,6,499748.571428571,83291.4285714286
"798",4549,2,10,7814179.04761905,781417.904761905
"799",4549,6,6,259671,43278.5
"800",4549,9,10,782307.857142857,78230.7857142857
"801",4552,17,7,240711.959451505,34387.4227787864
"802",4552,19,8,1146768.57142857,143346.071428571
"803",4552,3,45,2478222.85714286,55071.6190476191
"804",4552,9,30,1037529.28571429,34584.3095238095
"805",4555,1,0.625,1979884.28571429,3167814.85714286
"806",4555,10,0.0125,676842.791252865,54147423.3002292
"807",4555,13,0.25,16829240.1607462,67316960.6429847
"808",4555,14,0.075,1166200,15549333.3333333
"809",4555,15,0.01875,327000,17440000
"810",4555,17,0.05,1598965.9085213,31979318.1704261
"811",4555,2,0.01836548,243180,13241145.8889177
"812",4555,20,50,2229436.28595083,44588.7257190165
"813",4555,3,0.01875,154950,8264000
"814",4555,8,6,384176.190476191,64029.3650793651
"815",4555,9,0.03125,4574149.04761905,146372769.52381
"816",4559,1,0.21875,676633.333333333,3093180.95238095
"817",4559,10,0.0375,3260532.14285714,86947523.8095238
"818",4559,13,0.00625,826547.5,132247600
"819",4559,14,0.00625,262776.19047619,42044190.4761905
"820",4559,17,0.0125,688890,55111200
"821",4559,18,0.075,409560,5460800
"822",4559,2,0.125,6326190.47619048,50609523.8095238
"823",4559,20,0.2125,12746785.4761905,59984872.8291316
"824",4559,7,1.875,1389514.4916814,741074.395563412
"825",4562,1,20,1335795.38095238,66789.769047619
"826",4562,10,8,420874.228011999,52609.2785014999
"827",4562,12,5,1643465.23809524,328693.047619048
"828",4562,13,0.00625,620391.619047619,99262659.047619
"829",4562,15,20,225177.32733084,11258.866366542
"830",4562,17,10,2132348.80952381,213234.880952381
"831",4562,19,30,2287710.95238095,76257.0317460317
"832",4562,2,30,10185385.0195049,339512.833983495
"833",4562,20,12,1609152.38095238,134096.031746032
"834",4562,3,10,477022.619047619,47702.2619047619
"835",4562,5,9,236741.666666667,26304.6296296296
"836",4562,7,10,1734156.42857143,173415.642857143
"837",4562,8,17,829262.857142857,48780.1680672269
"838",4562,9,5,591832.023809524,118366.404761905
"839",4565,14,6,-242466.666666667,-40411.1111111111
"840",4565,17,27,4107661.80952381,152135.622574956
"841",4565,20,1,21626.6666666667,21626.6666666667
"842",4569,1,0.1375,3861395,28082872.7272727
"843",4569,10,0.04375,1048268.33333333,23960419.047619
"844",4569,11,0.09375,1576300.29761905,16813869.8412698
"845",4569,13,0.00625,2605067.14285714,416810742.857143
"846",4569,18,0.025,6148737.97619048,245949519.047619
"847",4569,2,0.05,144221.25,2884425
"848",4569,20,0.0625,145890,2334240
"849",4569,3,0.2375,2582210.47619048,10872465.1629073
"850",4569,7,17,1384626.25,81448.6029411765
"851",4569,8,0.0875,272260,3111542.85714286
"852",4572,1,10,2276286.17284383,227628.617284383
"853",4572,11,4,359543.204761905,89885.8011904762
"854",4572,16,35,6437881.95238095,183939.484353741
"855",4572,18,4,931805,232951.25
"856",4572,19,4,1166123.89285714,291530.973214286
"857",4572,20,6,1944712.85714286,324118.80952381
"858",4572,3,15,598241.333333333,39882.7555555556
"859",4572,4,2,2760121.38471178,1380060.69235589
"860",4572,6,1,-10337.7380952381,-10337.7380952381
"861",4572,9,9,1388140,154237.777777778
"862",4575,10,8,631452.166666667,78931.5208333333
"863",4575,12,2,149169.333333333,74584.6666666667
"864",4575,13,5,93364.5,18672.9
"865",4575,14,10,6844185.03571429,684418.503571429
"866",4575,17,0.02754822,812347.321428571,29488196.3854133
"867",4575,2,9,2776371.48809524,308485.720899471
"868",4575,4,14,1742152.66666667,124439.476190476
"869",4579,10,0.02754822,0,0
"870",4579,11,5,1388711.36904762,277742.273809524
"871",4579,12,10,1074548.7668752,107454.87668752
"872",4579,17,12,4011205.71428571,334267.142857143
"873",4579,18,6,4190094.64285714,698349.107142857
"874",4579,19,30,902740,30091.3333333333
"875",4579,2,45,13229357.9837518,293985.732972262
"876",4579,20,0.1836548,2685515.80952381,14622627.9385228
"877",4579,22,40,1449626.78571429,36240.6696428571
"878",4579,3,0.39485782,1276913.42335443,3233856.23552912
"879",4579,6,0.05509644,258375.599161009,4689515.3146194
"880",4579,7,30,1165850,38861.6666666667
"881",4579,8,0.07346192,1214329.39380986,16530052.4926364
"882",4579,9,150,2525416.78571429,16836.1119047619
"883",4582,1,3,377182.142857143,125727.380952381
"884",4582,12,2,317856.666666667,158928.333333333
"885",4582,13,6,230156.666666667,38359.4444444444
"886",4582,14,6,624661.666666667,104110.277777778
"887",4582,17,20,4261732.38095238,213086.619047619
"888",4582,2,32,34568.3333333333,1080.26041666667
"889",4582,20,15,2009379.52380952,133958.634920635
"890",4582,3,5,785346.428571429,157069.285714286
"891",4582,4,6,1351582.61904762,225263.76984127
"892",4582,5,722,270566.666666667,374.746075715605
"893",4582,7,51,5393715.08947368,105759.119401445
"894",4582,9,57,146347.619047619,2567.50208855472
"895",4585,1,4,1282691.9047619,320672.976190476
"896",4585,10,6,1103607.14285714,183934.523809524
"897",4585,12,0.0125,-39107.1428571429,-3128571.42857143
"898",4585,13,0.08264466,478457.142857143,5789329.19389036
"899",4585,14,150,1816145.23809524,12107.6349206349
"900",4585,19,18,453454.761904762,25191.9312169312
"901",4585,20,6,416772.142857143,69462.0238095238
"902",4585,3,30,4634384.28571429,154479.476190476
"903",4585,9,0.00625,33900,5424000
"904",4589,1,7,614161.047619048,87737.2925170068
"905",4589,10,4,6395.4761904762,1598.86904761905
"906",4589,11,3,298046.666666667,99348.8888888889
"907",4589,12,10,106144.285714286,10614.4285714286
"908",4589,13,10,1022014.28571429,102201.428571429
"909",4589,14,5,828127.142857143,165625.428571429
"910",4589,16,10,189313.333333333,18931.3333333333
"911",4589,17,15,1964042.14285714,130936.142857143
"912",4589,2,1,-52142.8571428571,-52142.8571428571
"913",4589,21,20,7479995.14285714,373999.757142857
"914",4589,22,2,0,0
"915",4589,3,14,390893.809523809,27920.9863945578
"916",4589,8,6,0,0
"917",4592,15,13,1079437.85714286,83033.6813186813
"918",4592,16,0.01836548,926698.571428571,50458717.7372207
"919",4592,17,0.1836548,262256.666666667,1427986.99879702
"920",4592,18,60,5412700.73809524,90211.678968254
"921",4592,2,0.0459137,507620.069246629,11055960.8405907
"922",4592,20,0.0918274,-5000,-54449.9789823081
"923",4592,24,3,667646.428571429,222548.809523809
"924",4592,4,5,1699342.80952381,339868.561904762
"925",4592,5,0.03673096,1718355.61904762,46782213.670637
"926",4592,6,0.07346192,2834538.76190476,38585144.002563
"927",4592,7,0.11019288,190423.333333333,1728091.08295684
"928",4592,8,0.1836548,1501241.07142857,8174254.47866634
"929",4592,9,10,468456.666666667,46845.6666666667
"930",4595,1,18,-84085.7142857143,-4671.42857142857
"931",4595,11,10,1913415.42857143,191341.542857143
"932",4595,12,10,444456.428571429,44445.6428571429
"933",4595,14,3,41857.1428571429,13952.380952381
"934",4595,15,5,238724.071428571,47744.8142857143
"935",4595,17,15,-71.4285714285734,-4.76190476190489
"936",4595,18,1,-49451.9047619048,-49451.9047619048
"937",4595,19,12,510260.892857143,42521.7410714286
"938",4595,20,26,586806,22569.4615384615
"939",4595,5,2,1165445.71428571,582722.857142857
"940",4595,7,4,8338.09523809524,2084.52380952381
"941",4595,8,25,316500,12660
"942",4595,9,13,0,0
"943",4599,11,0.1836548,1617985.13075285,8809925.63631796
"944",4599,17,0.1836548,651074.285714286,3545098.11730641
"945",4599,20,0.2754822,1191782.14285714,4326167.50867077
"946",4599,21,0.03673096,75300,2050041.7086839
"947",4599,5,5,96042.8571428571,19208.5714285714
"948",4605,14,22,529562.142857143,24071.0064935065
"949",4605,15,0.0375,477507.380952381,12733530.1587302
"950",4605,16,20,1283281.66666667,64164.0833333333
"951",4605,17,0.0125,770158.185714286,61612654.8571429
"952",4605,18,0.01875,1380245.93571429,73613116.5714286
"953",4605,25,0.225,543207.334910302,2414254.82182356
"954",4605,4,0.075,1278153.71428571,17042049.5238095
"955",4605,7,0.16528932,374468.928571429,2265536.14336019
"956",4605,9,14,899995.238095238,64285.3741496599
"957",4609,1,0.0375,2419578.57142857,64522095.2380952
"958",4609,10,0.01875,399064.761904762,21283453.968254
"959",4609,11,3,2213701.42857143,737900.476190476
"960",4609,12,1,477263.214285714,477263.214285714
"961",4609,13,2,4088957.85714286,2044478.92857143
"962",4609,14,5,536350,107270
"963",4609,15,2,2109973.61904762,1054986.80952381
"964",4609,16,0.0125,829039.761904762,66323180.9523809
"965",4609,18,2,991982.857142857,495991.428571429
"966",4609,19,4,736925.714285714,184231.428571429
"967",4609,2,0.04375,1629604.76190476,37248108.8435374
"968",4609,20,3,376679.166666667,125559.722222222
"969",4609,3,5,280130,56026
"970",4609,4,4,1059633.933821,264908.483455251
"971",4609,5,2,270644.313450613,135322.156725306
"972",4609,6,1,2101578.28947368,2101578.28947368
"973",4609,7,2,449668.571428571,224834.285714286
"974",4609,8,2,1342015.47619048,671007.738095238
"975",4612,10,2,1242656.42857143,621328.214285714
"976",4612,14,4,929303.333333333,232325.833333333
"977",4612,15,10,3902642.38095238,390264.238095238
"978",4612,17,25,1190441.9047619,47617.6761904762
"979",4612,21,20,2132606.66666667,106630.333333333
"980",4612,22,40,12122024.1702727,303050.604256817
"981",4615,1,18,73410.7142857143,4078.37301587302
"982",4615,10,3,-91928.5714285714,-30642.8571428571
"983",4615,11,8,413355.714285714,51669.4642857143
"984",4615,14,100,1405917.73809524,14059.1773809524
"985",4615,17,6,561066.9722153,93511.1620358834
"986",4615,21,0.02754822,807169.87863514,29300255.284557
"987",4615,5,10,796062.142857143,79606.2142857143
"988",4619,1,6,678779.523809524,113129.920634921
"989",4619,10,5,859335.476190476,171867.095238095
"990",4619,11,15,3802470.14285714,253498.00952381
"991",4619,12,6,132150,22025
"992",4619,13,2,142950.476190476,71475.2380952381
"993",4619,14,13,757122.380952381,58240.1831501831
"994",4619,15,5,553552.142857143,110710.428571429
"995",4619,16,7,80295.7142857143,11470.8163265306
"996",4619,17,6,921318.095238095,153553.015873016
"997",4619,18,9,1158589.04761905,128732.116402116
"998",4619,19,4,992645,248161.25
"999",4619,2,2,696404.285714286,348202.142857143
"1000",4619,20,9,297059.761904762,33006.6402116402
"1001",4619,3,3,817463.214285714,272487.738095238
"1002",4619,4,2,218277.261904762,109138.630952381
"1003",4619,5,15,667341.904761905,44489.4603174603
"1004",4619,6,8,3902321.42857143,487790.178571429
"1005",4619,8,3,830918.095238095,276972.698412698
"1006",4622,1,8,1726861.96428571,215857.745535714
"1007",4622,14,17,4394899.64285714,258523.508403361
"1008",4622,15,8,1717006.54761905,214625.818452381
"1009",4622,17,27,6433476.19047619,238276.895943563
"1010",4622,18,11,6139981.19047619,558180.108225108
"1011",4622,2,140,41976794.8809524,299834.24914966
"1012",4622,3,28,4947061.9047619,176680.782312925
"1013",4622,4,7,367595.357142857,52513.6224489796
"1014",4622,5,15,4228101.25,281873.416666667
"1015",4622,6,3,237603.333333333,79201.1111111111
"1016",4622,7,8,2069825.07142857,258728.133928571
"1017",4622,8,0.02754822,10713.5119047619,388900.332027329
"1018",4625,13,3,1090967.38095238,363655.793650794
"1019",4625,14,20,1192361.19047619,59618.0595238095
"1020",4625,5,10,1110390.23809524,111039.023809524
"1021",4625,7,12,3951553.80952381,329296.150793651
"1022",4629,1,30,5258208.83333333,175273.627777778
"1023",4629,11,20,148234.523809524,7411.72619047619
"1024",4629,14,10,684486.666666667,68448.6666666667
"1025",4629,18,15,1210778.17857143,80718.5452380952
"1026",4629,19,20,122601.666666667,6130.08333333333
"1027",4629,20,10,551995,55199.5
"1028",4629,21,16,737389.880952381,46086.8675595238
"1029",4629,23,6,198351.666666667,33058.6111111111
"1030",4629,25,2,427377.869921175,213688.934960588
"1031",4629,4,7,492443.333333333,70349.0476190476
"1032",4629,7,15,1444276.66666667,96285.1111111111
"1033",4629,8,5,1391237.50548528,278247.501097055
"1034",4632,12,10,1006968.33333333,100696.833333333
"1035",4632,13,33,103480,3135.75757575758
"1036",4632,17,10,3952063.80952381,395206.380952381
"1037",4632,18,3,387393.333333333,129131.111111111
"1038",4632,19,36,835201.666666667,23200.0462962963
"1039",4632,21,12,961078.333333333,80089.8611111111
"1040",4632,24,3,132755,44251.6666666667
"1041",4632,4,5,680753.333333333,136150.666666667
"1042",4632,5,8,1174448.33333333,146806.041666667
"1043",4632,6,40,1060047.61904762,26501.1904761905
"1044",4632,7,3,736075.75,245358.583333333
"1045",4635,1,1,447534.761904762,447534.761904762
"1046",4635,10,9,627785,69753.8888888889
"1047",4635,11,5,1424775.04761905,284955.00952381
"1048",4635,12,1,294636.033333333,294636.033333333
"1049",4635,13,8,641137.533333333,80142.1916666667
"1050",4635,14,22,2839968.33333333,129089.46969697
"1051",4635,15,1,316349.166666667,316349.166666667
"1052",4635,18,10,588366.666666667,58836.6666666667
"1053",4635,19,1,937628.366073281,937628.366073281
"1054",4635,2,10,497305,49730.5
"1055",4635,20,1,688153.333333333,688153.333333333
"1056",4635,21,50,1167848.21428571,23356.9642857143
"1057",4635,3,8,2410076.00952381,301259.501190476
"1058",4635,4,25,3139415.65245547,125576.626098219
"1059",4635,5,24,2137958.71428571,89081.6130952381
"1060",4635,6,5,14690.8333333333,2938.16666666667
"1061",4635,7,2,1156406.92,578203.46
"1062",4635,8,1,130450,130450
"1063",4635,9,15,1357908.04,90527.2026666667
"1064",4639,1,10,310966.666666667,31096.6666666667
"1065",4639,10,1,509620.116087501,509620.116087501
"1066",4639,11,6,4870923.80952381,811820.634920635
"1067",4639,12,6,5563115.23809524,927185.873015873
"1068",4639,13,1,210638,210638
"1069",4639,14,3,169540,56513.3333333333
"1070",4639,15,10,1176086.66666667,117608.666666667
"1071",4639,16,6,1290103.33333333,215017.222222222
"1072",4639,17,14,2529628.57142857,180687.755102041
"1073",4639,18,2,497903.670734802,248951.835367401
"1074",4639,19,2,2361575,1180787.5
"1075",4639,2,3,246660,82220
"1076",4639,20,10,1711009.04761905,171100.904761905
"1077",4639,23,2,383710,191855
"1078",4639,3,4,411516.666666667,102879.166666667
"1079",4639,4,7,1366766.66666667,195252.380952381
"1080",4639,5,4,307416.666666667,76854.1666666667
"1081",4639,6,9,1373480,152608.888888889
"1082",4639,7,6,395510.142857143,65918.3571428571
"1083",4639,9,3,1915005.5952381,638335.198412698
"1084",4642,15,40,3817764.03826077,95444.1009565192
"1085",4642,18,7,688972.619047619,98424.6598639456
"1086",4642,2,40,1118538.80952381,27963.4702380952
"1087",4642,3,20,63025,3151.25
"1088",4642,4,20,154273.80952381,7713.69047619048
"1089",4645,13,40,193181.893640013,4829.54734100033
"1090",4645,15,0.09375,1447605.99206349,15441130.5820106
"1091",4645,16,0.03125,-78949.8335296285,-2526394.67294811
"1092",4645,18,0.25,2326856.84407045,9307427.37628181
"1093",4645,19,45,17794456.8095238,395432.373544974
"1094",4645,20,0.125,1271677.61904762,10173420.952381
"1095",4645,25,16,1073398.86360352,67087.42897522
"1096",4645,8,0.375,1122271.68559888,2992724.49493033
"1097",4649,1,6,555802.857142857,92633.8095238095
"1098",4649,10,50,14950110,299002.2
"1099",4649,13,20,761600,38080
"1100",4649,14,10,747665.714285714,74766.5714285714
"1101",4649,18,50,1694214.28571429,33884.2857142857
"1102",4649,2,5,1584103.57142857,316820.714285714
"1103",4649,3,50,4594507.85714286,91890.1571428571
"1104",4649,4,10,4848803.57142857,484880.357142857
"1105",4652,11,4,2595046.5,648761.625
"1106",4652,13,10,3244964.57142857,324496.457142857
"1107",4652,14,30,2433720.69047619,81124.023015873
"1108",4652,15,4,2732003.33333333,683000.833333333
"1109",4652,16,12,775079.166666667,64589.9305555556
"1110",4652,17,8,2046473.33333333,255809.166666667
"1111",4652,2,10,409675,40967.5
"1112",4652,20,11,1016044.16666667,92367.6515151515
"1113",4652,21,0.03125,1023807.62081529,32761843.8660892
"1114",4652,3,8,2117924,264740.5
"1115",4652,4,4,4297607.4028088,1074401.8507022
"1116",4652,7,60,912428.666666667,15207.1444444444
"1117",4652,8,6,140325,23387.5
"1118",4655,11,4,5207885.47619048,1301971.36904762
"1119",4655,12,3,256116.666666667,85372.2222222222
"1120",4655,13,6,2735258.80952381,455876.468253968
"1121",4655,14,3,6607245.71428572,2202415.23809524
"1122",4655,15,8,1787879.38095238,223484.922619048
"1123",4655,3,8,2055846.07142857,256980.758928571
"1124",4655,8,6,106267.5,17711.25
"1125",4655,9,5,856960.190476191,171392.038095238
"1126",4659,1,1,9333.33333333333,9333.33333333333
"1127",4659,10,20,626500,31325
"1128",4659,13,0.025,397665,15906600
"1129",4659,16,5,479590.476190476,95918.0952380952
"1130",4659,6,1,102200,102200
"1131",4659,7,20,-523013.3,-26150.665
"1132",4662,18,3,381425,127141.666666667
"1133",4665,13,40,791206.689312402,19780.16723281
"1134",4665,14,4,2181633.33333333,545408.333333333
"1135",4665,15,5,96371.4285714286,19274.2857142857
"1136",4665,16,6,485103.333333333,80850.5555555556
"1137",4665,17,216,775670.317493107,3591.06628469031
"1138",4665,18,2,135571.428571429,67785.7142857143
"1139",4665,4,10,264704.761904762,26470.4761904762
"1140",4672,10,0.00625,170166.5,27226640
"1141",4672,11,0.1,147853.333333333,1478533.33333333
"1142",4672,12,0.0625,29877.619047619,478041.904761904
"1143",4672,13,0.05,1615030,32300600
"1144",4672,14,0.0625,1254841.07142857,20077457.1428571
"1145",4672,15,0.00625,182569.333333333,29211093.3333333
"1146",4672,17,12,403285.833333333,33607.1527777778
"1147",4672,19,0.0125,3364760.35714286,269180828.571429
"1148",4672,2,0.01875,607416.666666667,32395555.5555556
"1149",4672,20,0.15,338205.583333333,2254703.88888889
"1150",4672,6,1,352496.833333333,352496.833333333
"1151",4675,11,1,154858.333333333,154858.333333333
"1152",4675,13,8,1851253.80952381,231406.726190476
"1153",4675,15,7,1560269.52380952,222895.646258503
"1154",4675,18,5,108980.833333333,21796.1666666667
"1155",4675,19,10,1342838.75401927,134283.875401927
"1156",4675,20,5,176500,35300
"1157",4675,21,5,1669138.0952381,333827.619047619
"1158",4675,3,10,192500,19250
"1159",4675,4,0.0375,725017.380952381,19333796.8253968
"1160",4675,5,3,1594675.83333333,531558.611111111
"1161",4675,6,12,526944.96031746,43912.080026455
"1162",4675,7,6,-79950,-13325
"1163",4675,8,16,-13881.6666666667,-867.604166666667
"1164",4675,9,3,-48108.3333333333,-16036.1111111111
"1165",4679,24,0.00918274,-240000,-26135989.9115079
"1166",4682,9,0.6427918,2092200,3254864.17219386
"1167",4685,10,4,44180.7142857143,11045.1785714286
"1168",4685,12,2,1141928.57142857,570964.285714286
"1169",4685,19,24,-84094.5833333333,-3503.94097222222
"1170",4685,5,1,1065018.0952381,1065018.0952381
"1171",4685,6,10,653170.242486173,65317.0242486173
"1172",4689,1,36,381892.857142857,10608.1349206349
"1173",4689,15,4,-21272.3912604923,-5318.09781512307
"1174",4689,16,6,-83107.1428571429,-13851.1904761905
"1175",4689,21,10,1218244.57677285,121824.457677285
"1176",4689,3,4,3451012.69704143,862753.174260356
"1177",4689,4,10,257964.285714286,25796.4285714286
"1178",4689,5,3,-380314.285714286,-126771.428571429
"1179",4689,6,3000,1870500,623.5
"1180",4689,8,20,-159944.220143382,-7997.21100716909
"1181",4695,10,15,192355,12823.6666666667
"1182",4695,14,0.00918274,368462.261904762,40125524.832976
"1183",4699,1,0.74380194,-78898.0952380953,-106074.064875517
"1184",4699,11,6,1050609.32380952,175101.553968254
"1185",4699,12,10,1517304.44594156,151730.444594156
"1186",4699,13,0.05509644,94500,1715174.33794271
"1187",4712,17,6,513566.666666667,85594.4444444445
"1188",4722,20,30,-327351.666666667,-10911.7222222222
"1189",4729,13,20,-130357.142857143,-6517.85714285714
"1190",4729,19,20,-234642.857142857,-11732.1428571429
"1191",4729,20,30,0,0
"1192",4729,21,20,0,0
"1193",4732,12,3,203009.523809524,67669.8412698413
"1194",4739,10,3,264930.952380952,88310.3174603175
"1195",4739,13,180,1057842.61904762,5876.90343915344
"1196",4739,15,3,533853.809523809,177951.26984127
"1197",4739,19,1,-65000,-65000
"1198",4739,20,4,1510454.52380952,377613.630952381
"1199",4742,4,10,848752.678571429,84875.2678571429
"1200",4745,13,5,716171.003401361,143234.200680272
"1201",4745,20,20,3359458.33333333,167972.916666667
"1202",4750,10,8,362130,45266.25
"1203",4750,12,3,-24901.673729023,-8300.55790967434
"1204",4750,15,1,6501757.14285714,6501757.14285714
"1205",4750,16,2,829080.317793678,414540.158896839
"1206",4750,24,2,134220.833333333,67110.4166666667
"1207",4750,3,2,410324.70180421,205162.350902105
"1208",4750,5,2,97906.5536689648,48953.2768344824
"1209",4750,8,1,480429.720353535,480429.720353535
"1210",4750,9,1,-48000,-48000
"1211",4752,17,13,6937075.68273092,533621.206363917
"1212",4752,3,7,307741.666666667,43963.0952380952
"1213",4755,11,10,162520,16252
"1214",4755,13,1,-164000,-164000
"1215",4755,14,4,2705671.78571429,676417.946428571
"1216",4755,15,2,2434033.33333333,1217016.66666667
"1217",4755,16,23,1084724.16666667,47161.9202898551
"1218",4755,17,50,2769428.78571429,55388.5757142857
"1219",4755,18,21,3745791.42857143,178371.020408163
"1220",4755,19,1,983266.666666667,983266.666666667
"1221",4755,7,5,-17538.3333333333,-3507.66666666667
"1222",4755,8,0.00625,-59000,-9440000
"1223",4755,9,2,2215214.28571429,1107607.14285714
"1224",4759,1,10,3800165.71428571,380016.571428571
"1225",4759,16,27,334932.367975517,12404.9025176117
"1226",4759,17,10,3032513.33333333,303251.333333333
"1227",4759,18,10,3702348.33968334,370234.833968334
"1228",4759,5,0.125,2416709.52380952,19333676.1904762
"1229",4762,1,10,107208.333333333,10720.8333333333
"1230",4762,11,15,637505.714285714,42500.380952381
"1231",4762,14,4,67462.6666666667,16865.6666666667
"1232",4762,18,10,464540.833333333,46454.0833333333
"1233",4762,19,14,978945.6,69924.6857142857
"1234",4762,22,3,167778.333333333,55926.1111111111
"1235",4762,6,17,684142.128057471,40243.6545916159
"1236",4765,1,0.01875,775712.083333333,41371311.1111111
"1237",4765,12,6,333521.666666667,55586.9444444444
"1238",4765,14,10,2342776.01190476,234277.601190476
"1239",4765,16,0.03125,245833.316422799,7866666.12552957
"1240",4765,17,0.0625,68990,1103840
"1241",4765,2,0.025,190777.759259259,7631110.37037037
"1242",4765,5,2,340929.285714286,170464.642857143
"1243",4765,6,0.05,-672408.956736909,-13448179.1347382
"1244",4772,14,4,153807.976190476,38451.994047619
"1245",4772,15,5,13852.5,2770.5
"1246",4772,20,5,859115.357142857,171823.071428571
"1247",4772,4,6,573367.5,95561.25
"1248",4772,6,4,1663093.163066,415773.2907665
"1249",4772,8,5,382925.833333333,76585.1666666667
"1250",4772,9,4,315140.214285714,78785.0535714286
"1251",4775,1,0.03673096,1190833.33333333,32420424.985716
"1252",4775,12,5,796558.333333333,159311.666666667
"1253",4775,3,6,3346347.61904762,557724.603174603
"1254",4779,11,1,561332.857142857,561332.857142857
"1255",4779,8,3,452868.809523809,150956.26984127
"1256",4782,12,5,1089574.76190476,217914.952380952
"1257",4782,13,8,1683970.95238095,210496.369047619
"1258",4782,7,27,2573731.66666667,95323.3950617284
"1259",4785,16,5,2685019.04761905,537003.809523809
"1260",4790,10,50,-274670.864661654,-5493.41729323308
"1261",4790,11,30,576856.844862155,19228.5614954052
"1262",4790,12,34,-198283.209419534,-5831.85910057454
"1263",4790,14,36,1683719.64285714,46769.9900793651
"1264",4790,16,80,1126572.66666667,14082.1583333333
"1265",4790,17,10,694746.666666667,69474.6666666667
"1266",4790,18,7,2110932.85714286,301561.836734694
"1267",4790,21,0.16528932,283826.666666667,1717150.67051317
"1268",4790,22,48,437500,9114.58333333333
"1269",4790,25,8,741899.7,92737.4625
"1270",4790,8,10,2136370,213637
"1271",4792,1,0.1836548,343824.142857143,1872121.73521815
"1272",4792,11,0.66115728,1731146.66666667,2618358.32264702
"1273",4792,12,0.44077152,757236.904761905,1717980.56453807
"1274",4792,13,0.5509644,1494939.04761905,2713313.32408963
"1275",4792,14,0.05509644,1838322.77269601,33365545.445332
"1276",4792,17,0.459137,2105440.95238095,4585648.62422535
"1277",4792,18,1.2855836,2602486.78571429,2024362.15405539
"1278",4792,2,0.1377411,222443.214285714,1614937.11234856
"1279",4792,3,1.836548,669288.333333333,364427.35683104
"1280",4792,4,0.66115728,1358074.28571429,2054086.56426544
"1281",4792,5,0.3673096,2819899.28571429,7677172.84196843
"1282",4792,6,10,2493888.14285714,249388.814285714
"1283",4792,7,0.1836548,2075898.33333333,11303262.0619408
"1284",4792,8,0.25711672,776383.214285714,3019574.97857671
"1285",4792,9,0.05509644,311859.523809524,5660248.17228706
"1286",4799,15,0.16528932,6674,40377.6844142138
"1287",4799,9,0.00918274,260741.19047619,28394704.6825011
"1288",4809,12,0.2754822,-22078.4761904762,-80144.8376355213
"1289",4809,14,5,176217.976190476,35243.5952380952
"1290",4815,1,0.11019288,1602660,14544133.8859643
"1291",4815,12,0.00918274,1414795.47619048,154071167.885672
"1292",4815,18,0.00918274,-2931244.79869084,-319212435.361433
"1293",4815,19,0.00918274,3042200.71428571,331295529.90564
"1294",4815,4,0.24793398,8607195.23809524,34715674.0600673
"1295",4815,5,0.00918274,834585.714285714,90886349.2035835
"1296",4815,8,0.02754822,3556178.57142857,129089232.314413
"1297",4815,9,0.03673096,3759817.21428571,102360984.147589
"1298",4819,1,4,149911.904761905,37477.9761904762
"1299",4819,10,5,194361.904761905,38872.380952381
"1300",4819,11,20,1146203.80952381,57310.1904761905
"1301",4819,12,12,1341061.07142857,111755.089285714
"1302",4819,14,4,241776.666666667,60444.1666666667
"1303",4819,15,15,1063973.80952381,70931.5873015873
"1304",4819,16,21,2448432.58439061,116592.027828125
"1305",4819,17,14,996316.666666667,71165.4761904762
"1306",4819,18,38,3858270,101533.421052632
"1307",4819,19,20,499726.904761905,24986.3452380952
"1308",4819,2,11,626834.404761905,56984.9458874459
"1309",4819,20,5,478067.857142857,95613.5714285714
"1310",4819,3,11,761710.952380952,69246.4502164502
"1311",4819,4,32,1572928.57142857,49154.0178571429
"1312",4819,5,22,2627760.23809524,119443.647186147
"1313",4819,6,10,1031794.28571429,103179.428571429
"1314",4819,7,16,1336556.66666667,83534.7916666667
"1315",4819,8,8,734967.857142857,91870.9821428571
"1316",4819,9,13,936683.333333333,72052.5641025641
"1317",4822,1,4,2339721.9047619,584930.476190476
"1318",4822,10,4,3111719.33333333,777929.833333333
"1319",4822,12,15,2281710.95238095,152114.063492063
"1320",4822,13,3,1412735.95238095,470911.984126984
"1321",4822,15,3,591009.642857143,197003.214285714
"1322",4822,17,14,1278314.04761905,91308.1462585034
"1323",4822,2,10,3350557.85714286,335055.785714286
"1324",4822,4,6,4770219.04761905,795036.507936508
"1325",4822,9,8,5923455.71428571,740431.964285714
"1326",4825,13,40,3857906.42857143,96447.6607142857
"1327",4825,16,30,1051667.5,35055.5833333333
"1328",4825,18,36,2498574.28571429,69404.8412698413
"1329",4825,19,32,2937411.19047619,91794.099702381
"1330",4825,20,5,1027494.28571429,205498.857142857
"1331",4825,23,12,1308080.23809524,109006.686507937
"1332",4825,4,6,1278902.61904762,213150.436507936
"1333",4825,5,50,1970238.9719888,39404.7794397759
"1334",4825,6,11,213633.333333333,19421.2121212121
"1335",4825,7,29,2977664.16666667,102678.074712644
"1336",4829,1,5,1204037.61904762,240807.523809524
"1337",4829,12,40,2372923.33333333,59323.0833333333
"1338",4829,16,68,1755940.83333333,25822.6593137255
"1339",4829,19,4,1318406.66666667,329601.666666667
"1340",4829,20,8,4454126.66666667,556765.833333333
"1341",4829,4,30,1472052.11666667,49068.4038888889
"1342",4829,8,20,17233842.4344596,861692.121722978
"1343",4832,10,0.00918274,4832831.86481304,526295186.928198
"1344",4832,14,1,3083826.78571429,3083826.78571429
"1345",4832,3,1,3148038.80952381,3148038.80952381
"1346",4832,8,0.00918274,3172758.38285714,345513254.525027
"1347",4842,1,10,292299.047619048,29229.9047619048
"1348",4842,11,7,415691.547619048,59384.5068027211
"1349",4842,12,6,1062320,177053.333333333
"1350",4842,14,6,228099.047619048,38016.5079365079
"1351",4842,16,5,433980.952380952,86796.1904761905
"1352",4842,17,6,915390.119047619,152565.01984127
"1353",4842,20,6,306149.047619048,51024.8412698413
"1354",4842,4,3,182969.285714286,60989.7619047619
"1355",4842,5,4,272450.476190476,68112.619047619
"1356",4842,6,7,171226.666666667,24460.9523809524
"1357",4842,7,6,483684.285714286,80614.0476190476
"1358",4842,8,8,784056.071428571,98007.0089285714
"1359",4859,1,5,377814.285714286,75562.8571428571
"1360",4859,10,4,16446.6666666667,4111.66666666667
"1361",4859,11,15,1051953.0952381,70130.2063492063
"1362",4859,12,7,181891.19047619,25984.4557823129
"1363",4859,13,5,359709.523809524,71941.9047619048
"1364",4859,14,4,55553.5714285714,13888.3928571429
"1365",4859,15,12,740348.333333333,61695.6944444444
"1366",4859,16,6,343575.238095238,57262.5396825397
"1367",4859,17,7,121243.095238095,17320.4421768707
"1368",4859,18,4,633418.571428571,158354.642857143
"1369",4859,19,10,215961.785714286,21596.1785714286
"1370",4859,2,2,104321.428571429,52160.7142857143
"1371",4859,20,7,755202.380952381,107886.054421769
"1372",4859,3,5,166763.333333333,33352.6666666667
"1373",4859,4,1,-10342.8571428571,-10342.8571428571
"1374",4859,5,7,298350,42621.4285714286
"1375",4859,6,3,-44561.9047619048,-14853.9682539683
"1376",4859,7,5,-32554.7619047619,-6510.95238095238
"1377",4859,8,3,416036.952380952,138678.984126984
"1378",4859,9,5,285778.214285714,57155.6428571429
"1379",4862,1,4,-54750,-13687.5
"1380",4862,10,4,-37838.0952380952,-9459.52380952381
"1381",4862,11,6,601374.285714286,100229.047619048
"1382",4862,12,10,1078697.14285714,107869.714285714
"1383",4862,13,6,-19522.3809523809,-3253.73015873016
"1384",4862,14,8,2039.28571428568,254.91071428571
"1385",4862,15,5,154757.142857143,30951.4285714286
"1386",4862,17,4,-91250,-22812.5
"1387",4862,18,5,139611.428571429,27922.2857142857
"1388",4862,19,4,69993.2142857143,17498.3035714286
"1389",4862,2,14,1682566.19047619,120183.299319728
"1390",4862,20,3,507925.714285714,169308.571428571
"1391",4862,3,12,754365.714285714,62863.8095238095
"1392",4862,4,6,-142103.80952381,-23683.9682539683
"1393",4862,5,10,-6241.90476190478,-624.190476190478
"1394",4862,7,13,270277.857142857,20790.6043956044
"1395",4862,8,5,-11163.3333333333,-2232.66666666667
"1396",4865,18,1,-211200,-211200
"1397",4879,1,6,345276.904761905,57546.1507936508
"1398",4879,10,3,698796.428571429,232932.142857143
"1399",4879,11,5,171895.714285714,34379.1428571429
"1400",4879,12,5,162139.285714286,32427.8571428571
"1401",4879,13,4,350782.380952381,87695.5952380952
"1402",4879,14,6,416972.142857143,69495.3571428571
"1403",4879,15,4,-81134.2857142857,-20283.5714285714
"1404",4879,16,5,124526.666666667,24905.3333333333
"1405",4879,17,4,312043.095238095,78010.7738095238
"1406",4879,18,3,91562.8571428571,30520.9523809524
"1407",4879,19,6,1440886.66666667,240147.777777778
"1408",4879,2,4,184393.571428571,46098.3928571429
"1409",4879,20,7,746584.761904762,106654.965986395
"1410",4879,3,6,482571.857142857,80428.6428571429
"1411",4879,4,8,3139378.0952381,392422.261904762
"1412",4879,5,5,354215.119047619,70843.0238095238
"1413",4879,6,8,176965.952380952,22120.744047619
"1414",4879,7,6,247666.666666667,41277.7777777778
"1415",4879,8,6,306318.095238095,51053.0158730159
"1416",4879,9,3,44005,14668.3333333333
"1417",4882,10,3,-29028.5714285714,-9676.19047619048
"1418",4882,11,4,49466.6666666667,12366.6666666667
"1419",4882,13,5,61400.4761904762,12280.0952380952
"1420",4882,14,3,230616.19047619,76872.0634920635
"1421",4882,15,6,104931.428571429,17488.5714285714
"1422",4882,16,3,-142105.714285714,-47368.5714285714
"1423",4882,17,1,-19201.9047619048,-19201.9047619048
"1424",4882,2,4,-45457.6190476191,-11364.4047619048
"1425",4882,21,7,-533387.619047619,-76198.231292517
"1426",4882,3,4,-27252.5170782915,-6813.12926957287
"1427",4882,4,5,-26229.0476190476,-5245.80952380952
"1428",4882,6,5,71269.6428571429,14253.9285714286
"1429",4882,7,3,214447.380952381,71482.4603174603
"1430",4882,8,5,-78214.2857142857,-15642.8571428571
"1431",4882,9,4,593528.095238095,148382.023809524
"1432",4885,1,9,864679.404761905,96075.4894179894
"1433",4885,10,6,1035585.95238095,172597.658730159
"1434",4885,11,5,631657.619047619,126331.523809524
"1435",4885,12,1,151643.452380952,151643.452380952
"1436",4885,13,10,1277808.0952381,127780.80952381
"1437",4885,14,7,818170,116881.428571429
"1438",4885,15,8,721851.428571429,90231.4285714286
"1439",4885,16,7,755152.380952381,107878.911564626
"1440",4885,17,6,464688.571428571,77448.0952380952
"1441",4885,19,4,563489.285714286,140872.321428571
"1442",4885,2,5,467909.523809524,93581.9047619048
"1443",4885,20,9,793199.642857143,88133.2936507937
"1444",4885,3,6,665047.380952381,110841.23015873
"1445",4885,4,4,345419.285714286,86354.8214285714
"1446",4885,5,6,701481.428571429,116913.571428571
"1447",4885,6,4,514260.952380952,128565.238095238
"1448",4885,7,5,1368137.14285714,273627.428571429
"1449",4885,8,5,533665.238095238,106733.047619048
"1450",4885,9,8,856054.523809524,107006.81547619
"1451",4895,1,5,619538.690476191,123907.738095238
"1452",4895,10,8,812563.333333333,101570.416666667
"1453",4895,11,8,664090.178571429,83011.2723214286
"1454",4895,12,4,619769.571428571,154942.392857143
"1455",4895,13,8,455926.011904762,56990.7514880952
"1456",4895,14,5,392097.857142857,78419.5714285714
"1457",4895,15,4,324837.559523809,81209.3898809524
"1458",4895,16,6,300278.452380952,50046.4087301587
"1459",4895,17,5,1114193.0952381,222838.619047619
"1460",4895,18,5,427391.428571429,85478.2857142857
"1461",4895,19,6,484357.023809524,80726.1706349206
"1462",4895,20,7,365100.357142857,52157.193877551
"1463",4895,4,4,1000385.47619048,250096.369047619
"1464",4895,6,2,267104.523809524,133552.261904762
"1465",4895,8,36,292964.976190476,8137.91600529101
"1466",4895,9,8,713851.785714286,89231.4732142857
"1467",4905,1,2,563134.523809524,281567.261904762
"1468",4905,10,5,598172.619047619,119634.523809524
"1469",4905,11,4,486914.583333333,121728.645833333
"1470",4905,12,0.0375,257264.285714286,6860380.95238095
"1471",4905,13,6,366205.357142857,61034.2261904762
"1472",4905,14,4,667045.714285714,166761.428571429
"1473",4905,15,2,280922.738095238,140461.369047619
"1474",4905,16,2,325877.380952381,162938.69047619
"1475",4905,17,6,221989.404761905,36998.2341269841
"1476",4905,18,6,402895.119047619,67149.1865079365
"1477",4905,19,5,387057.142857143,77411.4285714286
"1478",4905,2,7,524767.619047619,74966.8027210884
"1479",4905,20,4,188751.785714286,47187.9464285714
"1480",4905,3,6,472018.857142857,78669.8095238095
"1481",4905,4,4,439720.357142857,109930.089285714
"1482",4905,5,3,185600.595238095,61866.8650793651
"1483",4905,6,0.025,316548.80952381,12661952.3809524
"1484",4905,7,0.01875,193872.857142857,10339885.7142857
"1485",4905,8,0.025,312325.595238095,12493023.8095238
"1486",4905,9,3,522267.321428571,174089.107142857
"1487",4915,1,3,82179.1666666667,27393.0555555556
"1488",4915,10,7,328650.714285714,46950.1020408163
"1489",4915,11,7,1466167.79761905,209452.542517007
"1490",4915,12,5,488723.80952381,97744.7619047619
"1491",4915,13,5,490885.238095238,98177.0476190476
"1492",4915,14,5,400225.238095238,80045.0476190476
"1493",4915,15,1,185242.857142857,185242.857142857
"1494",4915,16,6,278855,46475.8333333333
"1495",4915,17,5,222880.833333333,44576.1666666667
"1496",4915,18,4,209431.904761905,52357.9761904762
"1497",4915,19,3,186216.19047619,62072.0634920635
"1498",4915,2,8,92286.0714285714,11535.7589285714
"1499",4915,20,9,1259276.9047619,139919.656084656
"1500",4915,3,4,436703.630952381,109175.907738095
"1501",4915,4,3,21902.1428571429,7300.71428571429
"1502",4915,5,6,248085,41347.5
"1503",4915,6,5,194988.392857143,38997.6785714286
"1504",4915,7,3,92817.1428571429,30939.0476190476
"1505",4915,8,6,186051.904761905,31008.6507936508
"1506",4915,9,4,394587.976190476,98646.9940476191
"1507",4922,1,1,-839821.428571429,-839821.428571429
"1508",4922,3,1,-8713.80952380952,-8713.80952380952
"1509",4925,14,0.125,285047.619047619,2280380.95238095
"1510",4925,19,4,-31285.7142857143,-7821.42857142857
"1511",4929,1,0.99173592,555640.238095238,560270.357148341
"1512",4929,20,0.2295685,422105.119047619,1838689.1888374
"1513",4932,3,0.03673096,801917.346428572,21832191.329292
"1514",4939,10,40,2834354.04524823,70858.8511312057
"1515",4939,13,1,2784868.45238095,2784868.45238095
"1516",4939,16,140,5783150.51960784,41308.2179971989
"1517",4939,17,200,2190203.33333333,10951.0166666667
"1518",4939,18,4,240435.416666667,60108.8541666667
"1519",4939,2,4,1979178.33333333,494794.583333333
"1520",4939,5,20,3937847.38095238,196892.369047619
"1521",4942,1,3,1393574.28571429,464524.761904762
"1522",4942,10,20,2663465.57784074,133173.278892037
"1523",4942,12,51,1500397.30532213,29419.5550063163
"1524",4942,13,33,894280.162464986,27099.3988625753
"1525",4942,15,3,2493285.71428571,831095.238095238
"1526",4942,16,40,3016440.47619048,75411.0119047619
"1527",4942,19,70,1394349.92436975,19919.2846338535
"1528",4942,20,35,304779.68627451,8707.99103641457
"1529",4942,3,250,1345735.40056022,5382.9416022409
"1530",4942,4,3,2112652.85714286,704217.619047619
"1531",4942,8,10,3875614.28571429,387561.428571429
"1532",4942,9,10,1259139.04761905,125913.904761905
"1533",4944,17,20,865522.916666667,43276.1458333333
"1534",4952,16,1,1913606.41812109,1913606.41812109
"1535",4952,20,1,49695.7142857143,49695.7142857143
"1536",4952,6,1,-29267.8571428571,-29267.8571428571
"1537",4952,7,1,-108907.571428571,-108907.571428571
"1538",4952,9,1,-56500,-56500
"1539",4955,1,25,268936.666666667,10757.4666666667
"1540",4955,10,7,676117.857142857,96588.2653061225
"1541",4955,11,8,475489.523809524,59436.1904761905
"1542",4955,12,10,2418642.38095238,241864.238095238
"1543",4955,13,10,384057.142857143,38405.7142857143
"1544",4955,14,11,364041.428571429,33094.6753246753
"1545",4955,15,8,574042.023809524,71755.2529761905
"1546",4955,16,10,512086.547619048,51208.6547619048
"1547",4955,17,7,747101.666666667,106728.80952381
"1548",4955,18,8,430372.619047619,53796.5773809524
"1549",4955,19,8,261758.630952381,32719.8288690476
"1550",4955,20,7,493268.571428571,70466.9387755102
"1551",4955,4,4,104645.476190476,26161.369047619
"1552",4955,5,6,474438.988095238,79073.1646825397
"1553",4955,6,8,-62122.380952381,-7765.29761904762
"1554",4955,7,9,621266.428571429,69029.6031746032
"1555",4955,8,14,1177156.19047619,84082.5850340136
"1556",4955,9,7,330351.190476191,47193.0272108844
"1557",4959,10,5,78351.4285714286,15670.2857142857
"1558",4959,11,12,1315465,109622.083333333
"1559",4959,12,10,3483623.57142857,348362.357142857
"1560",4959,13,7,2094455.5952381,299207.942176871
"1561",4959,14,6,604246.666666667,100707.777777778
"1562",4959,15,5,168852.857142857,33770.5714285714
"1563",4959,17,12,962022.619047619,80168.5515873016
"1564",4959,18,10,1223409.76190476,122340.976190476
"1565",4959,21,6,893709.285714286,148951.547619048
"1566",4959,9,6,247482.142857143,41247.0238095238
"1567",4962,13,0.08264466,-305035.714285714,-3690930.71815789
"1568",4962,16,0.025,-117321.428571429,-4692857.14285714
"1569",4962,17,0.01836548,1290651.42857143,70275943.1592002
"1570",4962,18,0.6887055,-67785.7142857143,-98424.819150877
"1571",4962,3,0.09375,56154.2857142857,598979.047619048
"1572",4962,8,0.02754822,138543.571428571,5029129.70161308
"1573",4975,7,8,325759.285714286,40719.9107142857
"1574",4979,1,5,2694083.33333333,538816.666666667
"1575",4979,10,5,866314.285714286,173262.857142857
"1576",4979,11,5,1365148.33333333,273029.666666667
"1577",4979,14,25,392021.428571429,15680.8571428571
"1578",4979,16,25,-97473.0952380953,-3898.92380952381
"1579",4979,19,25,-158661.428571429,-6346.45714285714
"1580",4979,2,50,-443842.857142857,-8876.85714285714
"1581",4979,20,25,-309191.428571429,-12367.6571428571
"1582",4979,5,1,-254876.19047619,-254876.19047619
"1583",4979,6,50,-1461320,-29226.4
"1584",4979,7,75,163933.333333333,2185.77777777778
"1585",4979,8,5,75461.9047619047,15092.3809523809
"1586",4979,9,25,-232765,-9310.6
"1587",4982,1,11,408449.047619048,37131.7316017316
"1588",4982,10,11,413763.80952381,37614.8917748918
"1589",4982,13,5,243375,48675
"1590",4982,14,4,85259.5238095238,21314.880952381
"1591",4982,16,12,299697.619047619,24974.8015873016
"1592",4982,17,15,338857.142857143,22590.4761904762
"1593",4982,19,4,218603.571428571,54650.8928571429
"1594",4982,2,20,521238.333333333,26061.9166666667
"1595",4982,3,14,470967.857142857,33640.5612244898
"1596",4982,4,13,-84085.7142857143,-6468.13186813187
"1597",4982,5,4,420642.857142857,105160.714285714
"1598",4982,7,8,305991.428571429,38248.9285714286
"1599",4982,8,0.0125,126623.80952381,10129904.7619048
"1600",4982,9,16,434812.142857143,27175.7589285714
"1601",4985,12,2,-21642.8571428571,-10821.4285714286
"1602",4985,14,10,855203.333333333,85520.3333333333
"1603",4985,17,2,-26642.8571428571,-13321.4285714286
"1604",4985,19,3,177000,59000
"1605",4985,9,2,-112128.571428571,-56064.2857142857
"1606",4989,1,6,522545.714285714,87090.9523809524
"1607",4995,1,7,1153857.14285714,164836.734693878
"1608",4995,10,3,568992.857142857,189664.285714286
"1609",4995,11,1,1551957.14285714,1551957.14285714
"1610",4995,13,3,615922.857142857,205307.619047619
"1611",4995,14,5,163809.523809524,32761.9047619048
"1612",4995,15,4,1141464.28571429,285366.071428571
"1613",4995,17,6,192949.047619048,32158.1746031746
"1614",4995,18,2,50192.8571428571,25096.4285714286
"1615",4995,2,6,1113402.85714286,185567.142857143
"1616",4995,20,1,-128450,-128450
"1617",4995,21,4,1734857.14285714,433714.285714286
"1618",4995,3,7,2459666.66666667,351380.952380952
"1619",4995,4,2,408928.571428571,204464.285714286
"1620",4995,5,6,222604.285714286,37100.7142857143
"1621",4995,6,2,229071.428571429,114535.714285714
"1622",4995,7,2,1601416.66666667,800708.333333333
