nh,clust,Honey
1,4002,0
2,4002,0
3,4002,0
4,4002,0
5,4002,0
6,4002,0
7,4002,0
8,4002,0
9,4002,0
11,4002,0
12,4002,0
13,4002,0
14,4002,0
16,4002,0
17,4002,0
18,4002,0
19,4002,0
20,4002,0
1,4005,0
2,4005,0
3,4005,0
4,4005,0
5,4005,0
6,4005,0
7,4005,0
8,4005,0
9,4005,0
11,4005,1800
12,4005,0
13,4005,0
14,4005,0
15,4005,0
16,4005,0
17,4005,0
18,4005,0
19,4005,0
20,4005,0
1,4009,0
2,4009,0
3,4009,0
4,4009,0
5,4009,0
6,4009,0
7,4009,0
8,4009,0
9,4009,0
11,4009,0
12,4009,0
13,4009,0
14,4009,0
15,4009,0
16,4009,0
17,4009,0
18,4009,0
19,4009,0
20,4009,0
21,4009,0
1,4012,0
3,4012,0
5,4012,0
6,4012,0
7,4012,0
8,4012,0
9,4012,0
10,4012,0
11,4012,0
12,4012,0
13,4012,0
14,4012,0
15,4012,0
16,4012,0
17,4012,0
18,4012,0
19,4012,0
20,4012,0
13,4015,0
1,4019,0
3,4019,0
4,4019,0
5,4019,0
6,4019,0
7,4019,0
9,4019,0
10,4019,0
11,4019,0
12,4019,0
13,4019,0
15,4019,0
16,4019,0
17,4019,0
18,4019,0
19,4019,0
20,4019,0
1,4022,0
2,4022,0
3,4022,0
4,4022,0
5,4022,0
6,4022,0
7,4022,0
8,4022,0
9,4022,0
10,4022,0
11,4022,0
12,4022,0
13,4022,0
14,4022,0
15,4022,0
16,4022,0
17,4022,0
18,4022,0
19,4022,0
20,4022,0
1,4025,0
2,4025,0
3,4025,0
6,4025,0
7,4025,0
8,4025,0
10,4025,0
12,4025,0
13,4025,0
14,4025,0
15,4025,0
17,4025,0
1,4029,0
2,4029,0
3,4029,0
4,4029,0
5,4029,0
7,4029,0
8,4029,0
10,4029,0
11,4029,0
12,4029,0
13,4029,0
14,4029,0
15,4029,0
16,4029,0
19,4029,0
1,4032,0
2,4032,0
3,4032,0
4,4032,0
5,4032,0
6,4032,0
7,4032,0
8,4032,0
9,4032,0
10,4032,0
11,4032,0
12,4032,0
13,4032,0
14,4032,0
15,4032,0
16,4032,0
17,4032,0
19,4032,0
20,4032,0
1,4035,0
2,4035,0
3,4035,0
4,4035,0
6,4035,0
8,4035,0
9,4035,0
10,4035,0
11,4035,0
12,4035,0
13,4035,0
14,4035,0
15,4035,0
16,4035,0
17,4035,0
18,4035,0
19,4035,0
20,4035,0
2,4039,0
3,4039,0
4,4039,0
5,4039,0
6,4039,0
7,4039,0
8,4039,0
9,4039,0
10,4039,0
11,4039,0
12,4039,0
13,4039,0
14,4039,0
15,4039,0
16,4039,0
17,4039,0
18,4039,0
19,4039,0
20,4039,0
1,4042,0
2,4042,0
3,4042,0
4,4042,0
5,4042,0
6,4042,0
9,4042,0
10,4042,0
11,4042,0
13,4042,0
14,4042,0
15,4042,0
16,4042,0
17,4042,0
18,4042,0
19,4042,0
20,4042,0
21,4042,0
1,4044,0
2,4044,0
4,4044,0
5,4044,0
6,4044,0
8,4044,0
9,4044,0
10,4044,0
11,4044,0
12,4044,0
13,4044,0
14,4044,0
15,4044,0
16,4044,0
17,4044,0
18,4044,0
19,4044,0
20,4044,0
1,4049,0
2,4049,0
3,4049,0
4,4049,0
5,4049,0
6,4049,0
7,4049,0
8,4049,0
9,4049,0
10,4049,0
11,4049,0
12,4049,0
13,4049,0
14,4049,0
15,4049,0
16,4049,0
17,4049,0
18,4049,0
19,4049,0
20,4049,0
18,4052,0
1,4055,0
2,4055,0
3,4055,0
4,4055,0
5,4055,0
6,4055,0
8,4055,0
9,4055,0
10,4055,0
11,4055,0
12,4055,0
13,4055,0
14,4055,0
15,4055,0
18,4055,0
19,4055,0
20,4055,0
25,4055,0
1,4059,0
2,4059,0
3,4059,0
7,4059,0
8,4059,0
9,4059,0
10,4059,0
11,4059,0
14,4059,0
15,4059,0
16,4059,0
1,4062,0
2,4062,0
3,4062,0
6,4062,0
7,4062,0
8,4062,0
10,4062,0
11,4062,0
12,4062,0
14,4062,0
15,4062,0
16,4062,0
17,4062,0
19,4062,0
20,4062,0
1,4065,0
2,4065,0
3,4065,0
5,4065,0
6,4065,0
7,4065,0
8,4065,0
9,4065,0
10,4065,0
11,4065,0
13,4065,0
14,4065,0
15,4065,0
16,4065,0
17,4065,0
20,4065,0
21,4065,0
23,4065,0
1,4069,0
2,4069,0
3,4069,0
4,4069,0
5,4069,0
6,4069,0
7,4069,0
8,4069,0
9,4069,0
10,4069,0
11,4069,0
12,4069,0
13,4069,0
14,4069,0
15,4069,0
16,4069,0
17,4069,0
18,4069,0
19,4069,0
20,4069,0
1,4072,0
2,4072,0
3,4072,0
4,4072,0
5,4072,0
8,4072,0
9,4072,0
10,4072,0
11,4072,0
12,4072,0
14,4072,0
15,4072,0
16,4072,0
17,4072,0
18,4072,0
19,4072,0
20,4072,0
1,4075,0
2,4075,0
3,4075,0
4,4075,0
5,4075,0
6,4075,0
7,4075,0
8,4075,0
9,4075,0
10,4075,0
11,4075,0
12,4075,0
13,4075,0
14,4075,0
15,4075,0
16,4075,0
18,4075,0
19,4075,50000
20,4075,30000
22,4075,0
1,4079,0
2,4079,0
3,4079,0
4,4079,0
5,4079,0
6,4079,0
7,4079,0
8,4079,0
9,4079,0
10,4079,0
11,4079,0
12,4079,0
13,4079,0
14,4079,0
15,4079,0
16,4079,0
17,4079,0
18,4079,0
19,4079,0
20,4079,0
1,4081,0
2,4081,0
3,4081,0
4,4081,0
5,4081,0
6,4081,0
7,4081,0
8,4081,0
9,4081,0
10,4081,0
11,4081,0
12,4081,0
13,4081,0
14,4081,0
15,4081,0
16,4081,0
18,4081,0
20,4081,0
3,4084,0
11,4084,0
14,4084,0
2,4089,0
3,4089,0
5,4089,0
6,4089,0
7,4089,0
9,4089,0
10,4089,0
12,4089,0
13,4089,0
15,4089,0
16,4089,0
17,4089,0
18,4089,0
19,4089,0
1,4092,0
2,4092,0
3,4092,0
4,4092,0
5,4092,0
6,4092,0
7,4092,0
8,4092,0
9,4092,0
10,4092,0
11,4092,0
12,4092,0
13,4092,0
14,4092,0
15,4092,0
16,4092,0
17,4092,0
18,4092,0
19,4092,0
20,4092,0
1,4095,0
2,4095,0
3,4095,0
4,4095,0
5,4095,0
6,4095,0
7,4095,0
8,4095,0
9,4095,0
10,4095,0
11,4095,0
12,4095,0
13,4095,0
14,4095,0
15,4095,0
16,4095,0
17,4095,0
18,4095,0
19,4095,0
20,4095,0
1,4099,0
2,4099,0
3,4099,0
4,4099,0
5,4099,0
6,4099,0
7,4099,0
8,4099,0
9,4099,0
10,4099,0
11,4099,0
12,4099,0
13,4099,0
14,4099,0
15,4099,0
16,4099,0
17,4099,0
18,4099,0
19,4099,0
20,4099,0
3,4102,0
4,4102,0
6,4102,0
12,4102,0
17,4102,0
2,4105,0
6,4105,0
10,4105,0
13,4105,0
18,4105,0
20,4105,0
21,4105,0
22,4105,0
19,4109,0
20,4109,0
2,4112,0
3,4112,0
4,4112,0
5,4112,0
6,4112,0
7,4112,0
9,4112,0
10,4112,0
11,4112,16000
12,4112,0
13,4112,0
14,4112,0
15,4112,0
16,4112,0
17,4112,0
19,4112,0
20,4112,0
2,4115,0
3,4115,0
5,4115,0
6,4115,0
7,4115,0
9,4115,0
11,4115,0
12,4115,0
13,4115,0
14,4115,0
15,4115,0
16,4115,0
17,4115,0
18,4115,0
19,4115,0
20,4115,0
1,4119,0
3,4119,0
4,4119,0
5,4119,0
6,4119,0
7,4119,0
8,4119,0
9,4119,0
12,4119,0
13,4119,0
14,4119,0
15,4119,0
16,4119,0
17,4119,0
18,4119,0
19,4119,0
20,4119,0
2,4122,0
4,4122,0
5,4122,0
7,4122,0
9,4122,0
10,4122,0
11,4122,0
14,4122,0
17,4122,0
19,4122,0
20,4122,0
1,4125,0
2,4125,0
3,4125,0
4,4125,0
5,4125,0
6,4125,0
8,4125,0
9,4125,0
10,4125,0
11,4125,0
12,4125,0
13,4125,0
14,4125,0
16,4125,0
17,4125,0
19,4125,0
20,4125,0
1,4129,0
2,4129,0
3,4129,0
4,4129,0
5,4129,0
6,4129,0
7,4129,0
8,4129,0
9,4129,0
10,4129,0
11,4129,0
12,4129,0
13,4129,0
14,4129,0
15,4129,0
16,4129,0
17,4129,0
18,4129,0
19,4129,0
20,4129,0
1,4132,0
2,4132,0
3,4132,0
4,4132,0
5,4132,0
6,4132,0
7,4132,0
8,4132,0
9,4132,0
10,4132,0
11,4132,0
12,4132,0
13,4132,0
14,4132,0
16,4132,0
17,4132,0
18,4132,0
19,4132,0
20,4132,0
1,4134,0
2,4134,0
4,4134,0
5,4134,0
6,4134,0
7,4134,0
8,4134,0
9,4134,0
11,4134,0
12,4134,0
13,4134,0
14,4134,0
15,4134,0
16,4134,0
17,4134,0
18,4134,0
20,4134,0
2,4139,0
3,4139,0
4,4139,0
5,4139,0
6,4139,0
7,4139,0
8,4139,0
10,4139,0
11,4139,0
13,4139,0
15,4139,0
16,4139,0
17,4139,0
18,4139,0
20,4139,0
10,4142,0
20,4142,0
1,4149,0
2,4149,0
3,4149,0
5,4149,0
6,4149,0
7,4149,0
8,4149,0
9,4149,0
10,4149,0
11,4149,0
12,4149,0
13,4149,0
15,4149,0
16,4149,0
17,4149,0
18,4149,0
19,4149,0
20,4149,0
23,4149,0
24,4149,0
1,4152,0
2,4152,0
3,4152,0
4,4152,0
5,4152,0
6,4152,0
7,4152,0
8,4152,0
9,4152,0
10,4152,0
12,4152,0
14,4152,0
17,4152,0
19,4152,0
20,4152,0
21,4152,0
23,4152,0
1,4155,0
4,4155,0
7,4155,0
9,4155,0
11,4155,0
12,4155,0
15,4155,0
16,4155,0
19,4155,0
20,4155,0
2,4159,0
7,4159,0
8,4159,0
9,4159,0
13,4159,0
15,4159,0
17,4159,0
3,4162,0
4,4162,0
12,4162,0
6,4169,0
1,4172,0
10,4172,0
5,4175,0
10,4175,0
16,4175,0
19,4175,0
5,4179,0
10,4179,0
12,4179,0
14,4179,0
16,4179,0
9,4182,0
13,4182,0
15,4182,0
1,4189,0
2,4189,0
3,4189,0
4,4189,0
5,4189,0
6,4189,0
7,4189,0
11,4189,0
12,4189,0
15,4189,0
17,4189,0
18,4189,0
19,4189,0
1,4192,0
2,4192,0
3,4192,0
4,4192,0
5,4192,0
7,4192,0
8,4192,0
9,4192,0
10,4192,0
11,4192,0
12,4192,0
13,4192,0
14,4192,0
15,4192,0
16,4192,0
17,4192,0
18,4192,0
19,4192,0
1,4199,0
2,4199,0
3,4199,0
4,4199,0
5,4199,0
6,4199,0
7,4199,0
8,4199,0
9,4199,0
10,4199,0
11,4199,0
12,4199,0
13,4199,0
14,4199,0
16,4199,0
17,4199,0
18,4199,448000
19,4199,0
20,4199,0
2,4202,0
4,4202,0
5,4202,0
6,4202,0
9,4202,0
11,4202,0
17,4202,0
1,4205,0
3,4205,0
4,4205,0
5,4205,0
6,4205,0
7,4205,0
8,4205,0
9,4205,0
10,4205,0
11,4205,0
12,4205,0
13,4205,0
14,4205,0
15,4205,0
16,4205,0
17,4205,0
18,4205,0
19,4205,0
20,4205,0
8,4209,0
17,4212,0
12,4242,0
9,4322,0
7,4329,0
9,4329,0
10,4329,0
14,4329,0
2,4332,0
1,4335,0
2,4335,0
3,4335,0
4,4335,0
5,4335,0
6,4335,0
7,4335,0
8,4335,0
9,4335,0
10,4335,0
11,4335,0
12,4335,0
13,4335,0
14,4335,0
15,4335,0
16,4335,0
17,4335,0
18,4335,0
19,4335,0
20,4335,0
1,4339,0
2,4339,0
6,4339,0
10,4339,0
11,4339,0
1,4342,0
2,4342,0
3,4342,0
4,4342,0
5,4342,0
7,4342,0
8,4342,0
9,4342,0
10,4342,0
11,4342,0
12,4342,0
14,4342,0
16,4342,0
17,4342,0
18,4342,0
19,4342,0
20,4342,0
22,4342,0
23,4342,0
24,4342,0
1,4345,0
2,4345,0
3,4345,0
4,4345,0
5,4345,0
6,4345,0
7,4345,0
8,4345,0
9,4345,0
10,4345,0
11,4345,0
12,4345,0
13,4345,0
14,4345,0
15,4345,0
16,4345,0
17,4345,0
18,4345,0
19,4345,0
20,4345,0
1,4349,0
3,4349,0
2,4352,0
3,4352,0
4,4352,0
6,4352,0
7,4352,0
8,4352,0
9,4352,0
10,4352,0
11,4352,0
12,4352,0
13,4352,0
15,4352,0
16,4352,0
17,4352,0
18,4352,0
19,4352,0
1,4355,0
2,4355,0
3,4355,0
4,4355,0
5,4355,0
6,4355,0
7,4355,0
8,4355,0
9,4355,0
10,4355,0
12,4355,0
13,4355,0
14,4355,0
15,4355,0
16,4355,0
17,4355,0
18,4355,0
19,4355,0
20,4355,0
1,4359,0
2,4359,0
3,4359,0
4,4359,0
7,4359,0
8,4359,0
9,4359,0
10,4359,0
11,4359,0
12,4359,0
13,4359,0
14,4359,0
15,4359,0
16,4359,0
17,4359,0
18,4359,0
19,4359,0
20,4359,0
21,4359,0
22,4359,0
2,4362,0
3,4362,0
4,4362,0
5,4362,0
6,4362,0
7,4362,0
9,4362,0
15,4362,0
16,4362,0
18,4362,0
19,4362,0
20,4362,0
22,4362,0
25,4362,0
1,4365,0
2,4365,0
3,4365,0
4,4365,0
5,4365,0
6,4365,0
7,4365,50000
8,4365,0
9,4365,0
10,4365,0
11,4365,0
12,4365,0
13,4365,0
14,4365,0
15,4365,0
16,4365,0
17,4365,0
18,4365,0
19,4365,0
20,4365,0
1,4369,0
3,4369,0
5,4369,0
6,4369,0
7,4369,0
8,4369,0
9,4369,0
10,4369,0
13,4369,0
14,4369,0
15,4369,0
16,4369,0
17,4369,0
18,4369,0
19,4369,0
21,4369,0
22,4369,0
23,4369,0
24,4369,0
1,4372,0
2,4372,0
3,4372,0
4,4372,0
5,4372,0
6,4372,0
7,4372,0
8,4372,0
9,4372,0
10,4372,0
11,4372,0
12,4372,0
13,4372,0
14,4372,0
16,4372,0
17,4372,0
18,4372,8000
19,4372,0
20,4372,0
21,4372,0
1,4375,0
2,4375,0
3,4375,0
4,4375,0
5,4375,0
6,4375,0
7,4375,0
8,4375,0
9,4375,0
10,4375,0
11,4375,0
12,4375,0
13,4375,0
14,4375,0
15,4375,0
16,4375,0
17,4375,0
18,4375,0
19,4375,0
20,4375,0
1,4379,0
2,4379,0
3,4379,0
4,4379,0
5,4379,0
6,4379,0
7,4379,0
8,4379,0
9,4379,0
10,4379,0
11,4379,0
12,4379,0
13,4379,0
14,4379,0
15,4379,0
16,4379,0
17,4379,0
18,4379,0
19,4379,0
20,4379,0
1,4382,0
2,4382,0
3,4382,0
4,4382,0
5,4382,0
6,4382,0
7,4382,0
8,4382,0
10,4382,0
11,4382,0
12,4382,0
13,4382,0
14,4382,0
15,4382,0
16,4382,0
17,4382,0
18,4382,0
19,4382,0
20,4382,0
1,4385,0
2,4385,0
3,4385,0
4,4385,0
5,4385,0
6,4385,0
7,4385,0
8,4385,0
9,4385,0
10,4385,0
11,4385,0
12,4385,0
13,4385,0
14,4385,0
15,4385,0
16,4385,0
17,4385,0
18,4385,0
19,4385,0
20,4385,0
1,4389,0
2,4389,0
3,4389,0
4,4389,0
5,4389,0
6,4389,0
7,4389,0
8,4389,0
9,4389,0
10,4389,0
11,4389,0
12,4389,0
13,4389,0
14,4389,0
15,4389,0
16,4389,0
17,4389,0
18,4389,0
19,4389,0
20,4389,0
1,4392,0
2,4392,0
3,4392,0
4,4392,0
5,4392,14000
6,4392,0
7,4392,0
8,4392,0
9,4392,0
10,4392,0
11,4392,0
12,4392,105000
13,4392,0
14,4392,0
15,4392,0
16,4392,28000
17,4392,0
18,4392,0
19,4392,0
20,4392,0
1,4395,0
2,4395,0
3,4395,0
4,4395,0
5,4395,0
6,4395,0
7,4395,0
8,4395,0
9,4395,0
10,4395,0
11,4395,0
12,4395,0
13,4395,0
14,4395,0
15,4395,0
16,4395,0
17,4395,0
18,4395,0
19,4395,0
20,4395,0
1,4399,0
2,4399,0
3,4399,0
4,4399,0
5,4399,0
6,4399,0
7,4399,0
8,4399,0
9,4399,0
10,4399,0
11,4399,0
12,4399,12000
13,4399,28000
14,4399,0
15,4399,0
16,4399,0
17,4399,0
18,4399,0
19,4399,8000
20,4399,12000
1,4402,0
2,4402,0
3,4402,0
4,4402,0
5,4402,0
6,4402,0
7,4402,0
8,4402,0
9,4402,10000
10,4402,35000
11,4402,0
12,4402,0
13,4402,0
14,4402,0
15,4402,0
16,4402,0
17,4402,0
18,4402,0
19,4402,0
20,4402,0
1,4405,0
2,4405,0
3,4405,0
4,4405,0
5,4405,0
6,4405,0
7,4405,0
8,4405,0
9,4405,0
10,4405,0
11,4405,0
12,4405,0
13,4405,0
14,4405,0
15,4405,0
16,4405,0
17,4405,0
18,4405,0
19,4405,0
20,4405,0
1,4408,0
2,4408,0
4,4408,0
5,4408,0
6,4408,5000
7,4408,6500
8,4408,5000
9,4408,0
10,4408,0
11,4408,0
12,4408,0
13,4408,0
15,4408,0
16,4408,0
17,4408,0
18,4408,0
19,4408,0
20,4408,0
1,4412,0
2,4412,0
3,4412,0
4,4412,0
5,4412,0
6,4412,0
7,4412,0
8,4412,0
9,4412,0
11,4412,0
12,4412,0
13,4412,0
14,4412,0
15,4412,0
16,4412,0
17,4412,0
18,4412,0
19,4412,0
20,4412,0
1,4415,0
2,4415,0
3,4415,0
4,4415,0
5,4415,0
6,4415,0
7,4415,0
8,4415,0
9,4415,0
10,4415,0
11,4415,0
12,4415,0
13,4415,0
14,4415,0
15,4415,0
16,4415,0
17,4415,0
18,4415,0
19,4415,0
20,4415,0
1,4419,0
2,4419,0
3,4419,14000
4,4419,0
6,4419,12000
7,4419,0
8,4419,0
9,4419,0
10,4419,0
11,4419,0
15,4419,0
16,4419,0
18,4419,0
19,4419,0
20,4419,0
21,4419,0
22,4419,0
23,4419,0
25,4419,0
1,4422,0
2,4422,0
3,4422,0
4,4422,0
5,4422,0
6,4422,0
7,4422,0
8,4422,0
9,4422,0
10,4422,0
11,4422,0
12,4422,0
13,4422,0
14,4422,0
15,4422,0
16,4422,0
17,4422,0
18,4422,0
19,4422,0
20,4422,0
1,4425,0
2,4425,0
3,4425,0
4,4425,0
5,4425,0
6,4425,0
7,4425,0
8,4425,0
9,4425,0
10,4425,0
12,4425,0
13,4425,0
14,4425,0
15,4425,0
16,4425,0
17,4425,0
18,4425,0
19,4425,0
20,4425,0
1,4429,0
2,4429,0
3,4429,0
4,4429,0
5,4429,0
6,4429,0
7,4429,0
8,4429,0
9,4429,0
10,4429,0
11,4429,0
13,4429,0
14,4429,0
15,4429,0
16,4429,0
17,4429,0
18,4429,0
19,4429,0
20,4429,0
25,4429,0
1,4433,0
2,4433,0
3,4433,0
4,4433,0
5,4433,0
6,4433,0
7,4433,0
8,4433,0
9,4433,14000
10,4433,0
11,4433,0
12,4433,0
13,4433,0
14,4433,0
15,4433,0
16,4433,0
17,4433,0
18,4433,0
19,4433,0
20,4433,0
1,4435,50000
3,4435,0
4,4435,0
6,4435,0
7,4435,0
8,4435,0
9,4435,56000
10,4435,0
11,4435,25000
12,4435,0
13,4435,0
14,4435,0
15,4435,0
16,4435,0
17,4435,0
18,4435,0
20,4435,0
21,4435,0
22,4435,0
23,4435,0
1,4439,0
2,4439,0
7,4439,0
9,4439,0
12,4439,0
13,4439,0
15,4439,0
17,4439,0
18,4439,0
20,4439,0
21,4439,0
2,4442,0
4,4442,0
6,4442,0
8,4442,0
9,4442,0
11,4442,0
12,4442,0
13,4442,0
14,4442,0
15,4442,0
16,4442,0
17,4442,0
18,4442,0
20,4442,0
21,4442,0
24,4442,0
1,4445,0
2,4445,0
3,4445,0
4,4445,0
6,4445,0
7,4445,0
8,4445,0
9,4445,0
10,4445,0
11,4445,0
12,4445,0
13,4445,0
14,4445,0
15,4445,0
16,4445,0
17,4445,0
18,4445,0
19,4445,0
20,4445,0
1,4449,0
3,4449,0
4,4449,0
5,4449,0
6,4449,0
7,4449,0
9,4449,0
10,4449,0
11,4449,0
12,4449,0
13,4449,0
14,4449,0
15,4449,0
16,4449,0
17,4449,0
18,4449,0
19,4449,0
20,4449,0
1,4452,0
2,4452,0
3,4452,0
4,4452,0
5,4452,0
6,4452,0
7,4452,0
8,4452,0
9,4452,0
10,4452,0
11,4452,0
12,4452,0
13,4452,0
14,4452,0
15,4452,0
16,4452,0
17,4452,0
18,4452,0
20,4452,0
22,4452,0
2,4455,0
4,4455,0
5,4455,0
6,4455,0
7,4455,0
8,4455,0
9,4455,0
10,4455,0
11,4455,0
12,4455,0
13,4455,0
14,4455,0
15,4455,0
16,4455,0
17,4455,0
18,4455,0
19,4455,0
20,4455,0
1,4459,0
2,4459,0
3,4459,0
4,4459,0
5,4459,0
7,4459,0
8,4459,0
9,4459,0
10,4459,0
11,4459,0
12,4459,0
13,4459,0
14,4459,0
15,4459,0
16,4459,0
17,4459,0
18,4459,0
19,4459,0
20,4459,0
1,4462,0
2,4462,0
3,4462,0
4,4462,0
5,4462,0
6,4462,0
7,4462,0
8,4462,0
9,4462,0
10,4462,0
11,4462,0
12,4462,0
13,4462,0
14,4462,0
15,4462,0
16,4462,0
17,4462,0
18,4462,0
19,4462,0
20,4462,0
1,4465,0
3,4465,0
5,4465,0
6,4465,0
7,4465,0
8,4465,0
9,4465,0
11,4465,0
12,4465,0
13,4465,0
14,4465,0
16,4465,0
17,4465,0
19,4465,0
20,4465,0
6,4472,0
7,4472,0
10,4472,0
14,4472,0
15,4472,0
17,4472,0
20,4472,0
21,4472,0
1,4479,0
2,4479,0
3,4479,0
4,4479,0
5,4479,0
7,4479,35000
8,4479,0
9,4479,0
10,4479,0
11,4479,90000
12,4479,0
13,4479,0
14,4479,0
15,4479,0
16,4479,0
17,4479,40000
18,4479,0
19,4479,0
20,4479,0
1,4482,0
2,4482,0
3,4482,0
4,4482,0
5,4482,0
6,4482,0
7,4482,0
8,4482,0
9,4482,0
10,4482,0
11,4482,0
12,4482,0
13,4482,0
15,4482,0
17,4482,0
18,4482,0
19,4482,0
1,4485,0
2,4485,0
3,4485,0
4,4485,0
5,4485,0
6,4485,0
8,4485,0
9,4485,0
10,4485,0
11,4485,0
12,4485,0
13,4485,0
14,4485,0
15,4485,0
16,4485,0
17,4485,0
18,4485,0
19,4485,0
1,4489,0
2,4489,0
4,4489,0
6,4489,0
7,4489,0
8,4489,0
9,4489,0
10,4489,0
11,4489,0
12,4489,0
13,4489,0
15,4489,0
16,4489,0
17,4489,0
18,4489,0
19,4489,0
20,4489,0
21,4489,0
22,4489,0
1,4492,0
2,4492,0
3,4492,0
4,4492,0
5,4492,0
6,4492,0
7,4492,0
8,4492,0
9,4492,0
10,4492,0
11,4492,0
12,4492,0
13,4492,0
14,4492,0
15,4492,0
16,4492,0
17,4492,0
18,4492,0
19,4492,0
20,4492,0
1,4495,0
2,4495,0
3,4495,0
4,4495,0
5,4495,0
6,4495,0
8,4495,0
9,4495,0
10,4495,0
11,4495,0
12,4495,0
13,4495,0
14,4495,0
15,4495,0
16,4495,0
17,4495,0
18,4495,0
19,4495,0
20,4495,0
1,4499,0
2,4499,0
3,4499,0
4,4499,0
5,4499,0
6,4499,0
7,4499,0
8,4499,0
10,4499,0
11,4499,0
12,4499,9e+05
13,4499,0
14,4499,0
15,4499,0
16,4499,0
17,4499,0
18,4499,0
19,4499,0
20,4499,0
1,4502,0
2,4502,0
5,4502,0
6,4502,0
13,4502,0
15,4502,0
16,4502,0
17,4502,0
19,4502,0
2,4505,0
4,4505,0
5,4505,0
6,4505,0
8,4505,0
9,4505,0
10,4505,0
11,4505,0
12,4505,0
13,4505,0
14,4505,0
15,4505,0
16,4505,0
17,4505,0
18,4505,0
19,4505,0
20,4505,0
23,4505,0
24,4505,0
25,4505,0
1,4509,0
2,4509,2000
3,4509,0
4,4509,0
5,4509,0
6,4509,0
7,4509,0
8,4509,0
9,4509,0
10,4509,0
11,4509,0
12,4509,24000
13,4509,0
14,4509,0
15,4509,0
16,4509,0
17,4509,0
18,4509,0
19,4509,0
20,4509,0
1,4512,0
3,4512,0
4,4512,0
5,4512,0
6,4512,0
8,4512,0
9,4512,0
10,4512,0
11,4512,0
12,4512,0
13,4512,0
14,4512,0
15,4512,0
17,4512,0
18,4512,0
19,4512,0
20,4512,0
21,4512,0
22,4512,0
1,4515,0
2,4515,0
3,4515,60000
4,4515,0
5,4515,0
6,4515,0
7,4515,0
8,4515,0
9,4515,0
10,4515,0
11,4515,0
12,4515,0
13,4515,0
14,4515,0
15,4515,0
16,4515,0
17,4515,0
18,4515,0
19,4515,0
20,4515,0
1,4519,0
2,4519,0
3,4519,0
4,4519,0
5,4519,0
6,4519,0
7,4519,0
8,4519,0
9,4519,0
10,4519,0
11,4519,0
12,4519,0
13,4519,0
14,4519,0
15,4519,0
16,4519,0
17,4519,0
18,4519,0
19,4519,0
20,4519,0
1,4522,0
2,4522,0
3,4522,0
4,4522,0
5,4522,0
6,4522,0
7,4522,0
8,4522,0
9,4522,0
10,4522,0
11,4522,0
12,4522,0
13,4522,0
14,4522,0
15,4522,0
16,4522,0
17,4522,0
18,4522,0
19,4522,0
20,4522,0
2,4525,0
3,4525,0
4,4525,0
5,4525,0
6,4525,0
7,4525,0
8,4525,0
9,4525,0
10,4525,0
11,4525,0
12,4525,0
13,4525,0
14,4525,0
15,4525,0
16,4525,0
17,4525,0
18,4525,0
19,4525,0
20,4525,0
1,4529,0
2,4529,0
3,4529,0
4,4529,0
5,4529,0
6,4529,0
7,4529,0
8,4529,0
9,4529,0
10,4529,0
11,4529,0
14,4529,0
15,4529,0
16,4529,0
17,4529,0
18,4529,0
19,4529,0
20,4529,0
21,4529,0
22,4529,0
1,4532,0
3,4532,0
4,4532,0
5,4532,0
6,4532,0
7,4532,0
8,4532,7000
9,4532,0
10,4532,0
11,4532,0
12,4532,0
13,4532,0
14,4532,0
15,4532,0
16,4532,0
17,4532,0
18,4532,0
19,4532,0
20,4532,0
1,4535,0
2,4535,0
3,4535,0
4,4535,0
5,4535,0
6,4535,0
7,4535,0
8,4535,0
9,4535,0
10,4535,0
11,4535,0
12,4535,0
13,4535,0
14,4535,0
15,4535,0
16,4535,0
17,4535,0
18,4535,0
19,4535,2500
20,4535,0
1,4539,0
2,4539,0
3,4539,0
4,4539,0
5,4539,0
6,4539,0
7,4539,0
8,4539,0
9,4539,0
10,4539,0
11,4539,0
12,4539,0
13,4539,0
14,4539,0
15,4539,0
16,4539,0
17,4539,0
18,4539,0
19,4539,0
20,4539,0
1,4542,15000
2,4542,0
3,4542,0
4,4542,0
5,4542,0
6,4542,0
7,4542,0
8,4542,0
9,4542,0
10,4542,0
11,4542,0
12,4542,0
13,4542,0
14,4542,0
15,4542,0
16,4542,0
17,4542,0
18,4542,0
19,4542,0
20,4542,0
1,4545,30000
2,4545,0
3,4545,0
5,4545,0
6,4545,0
7,4545,0
8,4545,0
9,4545,0
10,4545,0
11,4545,0
12,4545,0
13,4545,0
14,4545,0
15,4545,0
16,4545,0
17,4545,0
18,4545,0
19,4545,0
20,4545,0
21,4545,0
1,4549,11000
2,4549,0
3,4549,0
4,4549,0
5,4549,0
6,4549,0
7,4549,0
8,4549,0
9,4549,0
10,4549,0
11,4549,0
12,4549,0
13,4549,0
14,4549,0
15,4549,0
16,4549,0
17,4549,0
18,4549,0
19,4549,0
20,4549,0
1,4552,0
2,4552,0
3,4552,0
4,4552,0
5,4552,0
6,4552,0
7,4552,0
8,4552,0
9,4552,0
10,4552,0
11,4552,0
12,4552,0
13,4552,0
14,4552,0
15,4552,0
16,4552,0
17,4552,0
18,4552,0
19,4552,0
20,4552,0
1,4555,0
2,4555,0
3,4555,0
4,4555,0
5,4555,0
6,4555,0
7,4555,0
8,4555,0
9,4555,0
10,4555,0
13,4555,0
14,4555,0
15,4555,0
16,4555,0
17,4555,0
18,4555,0
19,4555,0
20,4555,0
1,4559,0
2,4559,0
3,4559,0
4,4559,0
5,4559,0
6,4559,0
7,4559,0
8,4559,0
9,4559,0
10,4559,0
11,4559,0
12,4559,0
13,4559,0
14,4559,0
15,4559,0
17,4559,0
18,4559,0
19,4559,0
20,4559,0
1,4562,0
2,4562,0
3,4562,0
4,4562,0
5,4562,0
6,4562,0
7,4562,0
8,4562,0
9,4562,0
10,4562,0
11,4562,0
12,4562,0
13,4562,0
14,4562,0
15,4562,0
16,4562,0
17,4562,0
18,4562,0
19,4562,0
20,4562,0
1,4565,0
2,4565,0
3,4565,0
5,4565,0
6,4565,0
8,4565,0
9,4565,0
10,4565,0
11,4565,0
13,4565,0
14,4565,0
15,4565,0
16,4565,0
17,4565,0
20,4565,0
21,4565,0
1,4569,0
2,4569,0
3,4569,0
4,4569,0
5,4569,0
6,4569,0
7,4569,0
8,4569,0
9,4569,0
10,4569,56000
11,4569,0
12,4569,0
13,4569,0
14,4569,0
15,4569,0
16,4569,0
17,4569,0
18,4569,0
19,4569,0
20,4569,0
1,4572,0
2,4572,0
3,4572,0
4,4572,0
5,4572,0
6,4572,0
7,4572,0
8,4572,0
9,4572,0
10,4572,0
11,4572,0
12,4572,0
13,4572,0
15,4572,0
16,4572,38000
17,4572,0
18,4572,0
19,4572,0
20,4572,0
2,4575,0
3,4575,0
4,4575,0
6,4575,0
7,4575,0
8,4575,0
9,4575,0
10,4575,0
11,4575,0
12,4575,0
13,4575,0
14,4575,0
15,4575,0
16,4575,0
17,4575,0
18,4575,0
19,4575,0
20,4575,0
1,4579,0
2,4579,0
3,4579,0
6,4579,0
7,4579,0
8,4579,0
9,4579,0
10,4579,0
11,4579,0
12,4579,0
13,4579,0
16,4579,20000
17,4579,0
18,4579,0
19,4579,0
20,4579,0
22,4579,0
1,4582,0
2,4582,0
3,4582,0
4,4582,0
5,4582,0
7,4582,0
8,4582,0
9,4582,0
10,4582,0
11,4582,0
12,4582,0
13,4582,0
14,4582,0
15,4582,0
17,4582,0
19,4582,0
20,4582,0
21,4582,0
1,4585,0
2,4585,0
3,4585,0
4,4585,0
5,4585,0
6,4585,0
7,4585,0
8,4585,0
9,4585,0
10,4585,0
11,4585,0
12,4585,0
13,4585,0
14,4585,0
15,4585,0
16,4585,0
17,4585,0
18,4585,0
19,4585,0
20,4585,0
1,4589,0
2,4589,0
3,4589,0
4,4589,0
7,4589,0
8,4589,0
9,4589,0
10,4589,0
11,4589,0
12,4589,0
13,4589,0
14,4589,0
15,4589,0
16,4589,0
17,4589,0
18,4589,0
19,4589,0
20,4589,0
21,4589,0
22,4589,0
2,4592,0
3,4592,0
4,4592,0
5,4592,0
6,4592,0
7,4592,0
8,4592,0
9,4592,0
10,4592,0
12,4592,0
13,4592,0
14,4592,0
15,4592,0
16,4592,0
17,4592,0
18,4592,0
19,4592,0
20,4592,0
24,4592,0
25,4592,0
1,4595,0
2,4595,0
3,4595,0
4,4595,0
5,4595,0
6,4595,0
7,4595,0
8,4595,0
9,4595,0
10,4595,0
11,4595,0
12,4595,0
13,4595,0
14,4595,0
15,4595,0
16,4595,0
17,4595,0
18,4595,0
19,4595,0
20,4595,0
1,4599,0
3,4599,0
4,4599,0
5,4599,0
6,4599,0
7,4599,0
8,4599,0
9,4599,0
10,4599,0
11,4599,0
12,4599,0
13,4599,0
14,4599,0
15,4599,0
16,4599,0
17,4599,0
18,4599,0
19,4599,0
20,4599,0
21,4599,0
1,4602,0
2,4602,0
3,4602,0
5,4602,0
6,4602,0
7,4602,0
8,4602,0
10,4602,0
11,4602,0
12,4602,0
13,4602,0
14,4602,0
15,4602,0
16,4602,0
17,4602,0
18,4602,0
19,4602,0
20,4602,0
2,4605,0
4,4605,18000
7,4605,0
8,4605,0
9,4605,0
10,4605,0
11,4605,0
14,4605,0
15,4605,0
16,4605,0
17,4605,0
18,4605,0
19,4605,0
20,4605,0
21,4605,0
22,4605,0
23,4605,0
24,4605,0
25,4605,0
1,4609,0
2,4609,0
3,4609,0
4,4609,0
5,4609,0
6,4609,0
7,4609,0
8,4609,0
10,4609,0
11,4609,0
12,4609,0
13,4609,0
14,4609,0
15,4609,0
16,4609,0
18,4609,0
19,4609,0
20,4609,0
1,4612,0
2,4612,0
4,4612,0
7,4612,0
8,4612,0
10,4612,0
11,4612,0
12,4612,0
14,4612,0
15,4612,0
16,4612,0
17,4612,0
18,4612,0
20,4612,0
21,4612,0
22,4612,0
1,4615,0
2,4615,0
3,4615,0
5,4615,0
7,4615,0
8,4615,0
9,4615,0
10,4615,0
11,4615,0
13,4615,0
14,4615,0
15,4615,0
17,4615,0
19,4615,0
20,4615,0
21,4615,0
22,4615,0
1,4619,0
2,4619,0
3,4619,0
4,4619,0
5,4619,0
6,4619,0
7,4619,0
8,4619,0
9,4619,0
10,4619,0
11,4619,0
12,4619,0
13,4619,0
14,4619,0
15,4619,0
16,4619,0
17,4619,0
18,4619,0
19,4619,0
20,4619,0
1,4622,0
2,4622,0
3,4622,0
4,4622,0
5,4622,0
6,4622,0
7,4622,0
8,4622,0
9,4622,0
10,4622,0
11,4622,0
12,4622,0
13,4622,0
14,4622,0
15,4622,0
16,4622,0
17,4622,0
18,4622,0
19,4622,0
20,4622,0
1,4625,0
3,4625,0
4,4625,0
5,4625,0
6,4625,0
7,4625,0
9,4625,0
10,4625,0
11,4625,0
12,4625,0
13,4625,0
14,4625,0
15,4625,0
16,4625,0
17,4625,0
18,4625,0
19,4625,0
20,4625,0
1,4629,0
2,4629,0
4,4629,0
5,4629,0
6,4629,0
7,4629,0
8,4629,0
9,4629,0
11,4629,0
13,4629,0
14,4629,0
15,4629,0
16,4629,0
17,4629,3000
18,4629,0
19,4629,0
20,4629,0
21,4629,0
23,4629,0
25,4629,0
1,4632,0
2,4632,0
3,4632,0
4,4632,0
5,4632,0
6,4632,0
7,4632,0
9,4632,0
12,4632,0
13,4632,0
14,4632,0
15,4632,0
16,4632,0
17,4632,0
18,4632,0
19,4632,0
20,4632,0
21,4632,0
22,4632,0
24,4632,0
1,4635,0
2,4635,0
3,4635,0
4,4635,0
5,4635,0
6,4635,0
7,4635,0
8,4635,0
9,4635,0
10,4635,0
11,4635,0
12,4635,0
13,4635,0
14,4635,0
15,4635,0
18,4635,0
19,4635,0
20,4635,0
21,4635,0
22,4635,0
1,4639,0
2,4639,0
3,4639,0
4,4639,0
5,4639,0
6,4639,0
7,4639,0
9,4639,0
10,4639,0
11,4639,0
12,4639,0
13,4639,0
14,4639,0
15,4639,0
16,4639,0
17,4639,0
18,4639,0
19,4639,0
20,4639,0
23,4639,0
1,4642,0
2,4642,0
3,4642,0
4,4642,0
5,4642,0
6,4642,0
7,4642,0
8,4642,0
9,4642,0
11,4642,0
12,4642,0
13,4642,0
14,4642,0
15,4642,0
16,4642,0
17,4642,0
18,4642,0
19,4642,0
20,4642,0
1,4645,0
2,4645,0
4,4645,0
5,4645,0
7,4645,0
8,4645,0
10,4645,0
11,4645,0
12,4645,0
13,4645,0
15,4645,0
16,4645,0
18,4645,0
19,4645,0
20,4645,0
23,4645,0
24,4645,0
25,4645,0
1,4649,0
2,4649,0
3,4649,0
4,4649,0
5,4649,0
6,4649,0
7,4649,0
8,4649,0
10,4649,0
11,4649,0
12,4649,0
13,4649,0
14,4649,0
15,4649,0
16,4649,0
17,4649,0
18,4649,0
19,4649,0
20,4649,0
1,4652,0
2,4652,0
3,4652,0
4,4652,0
6,4652,0
7,4652,0
8,4652,0
9,4652,0
10,4652,0
11,4652,0
12,4652,0
13,4652,0
14,4652,0
15,4652,0
16,4652,0
17,4652,0
19,4652,0
20,4652,0
21,4652,0
1,4655,0
2,4655,0
3,4655,0
5,4655,0
7,4655,0
8,4655,0
9,4655,0
10,4655,0
11,4655,0
12,4655,0
13,4655,0
14,4655,0
15,4655,0
16,4655,0
17,4655,0
20,4655,0
1,4659,0
3,4659,0
5,4659,0
6,4659,0
7,4659,0
9,4659,0
10,4659,0
13,4659,0
15,4659,0
16,4659,0
4,4662,0
11,4662,0
12,4662,0
15,4662,0
16,4662,0
18,4662,0
3,4665,0
4,4665,0
5,4665,0
6,4665,0
13,4665,0
14,4665,0
15,4665,0
16,4665,0
17,4665,0
18,4665,0
19,4665,0
20,4665,0
6,4669,0
7,4669,0
10,4669,0
11,4669,0
1,4672,0
2,4672,0
4,4672,0
5,4672,0
6,4672,0
7,4672,0
9,4672,0
10,4672,0
11,4672,0
12,4672,0
13,4672,0
14,4672,0
15,4672,0
16,4672,0
17,4672,0
18,4672,0
19,4672,0
20,4672,0
21,4672,0
1,4675,0
2,4675,0
3,4675,0
4,4675,0
5,4675,0
6,4675,0
7,4675,0
8,4675,0
9,4675,0
10,4675,0
11,4675,0
12,4675,0
13,4675,0
14,4675,0
15,4675,0
16,4675,0
18,4675,0
19,4675,0
20,4675,0
21,4675,0
4,4679,0
6,4679,0
9,4679,0
10,4679,0
13,4679,0
14,4679,0
15,4679,0
19,4679,0
22,4679,0
24,4679,0
9,4682,0
15,4682,0
1,4685,0
3,4685,0
5,4685,0
6,4685,0
7,4685,0
8,4685,0
10,4685,0
13,4685,0
14,4685,0
15,4685,0
16,4685,0
17,4685,0
19,4685,0
24,4685,0
25,4685,0
1,4689,0
3,4689,0
4,4689,0
5,4689,0
6,4689,0
8,4689,0
15,4689,0
16,4689,0
21,4689,0
1,4692,0
4,4692,0
5,4692,0
6,4692,0
8,4692,0
9,4692,0
10,4692,0
12,4692,0
14,4692,0
15,4692,0
16,4692,0
19,4692,0
20,4692,0
21,4692,0
1,4695,0
2,4695,0
4,4695,0
5,4695,0
7,4695,0
8,4695,0
9,4695,0
10,4695,0
11,4695,0
12,4695,0
13,4695,0
14,4695,0
16,4695,0
17,4695,0
18,4695,0
20,4695,0
22,4695,0
1,4699,0
2,4699,0
3,4699,0
4,4699,0
5,4699,0
6,4699,0
8,4699,0
9,4699,0
11,4699,0
12,4699,0
13,4699,0
14,4699,0
15,4699,0
17,4699,0
18,4699,0
22,4699,0
13,4702,0
20,4702,0
17,4705,0
17,4712,0
3,4715,0
8,4715,0
13,4715,0
17,4715,0
1,4722,0
2,4722,0
3,4722,0
4,4722,0
5,4722,0
6,4722,0
7,4722,0
8,4722,0
9,4722,0
10,4722,0
11,4722,0
12,4722,0
16,4722,0
18,4722,0
19,4722,0
20,4722,0
21,4722,0
22,4722,0
25,4722,0
13,4729,0
19,4729,0
20,4729,0
21,4729,0
12,4732,0
20,4732,0
1,4735,0
2,4735,0
3,4735,0
4,4735,0
5,4735,0
6,4735,0
8,4735,0
9,4735,0
10,4735,0
11,4735,0
14,4735,0
15,4735,0
16,4735,0
17,4735,0
18,4735,0
19,4735,0
20,4735,0
22,4735,0
10,4739,0
13,4739,0
15,4739,0
19,4739,0
20,4739,0
4,4742,0
1,4745,0
5,4745,0
6,4745,0
8,4745,0
10,4745,0
11,4745,0
12,4745,0
13,4745,0
17,4745,0
19,4745,0
20,4745,0
1,4750,0
3,4750,0
5,4750,0
6,4750,0
7,4750,0
8,4750,0
9,4750,0
10,4750,0
11,4750,0
12,4750,0
13,4750,0
14,4750,0
15,4750,0
16,4750,0
17,4750,0
18,4750,0
20,4750,0
22,4750,0
24,4750,0
25,4750,0
1,4752,0
2,4752,0
3,4752,0
4,4752,0
5,4752,0
6,4752,0
8,4752,0
9,4752,0
10,4752,0
11,4752,0
12,4752,0
13,4752,0
14,4752,0
15,4752,0
16,4752,0
17,4752,0
18,4752,0
19,4752,0
20,4752,0
22,4752,0
1,4755,0
2,4755,0
3,4755,0
4,4755,0
5,4755,0
6,4755,0
7,4755,0
8,4755,0
9,4755,0
10,4755,0
11,4755,0
12,4755,0
13,4755,0
14,4755,0
15,4755,0
16,4755,0
17,4755,0
18,4755,0
19,4755,0
20,4755,0
1,4759,0
4,4759,0
5,4759,0
6,4759,0
8,4759,0
12,4759,0
13,4759,0
14,4759,0
15,4759,0
16,4759,0
17,4759,0
18,4759,0
19,4759,0
20,4759,0
1,4762,0
2,4762,0
3,4762,0
6,4762,0
11,4762,0
13,4762,0
14,4762,0
15,4762,0
18,4762,0
19,4762,0
22,4762,0
1,4765,0
2,4765,0
4,4765,0
5,4765,0
6,4765,0
12,4765,0
14,4765,0
16,4765,0
17,4765,0
18,4769,0
1,4772,0
2,4772,0
4,4772,0
5,4772,0
6,4772,0
7,4772,0
8,4772,0
9,4772,0
12,4772,0
13,4772,0
14,4772,0
15,4772,0
16,4772,0
18,4772,0
20,4772,0
1,4775,0
2,4775,0
3,4775,0
4,4775,0
5,4775,0
6,4775,0
9,4775,0
10,4775,0
12,4775,0
13,4775,0
14,4775,0
15,4775,0
16,4775,0
17,4775,0
19,4775,0
20,4775,0
2,4779,0
3,4779,0
4,4779,0
5,4779,0
6,4779,0
7,4779,0
8,4779,0
11,4779,0
13,4779,0
14,4779,0
15,4779,0
16,4779,0
17,4779,0
18,4779,0
19,4779,0
20,4779,0
1,4782,0
2,4782,0
3,4782,0
4,4782,0
5,4782,0
6,4782,0
7,4782,0
8,4782,0
9,4782,0
10,4782,0
11,4782,0
12,4782,0
13,4782,0
14,4782,0
15,4782,0
16,4782,0
17,4782,0
18,4782,0
19,4782,0
20,4782,0
1,4785,0
2,4785,0
4,4785,0
5,4785,0
6,4785,0
7,4785,0
8,4785,0
10,4785,0
11,4785,0
12,4785,0
13,4785,0
14,4785,0
15,4785,0
16,4785,0
17,4785,0
19,4785,0
20,4785,0
21,4785,0
22,4785,0
23,4785,0
1,4790,0
3,4790,0
4,4790,10500
7,4790,0
8,4790,0
9,4790,0
10,4790,0
11,4790,0
12,4790,0
14,4790,0
16,4790,0
17,4790,0
18,4790,16000
19,4790,6000
20,4790,20000
21,4790,0
22,4790,0
23,4790,0
24,4790,0
25,4790,0
1,4792,0
2,4792,0
3,4792,0
4,4792,0
5,4792,0
6,4792,40000
7,4792,0
8,4792,0
9,4792,0
10,4792,0
11,4792,0
12,4792,0
13,4792,0
14,4792,0
15,4792,30000
16,4792,0
17,4792,0
18,4792,0
19,4792,0
20,4792,0
1,4795,0
2,4795,0
3,4795,0
4,4795,0
5,4795,0
6,4795,0
7,4795,0
9,4795,0
10,4795,0
11,4795,0
13,4795,0
14,4795,0
15,4795,0
16,4795,0
17,4795,0
18,4795,0
19,4795,0
20,4795,0
1,4799,0
2,4799,0
3,4799,0
4,4799,0
5,4799,0
6,4799,0
7,4799,0
8,4799,0
9,4799,0
10,4799,0
11,4799,0
12,4799,0
13,4799,0
14,4799,0
15,4799,0
16,4799,0
17,4799,0
18,4799,0
19,4799,0
20,4799,0
1,4802,0
2,4802,0
3,4802,0
4,4802,0
5,4802,0
6,4802,0
7,4802,0
8,4802,0
9,4802,0
10,4802,0
11,4802,0
12,4802,0
13,4802,0
14,4802,0
15,4802,0
16,4802,0
17,4802,0
18,4802,2000
19,4802,0
20,4802,0
1,4805,0
2,4805,0
3,4805,0
4,4805,0
5,4805,0
6,4805,0
9,4805,0
10,4805,0
11,4805,0
12,4805,0
13,4805,0
14,4805,0
15,4805,0
16,4805,0
17,4805,0
18,4805,0
19,4805,0
20,4805,0
1,4809,79200
2,4809,0
3,4809,0
4,4809,0
5,4809,0
6,4809,0
7,4809,0
9,4809,0
10,4809,88200
11,4809,0
12,4809,0
13,4809,0
14,4809,7000
15,4809,3000
16,4809,0
17,4809,0
18,4809,10000
19,4809,0
20,4809,0
24,4809,20000
1,4812,0
2,4812,0
3,4812,0
4,4812,0
5,4812,0
6,4812,0
7,4812,0
8,4812,190000
9,4812,0
10,4812,0
11,4812,0
12,4812,0
13,4812,0
14,4812,0
15,4812,0
16,4812,0
17,4812,0
18,4812,0
19,4812,0
20,4812,0
1,4815,0
2,4815,0
3,4815,0
4,4815,0
5,4815,0
6,4815,0
7,4815,0
8,4815,0
9,4815,0
10,4815,0
11,4815,0
12,4815,0
13,4815,0
14,4815,0
15,4815,0
16,4815,0
17,4815,0
18,4815,0
19,4815,0
20,4815,0
1,4819,0
2,4819,0
3,4819,0
4,4819,0
5,4819,0
6,4819,0
7,4819,0
8,4819,0
9,4819,0
10,4819,0
11,4819,0
12,4819,0
13,4819,0
14,4819,0
15,4819,0
16,4819,0
17,4819,0
18,4819,0
19,4819,0
20,4819,0
1,4822,0
2,4822,0
3,4822,0
4,4822,0
5,4822,0
6,4822,0
7,4822,0
8,4822,0
9,4822,0
10,4822,0
12,4822,0
13,4822,0
14,4822,0
15,4822,0
16,4822,0
17,4822,0
18,4822,0
20,4822,0
1,4825,0
4,4825,0
5,4825,12000
6,4825,0
7,4825,0
8,4825,0
9,4825,0
10,4825,0
11,4825,0
12,4825,0
13,4825,0
14,4825,0
15,4825,0
16,4825,0
17,4825,0
18,4825,0
19,4825,0
20,4825,0
21,4825,0
23,4825,0
1,4829,0
2,4829,0
3,4829,0
4,4829,0
5,4829,0
6,4829,0
7,4829,0
8,4829,0
9,4829,0
10,4829,0
11,4829,0
12,4829,0
13,4829,0
14,4829,0
15,4829,0
16,4829,0
17,4829,0
18,4829,0
19,4829,0
20,4829,0
1,4832,0
2,4832,0
3,4832,0
4,4832,0
5,4832,0
6,4832,0
7,4832,0
8,4832,0
10,4832,0
11,4832,0
12,4832,0
13,4832,0
14,4832,0
16,4832,0
18,4832,0
19,4832,0
20,4832,0
1,4835,0
3,4835,0
5,4835,0
7,4835,0
8,4835,0
9,4835,0
11,4835,0
12,4835,0
13,4835,0
14,4835,0
15,4835,0
16,4835,0
17,4835,0
18,4835,0
20,4835,0
1,4839,0
2,4839,0
3,4839,0
4,4839,0
5,4839,0
6,4839,0
7,4839,0
8,4839,0
9,4839,0
10,4839,0
11,4839,0
12,4839,0
13,4839,0
14,4839,0
15,4839,0
16,4839,0
17,4839,0
18,4839,0
19,4839,0
20,4839,0
1,4842,0
2,4842,0
3,4842,0
4,4842,0
5,4842,0
6,4842,0
7,4842,0
8,4842,0
10,4842,0
11,4842,0
12,4842,0
14,4842,0
16,4842,0
17,4842,0
20,4842,0
1,4845,0
2,4845,0
3,4845,0
4,4845,0
6,4845,0
7,4845,0
8,4845,0
10,4845,0
11,4845,0
12,4845,0
13,4845,0
14,4845,0
15,4845,0
16,4845,0
17,4845,0
18,4845,0
19,4845,0
20,4845,0
23,4845,0
25,4845,0
1,4849,0
2,4849,0
3,4849,0
4,4849,0
5,4849,0
6,4849,0
7,4849,0
8,4849,0
9,4849,0
10,4849,0
11,4849,0
12,4849,0
13,4849,0
14,4849,0
15,4849,0
16,4849,0
17,4849,0
18,4849,0
19,4849,0
20,4849,0
1,4852,0
2,4852,0
3,4852,0
4,4852,0
5,4852,0
6,4852,0
7,4852,0
8,4852,0
9,4852,0
10,4852,0
11,4852,0
12,4852,0
13,4852,0
14,4852,0
15,4852,0
16,4852,0
17,4852,0
18,4852,0
19,4852,0
20,4852,0
1,4855,0
2,4855,0
3,4855,0
4,4855,0
5,4855,0
6,4855,0
7,4855,0
8,4855,0
9,4855,0
10,4855,0
11,4855,0
12,4855,0
13,4855,0
14,4855,0
15,4855,0
16,4855,0
17,4855,0
18,4855,0
19,4855,0
20,4855,0
1,4859,0
2,4859,0
3,4859,0
4,4859,0
5,4859,0
6,4859,0
7,4859,0
8,4859,2
9,4859,0
10,4859,0
11,4859,0
12,4859,0
13,4859,0
14,4859,0
15,4859,0
16,4859,0
17,4859,0
18,4859,0
19,4859,0
20,4859,0
1,4862,0
2,4862,0
3,4862,0
4,4862,0
5,4862,0
7,4862,0
8,4862,0
10,4862,0
11,4862,0
12,4862,0
13,4862,0
14,4862,0
15,4862,0
17,4862,0
18,4862,0
19,4862,0
20,4862,0
1,4865,0
2,4865,0
3,4865,0
4,4865,0
5,4865,0
6,4865,0
7,4865,0
8,4865,0
9,4865,0
10,4865,0
11,4865,0
12,4865,0
13,4865,0
14,4865,0
15,4865,0
16,4865,0
17,4865,0
18,4865,0
19,4865,0
20,4865,0
1,4869,0
2,4869,0
3,4869,0
4,4869,0
5,4869,0
6,4869,0
7,4869,0
8,4869,0
9,4869,0
10,4869,0
11,4869,0
12,4869,0
13,4869,0
14,4869,0
15,4869,0
16,4869,0
17,4869,0
18,4869,0
19,4869,0
20,4869,0
1,4872,0
2,4872,0
3,4872,0
4,4872,0
5,4872,0
6,4872,0
7,4872,0
8,4872,0
9,4872,0
10,4872,0
11,4872,0
12,4872,0
13,4872,0
14,4872,0
15,4872,0
16,4872,0
17,4872,0
18,4872,0
19,4872,0
20,4872,0
1,4875,0
2,4875,0
3,4875,0
4,4875,0
5,4875,0
6,4875,0
7,4875,0
8,4875,0
9,4875,0
10,4875,0
11,4875,0
12,4875,0
13,4875,0
14,4875,0
15,4875,0
16,4875,0
17,4875,0
18,4875,0
19,4875,0
20,4875,0
1,4879,0
2,4879,0
3,4879,0
4,4879,0
5,4879,0
6,4879,0
7,4879,0
8,4879,0
9,4879,0
10,4879,0
11,4879,0
12,4879,0
13,4879,0
14,4879,0
15,4879,0
16,4879,0
17,4879,0
18,4879,0
19,4879,0
20,4879,0
2,4882,0
3,4882,0
4,4882,0
6,4882,0
7,4882,0
8,4882,0
9,4882,0
10,4882,0
11,4882,0
13,4882,0
14,4882,0
15,4882,0
16,4882,0
17,4882,0
18,4882,0
20,4882,0
21,4882,0
1,4885,0
2,4885,0
3,4885,0
4,4885,0
5,4885,0
6,4885,0
7,4885,0
8,4885,0
9,4885,0
10,4885,0
11,4885,0
12,4885,0
13,4885,0
14,4885,0
15,4885,0
16,4885,0
17,4885,0
18,4885,0
19,4885,0
20,4885,0
1,4889,0
2,4889,0
3,4889,0
4,4889,0
5,4889,0
6,4889,0
7,4889,0
8,4889,0
9,4889,0
10,4889,0
11,4889,0
12,4889,0
13,4889,0
14,4889,0
15,4889,0
16,4889,0
17,4889,0
18,4889,0
19,4889,0
20,4889,0
1,4892,0
2,4892,0
3,4892,0
4,4892,0
5,4892,0
6,4892,0
7,4892,0
8,4892,0
9,4892,0
10,4892,0
11,4892,0
12,4892,0
13,4892,0
14,4892,0
15,4892,0
16,4892,0
17,4892,0
18,4892,0
19,4892,0
20,4892,0
1,4895,0
3,4895,0
4,4895,0
5,4895,0
6,4895,0
7,4895,0
8,4895,0
9,4895,0
10,4895,0
11,4895,0
12,4895,0
13,4895,0
14,4895,0
15,4895,0
16,4895,0
17,4895,0
18,4895,0
19,4895,0
20,4895,0
1,4899,0
2,4899,0
3,4899,0
4,4899,0
5,4899,0
6,4899,0
7,4899,0
8,4899,0
9,4899,0
10,4899,0
11,4899,0
12,4899,0
13,4899,0
14,4899,0
15,4899,0
16,4899,0
17,4899,0
18,4899,0
19,4899,0
20,4899,0
1,4902,0
2,4902,0
3,4902,0
4,4902,0
5,4902,0
6,4902,0
7,4902,0
8,4902,0
9,4902,0
10,4902,0
11,4902,0
12,4902,0
13,4902,0
14,4902,0
15,4902,0
16,4902,0
17,4902,0
18,4902,0
19,4902,0
20,4902,0
1,4905,0
2,4905,0
3,4905,0
4,4905,0
5,4905,0
6,4905,0
7,4905,0
8,4905,0
9,4905,0
10,4905,0
11,4905,0
12,4905,0
13,4905,0
14,4905,0
15,4905,0
16,4905,0
17,4905,0
18,4905,0
19,4905,0
20,4905,0
1,4909,0
2,4909,0
3,4909,0
4,4909,0
5,4909,0
6,4909,0
7,4909,0
8,4909,0
9,4909,0
10,4909,0
11,4909,0
12,4909,0
13,4909,0
14,4909,0
15,4909,0
16,4909,0
17,4909,0
18,4909,0
19,4909,0
20,4909,0
1,4912,0
2,4912,0
3,4912,0
4,4912,0
5,4912,0
6,4912,0
7,4912,0
8,4912,0
9,4912,0
10,4912,0
11,4912,0
12,4912,0
13,4912,0
14,4912,0
16,4912,0
17,4912,0
18,4912,0
19,4912,0
20,4912,0
21,4912,0
1,4915,0
2,4915,0
3,4915,0
4,4915,0
5,4915,0
6,4915,0
7,4915,0
8,4915,0
9,4915,0
10,4915,0
11,4915,0
12,4915,0
13,4915,0
14,4915,0
15,4915,0
16,4915,0
17,4915,0
18,4915,0
19,4915,0
20,4915,0
1,4919,0
2,4919,0
3,4919,0
4,4919,0
5,4919,0
6,4919,0
7,4919,0
8,4919,0
9,4919,0
10,4919,0
11,4919,0
12,4919,0
13,4919,0
14,4919,0
15,4919,0
16,4919,0
17,4919,0
18,4919,0
19,4919,0
20,4919,0
1,4922,0
2,4922,0
3,4922,0
4,4922,0
5,4922,0
6,4922,0
7,4922,0
8,4922,0
9,4922,0
10,4922,0
11,4922,0
12,4922,0
13,4922,0
14,4922,0
15,4922,0
16,4922,0
17,4922,0
18,4922,0
19,4922,0
20,4922,0
1,4925,0
2,4925,0
3,4925,0
4,4925,0
5,4925,0
6,4925,0
7,4925,14000
8,4925,0
9,4925,0
10,4925,0
11,4925,0
12,4925,0
13,4925,0
14,4925,0
15,4925,0
17,4925,0
18,4925,0
19,4925,0
20,4925,0
1,4929,0
2,4929,0
3,4929,0
4,4929,0
5,4929,0
6,4929,0
7,4929,0
8,4929,0
9,4929,0
10,4929,0
12,4929,0
13,4929,0
14,4929,0
15,4929,0
16,4929,0
17,4929,0
18,4929,0
20,4929,0
1,4932,0
2,4932,0
3,4932,0
4,4932,0
5,4932,0
6,4932,0
7,4932,0
8,4932,0
10,4932,0
11,4932,0
12,4932,0
13,4932,0
14,4932,0
15,4932,0
16,4932,0
17,4932,0
18,4932,0
19,4932,0
22,4932,0
1,4935,0
3,4935,0
4,4935,0
5,4935,0
6,4935,0
7,4935,0
8,4935,0
9,4935,0
10,4935,0
11,4935,0
13,4935,0
14,4935,0
15,4935,0
16,4935,0
17,4935,0
18,4935,0
19,4935,0
20,4935,0
1,4939,0
2,4939,0
3,4939,0
4,4939,0
5,4939,0
6,4939,0
7,4939,0
8,4939,0
9,4939,0
10,4939,0
11,4939,0
12,4939,0
13,4939,0
14,4939,0
15,4939,0
16,4939,0
17,4939,0
18,4939,0
19,4939,0
20,4939,0
1,4942,0
2,4942,0
3,4942,0
4,4942,0
6,4942,0
7,4942,0
8,4942,0
9,4942,0
10,4942,0
11,4942,0
12,4942,0
13,4942,0
14,4942,0
15,4942,0
16,4942,0
17,4942,0
18,4942,0
19,4942,0
20,4942,0
1,4944,0
2,4944,0
3,4944,0
4,4944,0
5,4944,0
6,4944,0
8,4944,0
9,4944,0
10,4944,0
11,4944,0
12,4944,0
13,4944,0
14,4944,0
15,4944,0
16,4944,0
17,4944,0
18,4944,0
19,4944,0
20,4944,0
1,4949,0
2,4949,0
3,4949,0
4,4949,0
5,4949,0
6,4949,0
7,4949,0
8,4949,0
9,4949,0
10,4949,0
11,4949,0
13,4949,0
14,4949,0
15,4949,0
16,4949,0
17,4949,0
19,4949,0
1,4952,0
3,4952,0
4,4952,0
5,4952,0
6,4952,0
7,4952,0
8,4952,0
9,4952,0
11,4952,0
15,4952,0
16,4952,0
17,4952,0
18,4952,0
19,4952,0
20,4952,0
1,4955,0
3,4955,0
4,4955,2000
5,4955,0
6,4955,0
7,4955,0
8,4955,0
9,4955,0
10,4955,0
11,4955,0
12,4955,0
13,4955,0
14,4955,0
15,4955,0
16,4955,0
17,4955,0
18,4955,0
19,4955,0
20,4955,0
1,4959,0
2,4959,0
3,4959,0
4,4959,5000
5,4959,0
6,4959,0
7,4959,0
8,4959,0
9,4959,0
10,4959,0
11,4959,0
12,4959,0
13,4959,0
14,4959,0
15,4959,0
16,4959,0
17,4959,0
18,4959,0
20,4959,0
21,4959,0
2,4962,0
3,4962,0
4,4962,0
5,4962,0
6,4962,0
7,4962,0
8,4962,0
9,4962,0
10,4962,0
12,4962,0
13,4962,0
14,4962,0
15,4962,0
16,4962,0
17,4962,0
18,4962,0
19,4962,0
20,4962,0
21,4962,0
23,4962,0
6,4965,0
8,4965,0
9,4965,0
12,4965,0
15,4965,0
22,4965,0
1,4969,0
2,4969,0
3,4969,0
4,4969,0
5,4969,0
6,4969,0
8,4969,0
9,4969,0
12,4969,0
14,4969,0
15,4969,0
16,4969,0
17,4969,0
18,4969,0
20,4969,0
1,4972,0
2,4972,0
3,4972,0
4,4972,0
5,4972,0
7,4972,0
8,4972,0
10,4972,0
13,4972,0
1,4975,0
2,4975,0
3,4975,0
4,4975,0
5,4975,0
7,4975,0
8,4975,0
9,4975,0
10,4975,0
11,4975,0
12,4975,0
13,4975,0
14,4975,0
15,4975,0
16,4975,0
17,4975,0
18,4975,0
19,4975,0
20,4975,0
1,4979,0
2,4979,0
3,4979,0
5,4979,0
6,4979,0
7,4979,0
8,4979,0
9,4979,0
10,4979,0
11,4979,0
12,4979,0
13,4979,0
14,4979,0
15,4979,0
16,4979,0
19,4979,0
20,4979,0
1,4982,0
2,4982,0
3,4982,0
4,4982,0
5,4982,0
6,4982,0
7,4982,0
8,4982,0
9,4982,0
10,4982,0
11,4982,0
12,4982,0
13,4982,0
14,4982,0
15,4982,0
16,4982,0
17,4982,0
18,4982,0
19,4982,0
9,4985,0
12,4985,0
14,4985,0
17,4985,0
19,4985,0
1,4989,0
3,4989,0
4,4989,0
5,4989,0
6,4989,0
7,4989,0
8,4989,0
9,4989,0
11,4989,0
12,4989,0
13,4989,0
14,4989,0
15,4989,0
17,4989,0
18,4989,0
19,4989,0
1,4992,0
2,4992,0
3,4992,0
6,4992,0
7,4992,0
8,4992,0
9,4992,0
10,4992,0
11,4992,0
12,4992,0
13,4992,0
14,4992,0
15,4992,0
16,4992,0
17,4992,0
18,4992,0
19,4992,0
20,4992,0
1,4995,0
2,4995,0
3,4995,0
4,4995,0
5,4995,0
6,4995,0
7,4995,0
10,4995,0
11,4995,0
12,4995,0
13,4995,0
14,4995,0
15,4995,0
16,4995,0
17,4995,0
18,4995,0
19,4995,0
20,4995,0
21,4995,0
24,4995,0
3,4999,0
5,4999,0
7,4999,0
8,4999,0
9,4999,0
11,4999,0
12,4999,0
14,4999,0
16,4999,0
19,4999,0
