nh,clust,Doing_same_work,Father_do_same_work,Work_for_whom
5,4002,1,1,1
7,4002,1,1,1
9,4002,1,2,9
14,4002,1,2,1
18,4002,1,1,1
19,4002,1,1,1
1,4005,1,2,9
4,4005,1,1,1
5,4005,1,2,9
7,4005,1,2,9
8,4005,1,1,1
9,4005,1,2,9
11,4005,1,1,1
12,4005,1,1,9
14,4005,1,2,3
15,4005,1,1,9
16,4005,1,1,1
18,4005,1,2,9
19,4005,1,1,1
20,4005,1,1,1
7,4009,1,2,9
11,4009,1,1,1
15,4009,1,2,9
17,4009,1,1,1
19,4009,1,2,9
21,4009,1,2,9
3,4012,1,1,1
5,4012,1,2,1
7,4012,1,2,9
11,4012,1,1,1
12,4012,1,1,1
14,4012,1,1,1
19,4012,1,1,1
20,4012,1,2,9
3,4019,1,1,1
9,4019,1,2,9
11,4019,1,2,9
14,4019,1,2,9
18,4019,1,1,1
20,4019,1,2,9
2,4022,1,2,9
4,4022,1,1,9
5,4022,1,2,9
6,4022,2,2,9
9,4022,1,1,1
11,4022,2,2,9
12,4022,1,1,9
13,4022,1,2,9
16,4022,2,2,9
19,4022,1,2,9
1,4029,1,1,1
10,4029,1,2,9
11,4029,1,1,1
14,4029,2,1,1
16,4029,1,1,1
3,4032,1,2,1
4,4032,1,2,9
6,4032,1,2,7
7,4032,1,2,9
8,4032,1,2,9
9,4032,1,2,1
10,4032,1,2,9
12,4032,1,2,9
15,4032,1,2,7
16,4032,1,2,9
17,4032,1,2,9
19,4032,1,2,9
20,4032,2,2,9
1,4035,1,2,11
2,4035,1,1,1
3,4035,1,1,11
4,4035,1,1,9
6,4035,1,2,2
8,4035,1,2,9
9,4035,1,1,9
14,4035,1,1,1
16,4035,1,2,9
17,4035,1,2,9
18,4035,1,2,11
19,4035,2,2,11
20,4035,2,2,11
2,4039,1,2,7
3,4039,1,2,9
4,4039,1,2,9
5,4039,1,1,1
6,4039,1,2,7
8,4039,1,1,9
9,4039,1,2,9
10,4039,1,1,9
11,4039,1,1,9
12,4039,2,2,9
15,4039,2,1,9
16,4039,1,1,9
17,4039,1,2,9
20,4039,1,2,9
5,4042,1,1,1
9,4042,1,1,1
11,4042,1,1,1
13,4042,1,1,1
16,4042,1,2,9
19,4042,1,2,1
20,4042,1,1,9
1,4044,1,1,1
8,4044,1,1,1
10,4044,2,1,1
1,4049,1,1,1
5,4049,1,2,9
8,4049,2,1,7
9,4049,1,2,9
10,4049,1,2,8
12,4049,1,2,9
13,4049,1,2,9
16,4049,1,2,9
17,4049,1,1,1
18,4049,1,1,9
19,4049,1,2,9
20,4049,2,2,9
1,4055,1,1,1
3,4055,1,1,1
5,4055,1,2,7
11,4055,1,1,1
13,4055,1,1,1
15,4055,1,2,9
17,4055,1,2,9
20,4055,1,2,9
25,4055,1,1,1
1,4059,1,1,1
2,4059,2,1,1
7,4059,1,1,1
8,4059,1,2,9
11,4059,1,1,1
16,4059,1,1,1
1,4062,1,2,9
2,4062,1,1,1
3,4062,1,1,1
5,4062,1,1,9
6,4062,1,1,1
7,4062,1,1,1
8,4062,1,2,8
10,4062,1,1,9
12,4062,1,2,7
14,4062,1,1,1
15,4062,1,2,9
16,4062,1,1,1
17,4062,1,2,7
19,4062,1,2,9
20,4062,1,2,9
3,4065,1,2,9
10,4065,1,2,9
11,4065,1,2,9
16,4065,1,2,10
1,4069,1,1,9
2,4069,1,1,1
4,4069,1,1,9
5,4069,1,1,1
6,4069,1,2,9
7,4069,1,1,1
8,4069,2,2,7
14,4069,1,1,9
15,4069,1,1,1
16,4069,1,2,9
17,4069,1,1,1
1,4072,1,1,1
3,4072,1,1,1
4,4072,1,2,1
5,4072,1,1,1
8,4072,1,1,1
9,4072,1,1,1
11,4072,1,2,9
14,4072,1,1,1
15,4072,1,1,1
17,4072,1,1,1
18,4072,1,1,1
20,4072,1,1,1
4,4075,1,2,9
5,4075,1,1,1
14,4075,1,2,9
2,4079,1,1,9
3,4079,1,1,1
5,4079,1,2,9
6,4079,1,2,9
7,4079,1,1,9
8,4079,1,2,9
9,4079,1,1,1
11,4079,1,2,9
12,4079,1,1,1
14,4079,1,1,1
16,4079,1,1,1
18,4079,1,1,1
19,4079,1,2,9
20,4079,1,1,1
1,4081,1,2,9
2,4081,1,2,1
4,4081,1,1,1
5,4081,1,2,9
7,4081,1,2,1
8,4081,1,1,9
10,4081,1,2,9
11,4081,1,2,9
12,4081,1,2,9
13,4081,1,2,9
14,4081,1,2,9
15,4081,1,1,1
16,4081,1,2,1
18,4081,1,1,1
19,4081,1,2,9
20,4081,1,1,9
3,4084,1,1,1
4,4084,1,1,9
11,4084,1,1,1
14,4084,1,2,1
18,4084,1,1,9
13,4089,1,1,1
16,4089,1,2,9
18,4089,1,2,1
19,4089,2,1,1
1,4092,1,1,1
2,4092,1,1,1
4,4092,1,1,1
6,4092,1,1,1
7,4092,1,1,1
8,4092,1,1,1
9,4092,1,2,1
10,4092,1,1,1
11,4092,1,1,1
12,4092,1,1,1
13,4092,1,1,9
14,4092,1,1,1
15,4092,1,1,1
16,4092,1,1,1
18,4092,1,1,1
20,4092,1,1,1
4,4095,1,1,1
2,4099,1,1,1
7,4099,1,2,2
8,4099,1,1,1
11,4099,1,1,9
18,4099,1,2,9
11,4102,1,2,9
12,4102,1,2,1
14,4102,1,2,9
17,4102,1,2,1
21,4102,1,2,9
3,4105,1,2,9
5,4105,2,2,7
6,4105,1,2,9
13,4105,1,1,1
14,4105,1,2,9
18,4105,1,1,1
20,4105,1,1,1
21,4105,1,1,9
22,4105,2,2,9
4,4112,1,2,9
6,4112,1,1,1
7,4112,1,1,1
15,4112,1,2,9
19,4112,1,1,9
20,4112,1,1,9
2,4115,1,2,1
3,4115,2,1,9
5,4115,1,1,1
9,4115,1,1,1
12,4115,1,1,1
16,4115,2,1,1
17,4115,1,1,1
18,4115,1,1,9
20,4115,1,1,9
6,4119,1,1,1
13,4119,1,2,1
17,4119,1,2,9
20,4119,1,2,1
1,4125,1,2,2
4,4125,1,1,1
5,4125,1,2,7
6,4125,1,1,1
8,4125,1,2,9
11,4125,1,1,1
13,4125,1,2,7
14,4125,1,2,9
17,4125,1,2,9
18,4125,1,2,7
19,4125,1,1,1
20,4125,1,2,7
1,4129,1,2,9
7,4129,1,2,9
9,4129,1,1,9
10,4129,2,1,9
15,4129,1,1,1
16,4129,1,1,1
17,4129,1,2,9
19,4129,1,1,1
6,4132,1,2,9
7,4132,1,1,1
8,4132,1,2,9
9,4132,1,1,1
4,4134,1,1,9
5,4134,1,1,1
7,4134,1,1,1
8,4134,1,1,9
9,4134,1,1,9
11,4134,1,2,9
12,4134,1,1,1
13,4134,1,1,9
14,4134,1,2,9
17,4134,1,1,9
18,4134,1,1,9
20,4134,1,2,7
2,4139,1,1,9
3,4139,1,1,1
6,4139,1,2,9
7,4139,1,1,11
8,4139,2,2,9
10,4139,1,2,7
11,4139,2,1,9
12,4139,1,1,9
13,4139,1,1,1
14,4139,2,2,7
15,4139,2,2,9
16,4139,1,1,1
17,4139,1,2,9
18,4139,1,1,1
20,4139,1,2,9
10,4142,1,1,1
17,4142,1,2,9
1,4149,1,2,9
2,4149,1,1,9
3,4149,1,1,1
8,4149,1,2,1
10,4149,1,2,9
11,4149,1,1,1
13,4149,1,1,1
19,4149,1,1,1
20,4149,1,2,1
1,4152,1,1,1
2,4152,1,2,1
3,4152,1,1,1
5,4152,1,1,1
7,4152,1,2,1
8,4152,1,1,1
9,4152,1,1,1
10,4152,1,2,1
12,4152,1,1,1
15,4152,1,2,9
17,4152,1,1,1
19,4152,1,2,9
23,4152,1,1,1
11,4155,1,1,1
12,4155,2,1,1
15,4155,1,1,1
16,4155,1,2,1
19,4155,1,2,1
5,4159,1,2,9
6,4159,1,2,9
7,4159,1,2,1
8,4159,1,2,9
9,4159,2,2,9
13,4159,1,2,7
15,4159,1,2,9
17,4159,1,1,1
4,4162,1,1,9
20,4162,1,2,8
6,4169,1,1,1
2,4175,1,2,9
5,4175,1,2,1
7,4175,2,2,9
10,4175,1,2,9
18,4179,1,2,9
2,4182,1,2,9
3,4182,1,2,7
9,4182,1,1,1
10,4182,2,2,9
5,4185,1,2,9
8,4185,1,2,9
9,4185,1,2,9
1,4189,1,1,9
2,4189,1,1,1
3,4189,1,1,1
4,4189,2,1,7
5,4189,1,1,1
8,4189,1,2,9
9,4189,1,1,9
10,4189,2,2,9
11,4189,1,2,9
13,4189,2,2,9
18,4189,1,1,1
2,4192,1,1,1
4,4192,2,1,9
10,4192,1,2,9
13,4192,1,1,1
14,4192,1,1,1
15,4192,1,2,9
16,4192,1,2,9
17,4192,1,1,1
18,4192,1,2,9
19,4192,1,2,9
20,4192,1,1,9
1,4199,1,2,9
2,4199,2,2,9
3,4199,1,2,11
5,4199,1,1,9
7,4199,1,2,2
9,4199,2,2,9
10,4199,1,2,9
13,4199,1,1,1
14,4199,1,1,9
16,4199,1,2,9
17,4199,1,2,9
18,4199,2,1,9
3,4202,1,2,11
4,4202,1,1,1
5,4202,1,1,1
9,4202,1,1,1
11,4202,1,2,9
17,4202,1,1,1
1,4205,1,2,9
4,4205,1,2,9
5,4205,1,2,9
6,4205,2,2,9
7,4205,1,1,1
8,4205,1,1,1
13,4205,1,2,9
20,4205,1,2,7
1,4212,1,2,9
13,4212,1,2,9
8,4219,1,2,11
16,4219,1,2,9
12,4225,1,1,9
6,4242,1,2,9
8,4242,1,1,9
12,4242,1,2,1
23,4245,1,2,9
2,4255,1,1,9
9,4269,1,1,7
15,4272,1,2,9
17,4275,1,2,8
5,4285,1,2,9
6,4285,1,2,9
10,4285,1,2,2
13,4285,1,1,9
11,4289,1,1,9
19,4292,1,2,9
7,4305,2,2,2
15,4305,1,2,8
16,4305,1,2,9
19,4305,1,2,9
12,4309,1,2,9
23,4309,1,2,9
15,4312,1,2,7
21,4312,1,1,9
10,4319,1,2,8
17,4319,2,2,2
18,4319,1,2,9
4,4325,1,1,9
3,4329,1,2,9
4,4329,1,2,7
7,4329,1,2,1
8,4329,1,2,9
10,4329,1,2,1
18,4329,1,2,9
11,4335,1,1,1
18,4335,1,1,1
19,4335,1,1,1
1,4339,1,1,1
2,4339,1,2,1
3,4339,1,1,9
6,4339,1,1,1
8,4339,1,1,1
10,4339,1,1,1
2,4342,1,1,1
16,4342,1,1,1
17,4342,1,1,1
2,4345,1,2,9
3,4345,1,1,1
4,4345,1,2,1
5,4345,1,1,1
6,4345,1,1,9
7,4345,1,1,1
10,4345,1,1,1
11,4345,2,2,1
13,4345,1,1,1
14,4345,1,1,1
15,4345,1,1,1
16,4345,1,1,1
17,4345,1,1,1
18,4345,2,1,1
19,4345,1,1,1
20,4345,1,1,1
4,4349,1,2,9
4,4352,1,2,9
7,4352,1,1,1
12,4352,1,2,10
15,4352,1,2,9
17,4352,1,1,1
18,4352,1,2,9
19,4352,1,1,1
20,4352,1,1,1
3,4355,1,1,1
5,4355,2,1,1
12,4355,1,1,1
15,4355,1,1,1
16,4355,1,1,1
20,4355,1,1,1
3,4359,1,1,9
8,4359,1,2,9
13,4359,1,1,1
15,4359,1,2,9
16,4359,1,2,9
18,4359,1,2,1
20,4359,1,1,9
2,4362,1,1,1
3,4362,1,1,1
4,4362,1,2,1
5,4362,1,1,1
6,4362,1,1,1
9,4362,1,1,1
15,4362,1,2,1
16,4362,1,1,1
18,4362,1,1,1
20,4362,1,1,1
22,4362,1,1,1
25,4362,1,1,1
7,4365,1,1,1
11,4365,1,1,1
12,4365,1,1,1
13,4365,1,1,1
17,4365,1,2,9
19,4365,1,2,9
20,4365,1,1,9
5,4372,1,2,9
7,4372,1,2,9
9,4372,1,2,9
13,4372,1,1,1
14,4372,1,1,1
16,4372,1,1,1
19,4372,1,1,1
2,4375,1,2,9
3,4375,1,2,9
4,4375,1,2,7
8,4375,1,2,9
10,4375,1,2,7
13,4375,1,2,9
15,4375,1,2,9
16,4375,1,2,9
19,4375,1,2,7
3,4379,1,1,1
6,4379,1,2,9
8,4379,1,2,8
9,4379,1,2,9
14,4379,1,2,9
16,4379,1,2,9
17,4379,1,2,7
19,4379,1,1,1
2,4382,1,2,9
5,4382,1,2,9
7,4382,1,1,1
13,4382,1,2,9
15,4382,1,1,1
16,4382,1,1,1
19,4382,1,1,1
20,4382,1,2,1
2,4385,1,2,9
9,4385,1,2,9
10,4385,1,1,9
11,4385,1,1,1
13,4385,1,1,1
15,4385,1,2,9
16,4385,1,2,11
18,4385,1,2,9
20,4385,1,1,1
1,4389,1,1,1
4,4389,1,2,9
5,4389,1,2,9
6,4389,1,2,7
13,4389,1,1,1
14,4389,1,1,1
15,4389,1,1,1
16,4389,1,2,9
17,4389,1,1,1
19,4389,1,1,1
3,4392,1,2,9
4,4392,1,2,9
5,4392,1,2,9
6,4392,1,1,9
10,4392,1,2,9
12,4392,1,1,9
13,4392,1,1,1
14,4392,2,2,9
16,4392,2,1,9
19,4392,2,2,7
20,4392,1,1,9
2,4395,1,1,1
4,4395,2,2,9
6,4395,1,2,9
7,4395,1,2,9
9,4395,1,2,9
12,4395,1,2,9
17,4395,2,1,9
19,4395,2,1,9
20,4395,1,1,1
3,4399,2,2,9
4,4399,1,2,9
6,4399,1,1,1
7,4399,1,2,7
9,4399,1,1,1
10,4399,1,2,7
11,4399,1,2,7
12,4399,2,2,9
14,4399,2,2,7
16,4399,1,1,1
18,4399,1,2,9
19,4399,1,1,1
2,4402,1,2,9
4,4402,1,2,8
8,4402,1,1,1
10,4402,1,2,9
12,4402,1,2,9
14,4402,1,2,7
16,4402,2,2,7
17,4402,1,2,9
11,4405,1,2,9
19,4405,1,2,9
2,4408,1,1,1
4,4408,1,1,1
5,4408,1,2,9
6,4408,1,2,9
7,4408,1,2,2
8,4408,1,2,7
9,4408,2,2,7
10,4408,1,2,9
12,4408,1,2,9
13,4408,1,2,7
15,4408,1,2,7
16,4408,2,2,9
17,4408,1,1,9
18,4408,1,2,9
19,4408,1,2,9
20,4408,2,2,10
2,4412,1,1,1
3,4412,1,1,1
6,4412,1,1,2
8,4412,1,1,1
10,4412,1,1,1
11,4412,1,1,1
13,4412,1,1,1
14,4412,1,1,1
15,4412,1,1,1
16,4412,1,2,1
18,4412,1,2,2
1,4415,1,1,1
2,4415,1,1,1
3,4415,1,1,1
4,4415,1,1,1
5,4415,1,1,1
6,4415,1,1,1
7,4415,1,1,1
8,4415,1,1,1
9,4415,1,1,1
10,4415,1,1,1
11,4415,1,1,1
12,4415,1,1,1
17,4415,1,2,1
2,4419,1,2,1
7,4419,1,2,9
9,4419,1,2,1
15,4419,1,1,1
17,4419,1,1,9
19,4419,1,2,9
20,4419,2,1,1
21,4419,1,1,9
22,4419,1,2,9
5,4425,1,2,9
7,4425,1,1,1
8,4425,1,1,1
9,4425,1,1,1
10,4425,1,2,9
12,4425,1,2,9
13,4425,1,1,1
14,4425,1,1,1
15,4425,1,1,1
18,4425,1,2,9
19,4425,1,2,9
1,4429,1,1,1
7,4429,1,1,1
8,4429,1,1,1
5,4433,1,1,9
7,4433,1,1,9
9,4433,1,1,1
10,4433,1,2,9
12,4433,1,2,9
13,4433,1,1,9
14,4433,1,1,1
16,4433,1,1,1
18,4433,1,1,1
1,4435,1,1,8
3,4435,1,2,9
9,4435,1,2,9
15,4435,1,2,1
16,4435,1,2,7
17,4435,2,2,9
20,4435,1,2,7
21,4435,1,1,9
22,4435,1,2,9
23,4435,1,1,1
1,4439,1,1,1
7,4439,1,1,1
12,4439,1,1,1
18,4439,1,1,1
21,4439,1,1,1
4,4442,1,1,1
6,4442,1,2,9
11,4442,1,1,1
13,4442,1,2,9
14,4442,2,1,1
15,4442,1,2,1
18,4442,1,1,9
20,4442,1,1,1
21,4442,1,1,1
24,4442,1,1,1
1,4445,1,2,9
2,4445,1,2,9
15,4445,1,2,9
17,4445,1,2,9
20,4445,2,2,7
1,4449,1,2,9
4,4449,1,1,1
7,4449,1,2,9
10,4449,1,2,9
11,4449,1,2,9
12,4449,1,1,1
13,4449,1,1,1
15,4449,1,2,9
16,4449,1,1,9
17,4449,1,2,9
20,4449,1,1,9
4,4452,1,1,1
5,4452,1,1,1
9,4452,1,1,1
10,4452,1,1,1
15,4452,1,2,9
22,4452,1,1,1
15,4455,1,2,9
9,4459,2,2,9
12,4459,1,1,1
13,4459,1,2,1
14,4459,1,2,9
15,4459,1,1,1
16,4459,1,1,1
10,4462,1,1,1
13,4462,1,1,1
18,4462,1,2,1
3,4465,1,1,1
12,4465,1,2,9
3,4472,1,1,9
6,4472,1,2,4
7,4472,1,1,1
8,4472,1,1,7
10,4472,1,2,7
14,4472,1,2,7
15,4472,1,2,5
17,4472,1,1,1
21,4472,1,2,8
1,4479,1,2,9
2,4479,1,1,1
3,4479,1,2,9
4,4479,1,2,9
8,4479,1,1,9
10,4479,1,1,1
11,4479,1,1,1
14,4479,1,2,7
15,4479,1,1,1
19,4479,1,2,9
1,4482,1,1,1
16,4482,1,1,1
17,4482,1,1,1
1,4485,1,2,9
3,4485,1,2,9
4,4485,1,1,1
5,4485,1,2,9
6,4485,1,2,9
8,4485,1,2,9
9,4485,1,1,9
11,4485,1,2,9
12,4485,1,2,1
15,4485,1,1,1
16,4485,1,2,1
17,4485,1,1,1
18,4485,2,1,1
4,4489,1,2,1
6,4489,2,2,8
11,4489,1,1,1
13,4489,1,1,1
14,4489,1,2,9
15,4489,1,2,1
20,4489,1,1,1
1,4492,1,1,1
2,4492,1,2,9
3,4492,1,1,1
5,4492,1,1,1
7,4492,1,1,1
8,4492,1,1,1
9,4492,1,1,1
11,4492,1,2,9
13,4492,1,2,9
14,4492,1,1,1
16,4492,2,2,2
17,4492,1,2,7
18,4492,1,2,9
19,4492,2,2,9
4,4495,1,1,1
17,4495,1,2,9
2,4499,1,1,1
3,4499,1,2,7
4,4499,1,1,1
8,4499,1,2,7
10,4499,1,2,9
12,4499,1,2,9
14,4499,1,2,9
15,4499,1,2,9
16,4499,1,1,1
2,4502,1,1,1
13,4502,1,2,7
15,4502,1,1,1
16,4502,1,1,1
17,4502,1,1,1
18,4502,2,2,9
2,4505,1,2,9
5,4505,1,2,9
8,4505,1,1,1
10,4505,1,2,9
12,4505,1,1,1
15,4505,2,1,9
17,4505,1,2,9
20,4505,1,1,9
25,4505,1,1,1
2,4509,2,2,9
3,4509,1,2,9
6,4509,1,1,9
7,4509,1,2,9
8,4509,1,2,9
9,4509,1,2,9
11,4509,1,2,9
12,4509,1,2,9
13,4509,2,2,9
16,4509,1,2,9
17,4509,1,2,9
20,4509,1,2,9
3,4512,1,1,1
5,4512,1,1,9
6,4512,1,2,1
9,4512,1,2,1
13,4512,1,1,1
18,4512,1,1,1
21,4512,1,1,1
22,4512,1,1,1
1,4515,1,1,1
2,4515,1,2,9
3,4515,1,2,9
7,4515,1,2,9
8,4515,1,2,9
9,4515,1,1,1
12,4515,1,2,8
15,4515,1,1,1
17,4515,1,1,1
5,4519,1,2,1
6,4519,1,2,1
9,4519,1,1,1
13,4519,1,1,1
15,4519,1,1,1
16,4519,1,2,1
2,4522,2,2,9
6,4522,1,2,9
7,4522,1,1,1
8,4522,2,2,10
10,4522,1,2,9
11,4522,2,2,9
16,4522,1,1,1
2,4525,1,2,9
3,4525,1,1,9
5,4525,1,2,7
6,4525,1,1,1
7,4525,1,2,9
8,4525,1,2,7
15,4525,1,2,1
16,4525,1,1,9
18,4525,2,1,9
19,4525,2,2,7
4,4529,1,2,9
5,4529,1,2,9
6,4529,1,1,1
9,4529,1,1,1
11,4529,1,1,1
15,4529,1,2,1
17,4529,1,1,9
19,4529,1,2,7
6,4532,1,2,9
3,4535,1,2,9
5,4535,1,1,9
14,4535,1,2,8
20,4535,1,2,9
5,4539,1,1,1
8,4539,1,1,1
10,4539,1,1,1
15,4539,1,2,9
18,4539,1,2,9
20,4539,1,1,1
4,4542,1,1,1
5,4542,1,1,1
6,4542,1,1,1
7,4542,1,1,8
13,4542,1,1,1
17,4542,1,1,1
18,4542,1,1,1
20,4542,1,2,9
1,4545,1,2,9
3,4549,1,2,9
11,4549,1,1,1
12,4549,1,1,1
13,4549,1,1,1
17,4549,1,2,9
7,4552,1,2,9
15,4552,1,1,9
16,4552,1,1,9
5,4555,1,2,9
6,4555,1,2,9
10,4555,1,1,7
12,4555,1,1,9
13,4555,1,2,9
17,4555,1,2,9
18,4555,1,2,9
20,4555,1,2,1
1,4559,1,2,9
6,4559,1,2,7
8,4559,1,2,9
9,4559,2,2,9
10,4559,1,2,9
12,4559,1,2,7
13,4559,1,2,7
14,4559,1,1,9
19,4559,1,1,1
1,4562,1,1,1
7,4562,1,1,1
11,4562,1,1,1
12,4562,1,2,9
13,4562,1,1,1
16,4562,1,1,1
17,4562,1,1,1
18,4562,1,1,1
2,4565,1,1,1
3,4565,1,1,1
5,4565,1,1,1
6,4565,1,1,1
9,4565,1,2,7
13,4565,1,1,1
14,4565,1,1,1
15,4565,1,1,1
20,4565,1,2,1
21,4565,1,1,1
7,4569,1,2,7
8,4569,1,2,9
10,4569,1,1,1
12,4569,1,1,1
13,4569,1,2,9
17,4569,1,1,1
2,4572,1,1,1
3,4572,2,2,9
4,4572,1,1,1
5,4572,1,1,9
6,4572,1,2,9
7,4572,1,2,9
8,4572,1,1,1
9,4572,1,1,1
10,4572,1,1,1
11,4572,1,2,1
13,4572,1,2,9
16,4572,1,2,9
20,4572,1,1,1
2,4575,1,2,9
3,4575,1,1,1
9,4575,1,2,9
12,4575,1,1,1
15,4575,1,2,9
16,4575,1,1,1
17,4575,1,2,9
18,4575,1,2,9
19,4575,1,2,9
2,4579,1,2,9
7,4579,1,2,9
8,4579,1,1,1
12,4579,1,1,9
17,4579,1,2,9
1,4582,1,1,1
3,4582,1,2,9
8,4582,1,1,1
10,4582,1,1,1
11,4585,1,2,1
15,4585,1,1,1
12,4589,1,1,1
14,4589,1,1,1
18,4589,1,1,9
19,4589,1,1,1
20,4589,1,2,9
21,4589,1,1,9
3,4592,1,1,1
5,4592,2,2,9
9,4592,1,1,1
12,4592,1,2,11
13,4592,1,2,9
16,4592,1,2,9
17,4592,1,2,9
19,4592,1,2,9
24,4592,1,2,9
1,4595,1,1,1
2,4595,1,1,1
6,4595,1,1,1
12,4595,1,1,1
14,4595,1,1,1
15,4595,1,1,1
18,4595,1,1,1
19,4595,1,1,1
20,4595,1,2,7
1,4599,1,2,9
3,4599,1,2,9
4,4599,2,2,9
9,4599,1,2,9
10,4599,2,2,9
12,4599,1,1,1
13,4599,1,1,1
14,4599,1,2,9
16,4599,1,2,9
19,4599,1,1,1
1,4602,1,2,9
2,4602,1,2,9
3,4602,1,2,9
5,4602,1,2,9
8,4602,1,1,1
11,4602,1,2,9
20,4602,1,1,1
2,4605,1,1,1
4,4605,1,2,9
9,4605,1,2,9
17,4605,1,1,1
18,4605,1,2,1
21,4605,1,1,1
23,4605,1,2,9
24,4605,1,2,1
12,4612,2,2,9
13,4612,1,2,7
16,4612,1,1,1
17,4612,1,1,1
21,4612,1,2,9
1,4615,1,1,1
2,4615,1,2,1
7,4615,1,1,9
8,4615,1,2,1
9,4615,1,1,9
10,4615,2,2,9
11,4615,1,1,9
13,4615,1,2,8
14,4615,1,1,1
15,4615,2,1,1
17,4615,1,2,9
19,4615,1,1,1
20,4615,1,2,9
21,4615,1,2,9
22,4615,1,1,1
2,4619,1,2,9
1,4622,1,2,4
3,4622,1,2,1
9,4622,1,2,9
10,4622,1,1,1
11,4622,1,1,1
13,4622,1,1,1
15,4622,1,2,9
16,4622,1,1,1
19,4622,1,1,1
1,4625,1,1,1
5,4625,1,1,1
6,4625,1,2,1
12,4625,1,2,8
14,4625,1,2,9
18,4625,1,2,1
20,4625,1,2,9
5,4629,1,1,1
7,4629,1,1,9
8,4629,1,2,7
9,4629,1,2,9
13,4629,2,2,9
15,4629,1,1,9
16,4629,1,2,9
17,4629,1,1,7
18,4629,1,1,1
19,4629,1,2,9
20,4629,1,1,1
1,4632,2,1,1
2,4632,2,2,9
6,4632,2,2,9
7,4632,1,2,9
13,4632,2,2,9
14,4632,1,2,9
15,4632,1,1,1
16,4632,2,1,1
18,4632,1,2,9
19,4632,1,2,9
20,4632,1,1,1
21,4632,1,1,1
22,4632,1,2,9
24,4632,1,1,1
3,4635,1,2,9
6,4635,1,1,1
13,4635,1,1,1
7,4639,1,2,9
10,4639,1,2,9
11,4639,1,1,1
23,4639,1,2,9
1,4642,1,1,1
4,4642,1,1,1
6,4642,1,1,1
11,4642,1,2,9
13,4642,1,2,9
20,4642,1,2,9
1,4645,1,1,1
2,4645,1,2,9
4,4645,1,1,1
7,4645,1,2,9
10,4645,1,2,8
11,4645,1,2,9
12,4645,1,2,9
13,4645,1,1,1
15,4645,1,1,1
16,4645,1,2,9
19,4645,1,1,9
20,4645,1,2,9
22,4645,1,2,7
23,4645,1,1,1
25,4645,1,2,9
6,4649,1,1,1
7,4649,1,1,1
8,4649,1,2,9
12,4649,1,1,9
15,4649,1,1,1
16,4649,1,1,1
1,4652,1,2,9
3,4652,1,2,9
6,4652,1,1,9
7,4652,1,2,9
9,4652,2,2,9
12,4652,1,2,7
20,4652,2,1,8
2,4655,1,1,1
10,4655,1,1,1
16,4655,1,2,9
20,4655,1,1,1
1,4659,1,2,1
4,4659,1,2,9
5,4659,1,1,1
6,4659,1,2,9
7,4659,1,2,1
9,4659,1,2,1
13,4659,1,2,9
2,4662,1,1,9
7,4662,1,2,9
3,4665,1,1,1
5,4665,1,2,9
13,4665,1,1,9
15,4665,1,1,9
19,4665,1,1,1
11,4669,1,1,1
3,4672,1,2,2
5,4672,1,1,9
6,4672,1,2,9
9,4672,2,2,9
16,4672,1,1,1
18,4672,1,2,9
19,4672,1,2,9
21,4672,2,2,9
9,4675,1,1,1
10,4675,1,2,1
13,4675,1,1,1
14,4675,1,1,1
15,4675,1,2,9
16,4675,1,2,9
18,4675,1,1,1
19,4675,1,2,1
4,4679,1,2,9
6,4679,1,1,1
8,4679,2,2,9
9,4679,1,2,9
22,4679,1,1,1
24,4679,1,1,1
5,4685,1,1,1
6,4685,1,1,1
14,4685,1,1,1
17,4685,1,1,1
19,4685,1,1,1
1,4689,1,1,1
3,4689,1,1,1
6,4689,1,1,1
8,4689,1,1,1
14,4689,1,2,9
15,4689,1,1,1
16,4689,1,1,1
21,4689,1,1,1
1,4692,1,2,1
5,4692,1,1,1
12,4692,1,1,1
16,4692,1,2,9
1,4695,1,1,1
3,4695,1,2,9
4,4695,1,1,9
5,4695,1,1,1
7,4695,1,1,1
8,4695,1,1,9
9,4695,1,1,9
10,4695,1,1,1
11,4695,1,1,1
12,4695,1,1,9
13,4695,1,1,1
14,4695,1,1,1
16,4695,1,1,1
18,4695,1,1,1
20,4695,1,1,1
22,4695,1,1,1
1,4699,1,1,1
3,4699,1,2,1
4,4699,1,2,9
9,4699,1,2,9
13,4699,1,1,1
14,4699,1,1,9
18,4699,1,1,1
22,4699,1,2,1
13,4702,1,1,1
14,4702,1,2,7
20,4702,1,2,1
10,4715,1,1,9
7,4719,1,2,9
3,4729,1,2,9
11,4729,1,2,8
13,4729,1,1,1
14,4729,1,2,9
16,4729,2,2,9
17,4729,1,2,9
20,4729,1,1,1
21,4729,1,2,9
13,4732,2,1,9
20,4732,1,2,9
9,4735,1,2,7
10,4735,1,1,1
16,4735,1,1,1
10,4739,1,2,1
19,4739,1,1,1
20,4739,1,1,1
5,4745,1,1,1
6,4745,1,2,1
7,4745,1,1,9
8,4745,1,2,8
10,4745,1,1,1
11,4745,1,1,1
12,4745,1,2,9
17,4745,1,2,9
20,4745,1,2,9
3,4750,1,1,1
5,4750,1,1,1
15,4750,1,1,1
16,4750,1,1,1
24,4750,1,2,8
1,4752,1,2,9
2,4752,1,2,9
5,4752,1,1,9
9,4752,1,2,9
12,4752,1,1,4
13,4752,2,1,9
14,4752,1,2,9
15,4752,1,1,9
17,4752,1,1,9
19,4752,1,1,9
20,4752,2,2,9
22,4752,1,2,7
2,4755,1,1,1
5,4755,1,2,2
6,4755,2,2,9
7,4755,1,1,1
8,4755,2,2,9
9,4755,1,1,1
10,4755,1,2,9
11,4755,1,2,1
12,4755,2,1,1
13,4755,1,1,1
15,4755,1,2,9
16,4755,1,2,9
18,4755,1,1,1
19,4755,1,2,9
1,4759,1,1,1
4,4759,1,1,1
5,4759,1,2,9
8,4759,1,1,1
13,4759,1,2,9
14,4759,1,1,1
18,4759,1,1,1
20,4759,1,1,1
1,4762,1,1,1
3,4762,1,1,1
11,4762,1,1,1
15,4762,1,1,1
18,4762,1,1,1
22,4762,1,1,1
5,4765,1,1,1
6,4765,1,1,1
16,4765,1,1,1
3,4769,1,2,9
1,4772,1,1,1
5,4772,1,2,9
6,4772,1,2,9
12,4772,1,1,1
18,4772,1,2,10
2,4775,1,2,9
3,4775,1,2,9
4,4775,1,1,1
6,4775,1,1,1
13,4775,1,1,1
15,4775,1,1,1
2,4779,1,1,1
3,4779,1,1,1
5,4779,1,1,1
6,4779,1,1,1
7,4779,1,1,8
8,4779,1,1,1
13,4779,1,1,1
14,4779,1,1,1
15,4779,1,1,1
17,4779,1,2,9
18,4779,1,1,1
19,4779,1,1,1
1,4782,2,2,1
2,4782,1,2,9
4,4782,1,1,1
5,4782,1,1,1
8,4782,1,2,9
9,4782,1,2,1
10,4782,1,1,1
14,4782,1,2,1
15,4782,1,1,1
16,4782,1,2,1
17,4782,1,2,1
18,4782,1,2,9
20,4782,2,1,9
6,4785,1,1,1
21,4785,1,1,1
23,4785,1,1,1
4,4790,1,1,1
8,4790,1,1,1
12,4790,1,2,9
16,4790,1,2,9
17,4790,1,1,2
19,4790,1,2,9
24,4790,1,2,11
25,4790,1,2,9
4,4792,1,1,9
6,4792,1,2,9
7,4792,1,1,9
8,4792,1,2,9
12,4792,1,2,9
13,4792,2,2,9
15,4792,1,2,9
16,4792,1,2,9
17,4792,1,2,9
18,4792,1,1,1
2,4795,1,1,1
4,4795,1,1,1
5,4795,1,1,1
6,4795,1,1,1
7,4795,1,1,1
10,4795,1,2,1
17,4795,1,1,1
18,4795,1,1,1
19,4795,1,2,9
20,4795,1,2,9
1,4799,1,1,1
3,4799,1,2,9
5,4799,1,1,1
15,4799,1,1,9
16,4799,1,2,9
17,4799,1,1,1
18,4799,1,1,1
19,4799,1,1,1
20,4799,1,1,1
5,4802,1,1,9
7,4802,1,2,9
11,4802,1,1,9
10,4805,1,2,9
17,4805,1,1,1
19,4805,1,2,9
4,4809,1,2,9
12,4809,1,2,9
14,4809,1,2,9
2,4812,1,2,9
13,4812,1,1,1
15,4812,1,1,1
16,4812,1,1,1
17,4812,1,1,1
18,4812,1,1,1
19,4812,1,1,1
3,4815,1,1,1
4,4815,1,1,1
5,4815,1,2,1
6,4815,1,1,1
7,4815,1,1,1
8,4815,1,1,1
9,4815,1,1,1
10,4815,1,1,1
11,4815,1,1,1
12,4815,1,2,1
13,4815,1,1,1
14,4815,1,1,1
15,4815,1,1,1
16,4815,1,2,9
17,4815,1,1,1
18,4815,1,1,1
19,4815,1,1,1
20,4815,1,1,1
5,4819,1,1,1
10,4819,1,1,1
14,4819,1,2,1
18,4819,1,2,1
5,4822,1,1,1
8,4825,1,2,9
11,4825,1,2,1
13,4825,1,1,9
14,4825,1,2,9
17,4825,1,2,9
20,4825,1,2,9
2,4829,1,1,9
3,4829,1,1,1
7,4829,1,2,9
9,4829,1,1,1
10,4829,1,2,9
11,4829,1,1,1
14,4829,1,1,1
16,4829,1,2,9
18,4829,1,2,9
19,4829,1,2,9
20,4829,1,2,9
3,4832,1,2,9
5,4832,1,1,1
10,4832,1,2,9
13,4832,1,1,1
12,4835,1,1,9
14,4835,1,1,1
16,4835,1,1,1
20,4835,1,1,1
2,4839,1,2,9
6,4839,1,1,9
14,4839,1,1,9
15,4839,1,1,9
19,4839,1,1,9
3,4842,1,2,9
6,4842,1,1,1
20,4842,1,2,9
1,4845,1,2,9
2,4845,1,1,1
7,4845,1,1,1
8,4845,1,1,1
10,4845,1,1,1
13,4845,1,1,1
14,4845,1,1,1
15,4845,1,2,1
16,4845,1,1,1
20,4845,1,2,1
23,4845,1,2,1
1,4849,1,1,9
2,4849,1,2,9
10,4849,1,2,9
11,4852,1,2,9
12,4852,1,2,9
14,4852,1,2,9
18,4852,1,2,9
20,4852,1,2,9
1,4855,1,2,9
2,4855,1,2,9
3,4855,1,2,9
4,4855,1,2,9
6,4855,1,1,9
7,4855,1,1,1
8,4855,1,2,9
9,4855,1,2,9
11,4855,1,2,9
14,4855,1,2,9
15,4855,1,1,9
16,4855,1,2,9
19,4855,1,2,9
4,4862,1,1,1
11,4862,1,1,1
1,4865,1,2,9
10,4865,1,1,9
12,4865,1,1,9
13,4865,1,1,1
14,4865,1,1,9
16,4865,1,1,9
18,4865,1,1,1
19,4865,1,1,9
3,4869,1,1,1
8,4869,1,1,1
12,4869,1,2,9
20,4869,1,2,9
4,4872,1,1,1
18,4872,1,2,9
10,4875,1,1,1
13,4875,1,1,9
18,4875,1,2,9
3,4879,1,1,9
3,4882,1,1,1
9,4882,1,2,9
14,4882,1,1,1
15,4882,1,2,9
16,4882,1,1,9
17,4882,2,1,1
5,4889,1,1,9
6,4889,1,1,9
7,4889,1,1,9
9,4889,1,1,9
15,4889,1,1,9
17,4889,1,1,1
18,4889,1,1,1
19,4889,1,1,1
1,4892,1,2,9
2,4892,1,1,1
4,4892,1,2,9
7,4892,1,2,9
8,4892,1,1,9
12,4892,1,1,9
13,4892,1,2,9
14,4892,1,2,9
16,4892,1,2,9
17,4892,1,1,9
18,4892,1,2,9
3,4895,1,1,1
4,4895,1,1,1
6,4895,1,2,8
8,4895,1,1,9
1,4899,1,1,1
2,4899,1,1,1
7,4899,1,1,1
9,4899,1,1,9
14,4899,1,1,1
16,4899,1,1,9
17,4899,1,2,9
18,4899,1,1,9
19,4899,1,1,1
20,4899,1,2,9
3,4902,1,2,2
5,4902,1,1,1
10,4902,1,2,9
11,4902,1,2,9
18,4902,1,2,9
19,4902,1,2,9
1,4909,1,2,9
2,4909,1,2,9
9,4909,1,2,9
15,4909,1,1,9
16,4909,1,2,9
20,4909,1,2,9
3,4912,1,2,9
1,4922,1,1,1
2,4922,1,1,1
6,4922,1,1,1
8,4922,1,1,1
9,4922,1,2,9
10,4922,1,1,1
12,4922,1,1,1
3,4925,1,1,1
4,4925,1,1,1
6,4925,1,1,1
13,4925,1,2,9
17,4925,1,2,9
2,4929,1,1,9
4,4929,1,2,9
8,4929,1,2,9
9,4929,1,1,9
15,4929,1,2,9
18,4929,1,2,9
20,4929,1,1,1
1,4932,1,1,1
2,4932,1,1,1
5,4932,1,1,1
13,4932,1,2,9
15,4932,1,1,1
16,4932,1,1,1
17,4932,1,2,1
18,4932,1,1,1
22,4932,1,1,1
6,4935,1,1,1
9,4935,1,1,1
13,4935,1,1,1
14,4935,1,2,1
19,4935,1,2,9
20,4935,1,1,1
5,4939,1,1,1
14,4939,2,2,9
15,4939,1,2,9
18,4939,1,1,1
19,4939,1,1,1
20,4939,1,1,1
6,4942,1,2,1
6,4944,1,2,9
13,4944,1,2,1
6,4949,1,2,9
7,4949,1,2,9
10,4949,1,1,1
18,4949,1,2,10
20,4949,1,2,9
1,4952,1,1,1
3,4952,1,1,1
6,4952,2,1,1
7,4952,1,1,1
9,4952,2,1,1
11,4952,2,1,1
15,4952,2,1,1
16,4952,2,1,1
17,4952,2,1,1
20,4952,2,1,1
3,4955,1,2,9
6,4955,1,2,10
8,4955,1,2,10
9,4955,1,2,9
17,4955,1,2,9
18,4955,1,2,10
4,4959,1,1,9
6,4959,1,1,9
10,4959,2,2,9
16,4959,1,2,9
17,4959,1,2,9
18,4959,1,2,9
20,4959,1,2,9
21,4959,1,2,9
15,4962,1,2,9
16,4962,1,2,9
17,4962,1,2,9
6,4965,1,1,1
8,4965,1,1,1
9,4965,1,1,1
10,4965,2,2,9
12,4965,1,1,1
15,4965,1,1,1
22,4965,2,2,9
1,4969,2,1,1
2,4969,1,1,1
4,4969,2,1,1
5,4969,1,1,1
6,4969,1,1,1
12,4969,1,1,1
14,4969,1,1,1
16,4969,1,2,9
17,4969,1,1,1
18,4969,1,1,1
20,4969,1,1,1
3,4972,1,1,1
4,4972,1,2,3
7,4972,1,1,1
8,4972,1,1,1
2,4975,1,2,1
4,4975,1,1,1
5,4975,1,1,1
10,4975,1,1,1
11,4975,1,2,9
13,4975,1,1,9
19,4975,1,1,1
2,4979,1,1,1
3,4979,1,1,1
6,4979,1,1,1
8,4979,1,2,2
9,4979,1,2,9
12,4979,1,1,1
19,4979,1,1,1
20,4979,1,2,9
2,4982,1,2,9
14,4982,1,2,9
16,4982,1,2,9
17,4982,1,2,9
8,4985,1,2,9
9,4985,1,1,1
12,4985,1,1,9
15,4985,1,2,1
17,4985,1,1,1
19,4985,1,2,1
1,4989,1,1,1
5,4989,1,2,1
1,4992,1,2,9
2,4992,1,1,1
3,4992,1,1,1
6,4992,1,2,9
7,4992,1,1,1
9,4992,1,1,1
10,4992,1,1,1
11,4992,1,1,1
12,4992,1,1,1
14,4992,1,1,1
16,4992,1,1,1
2,4995,1,1,1
4,4995,1,1,1
5,4995,1,1,1
6,4995,1,1,1
11,4995,2,1,9
13,4995,1,1,1
14,4995,1,2,9
18,4995,2,1,1
21,4995,1,1,1
2,4999,1,2,9
3,4999,1,2,9
8,4999,1,1,9
9,4999,1,1,1
14,4999,1,1,1
19,4999,1,2,9
