nh,clust,Own_operate_farm,Fish_process_for_sale,Operate_own_business
1,4002,1,1,2
2,4002,1,1,2
3,4002,1,2,2
4,4002,1,1,1
5,4002,1,2,1
6,4002,1,1,1
7,4002,1,2,1
8,4002,1,2,2
9,4002,1,2,1
10,4002,2,1,2
11,4002,1,1,2
12,4002,1,1,1
13,4002,1,2,2
14,4002,1,2,2
15,4002,2,2,1
16,4002,1,2,2
17,4002,1,2,2
18,4002,1,1,1
19,4002,1,1,2
20,4002,2,2,2
1,4005,1,1,1
2,4005,1,2,2
3,4005,1,2,2
4,4005,1,2,1
5,4005,1,1,1
6,4005,1,1,1
7,4005,1,1,1
8,4005,1,1,2
9,4005,1,2,1
10,4005,2,2,1
11,4005,1,1,1
12,4005,1,2,1
13,4005,1,2,1
14,4005,1,1,1
15,4005,1,1,1
16,4005,1,2,2
17,4005,1,2,2
18,4005,1,2,1
19,4005,1,1,2
20,4005,1,1,1
1,4009,1,2,2
2,4009,1,2,2
3,4009,1,1,2
4,4009,1,2,2
5,4009,1,2,1
6,4009,1,1,1
7,4009,1,1,1
8,4009,1,1,2
9,4009,1,2,2
11,4009,1,2,1
12,4009,1,1,1
13,4009,1,1,2
14,4009,1,1,2
15,4009,1,2,1
16,4009,1,1,2
17,4009,1,1,2
18,4009,1,1,2
19,4009,1,1,1
20,4009,1,1,2
21,4009,1,1,1
1,4012,1,2,2
2,4012,2,1,2
3,4012,1,2,2
5,4012,1,1,2
6,4012,1,2,1
7,4012,1,2,1
8,4012,1,2,2
9,4012,1,1,2
10,4012,1,2,2
11,4012,1,2,2
12,4012,1,2,1
13,4012,1,2,2
14,4012,1,2,2
15,4012,1,2,2
16,4012,1,2,2
17,4012,1,1,2
18,4012,1,2,1
19,4012,1,2,1
20,4012,1,2,1
1,4015,2,2,2
2,4015,2,2,1
3,4015,2,1,2
4,4015,2,2,1
5,4015,2,2,1
6,4015,2,2,2
7,4015,2,2,1
10,4015,2,2,1
11,4015,2,2,2
12,4015,2,2,1
13,4015,1,2,1
14,4015,2,2,1
15,4015,2,1,2
16,4015,2,2,1
17,4015,2,1,2
18,4015,2,2,2
19,4015,2,2,1
20,4015,2,2,1
21,4015,2,2,1
23,4015,2,2,2
1,4019,1,2,2
2,4019,2,2,2
3,4019,1,1,1
4,4019,1,2,2
5,4019,1,1,2
6,4019,1,2,2
7,4019,1,1,1
8,4019,2,2,2
9,4019,1,1,1
10,4019,1,2,1
11,4019,1,2,1
12,4019,1,2,2
13,4019,1,2,2
14,4019,2,2,1
15,4019,1,2,2
16,4019,1,2,2
17,4019,1,2,2
18,4019,1,2,1
19,4019,1,2,2
20,4019,1,2,1
1,4022,1,1,2
2,4022,1,1,1
3,4022,1,2,2
4,4022,1,1,1
5,4022,1,1,1
6,4022,1,2,1
7,4022,1,2,2
8,4022,1,2,2
9,4022,1,2,1
10,4022,1,2,1
11,4022,1,2,1
12,4022,1,2,2
13,4022,1,2,1
14,4022,1,2,2
15,4022,1,2,2
16,4022,1,2,1
17,4022,1,2,1
18,4022,1,2,2
19,4022,1,1,1
20,4022,1,1,2
1,4025,1,2,2
2,4025,1,1,2
3,4025,1,1,2
4,4025,2,2,2
5,4025,2,2,1
6,4025,1,1,2
7,4025,1,2,1
8,4025,2,1,1
9,4025,2,2,1
10,4025,1,2,1
11,4025,2,2,1
12,4025,2,2,1
13,4025,1,2,2
14,4025,1,2,2
15,4025,2,1,1
16,4025,2,2,2
17,4025,2,1,2
18,4025,2,2,1
19,4025,2,1,1
20,4025,2,2,1
1,4029,1,2,1
2,4029,1,1,2
3,4029,1,1,2
4,4029,1,1,1
5,4029,1,1,1
6,4029,2,2,1
7,4029,1,1,2
8,4029,1,1,1
9,4029,2,2,2
10,4029,1,1,2
11,4029,1,1,1
12,4029,1,1,2
13,4029,1,2,2
14,4029,1,1,1
15,4029,1,1,1
16,4029,1,1,2
17,4029,2,2,2
18,4029,2,2,1
19,4029,1,1,2
20,4029,2,2,2
1,4032,1,1,2
2,4032,1,2,2
3,4032,1,1,1
4,4032,1,1,1
5,4032,1,2,2
6,4032,1,2,2
7,4032,1,1,1
8,4032,1,2,1
9,4032,1,2,1
10,4032,1,1,1
11,4032,1,2,2
12,4032,1,1,1
13,4032,1,1,2
14,4032,1,1,2
15,4032,1,1,1
16,4032,1,1,1
17,4032,1,2,1
18,4032,2,2,2
19,4032,1,2,1
20,4032,1,2,1
1,4035,1,2,2
2,4035,1,2,1
3,4035,1,2,2
4,4035,1,2,1
5,4035,2,2,2
6,4035,1,2,2
7,4035,2,2,2
8,4035,1,1,2
9,4035,1,1,2
10,4035,1,2,2
11,4035,1,1,2
12,4035,1,2,2
13,4035,1,2,2
14,4035,1,2,1
15,4035,1,1,1
16,4035,1,1,1
17,4035,1,1,1
18,4035,1,2,1
19,4035,1,2,2
20,4035,1,1,2
1,4039,2,2,2
2,4039,1,2,2
3,4039,1,1,1
4,4039,1,1,1
5,4039,1,2,1
6,4039,1,1,1
7,4039,1,2,1
8,4039,1,2,2
9,4039,1,2,1
10,4039,1,2,1
11,4039,1,1,2
12,4039,1,1,2
13,4039,1,2,1
14,4039,1,2,1
15,4039,1,2,1
16,4039,1,2,1
17,4039,1,1,2
18,4039,1,2,2
19,4039,1,2,1
20,4039,1,2,1
1,4042,1,2,1
2,4042,1,2,1
3,4042,1,1,1
4,4042,1,2,2
5,4042,1,2,1
6,4042,1,1,1
7,4042,2,2,2
9,4042,1,2,1
10,4042,1,2,1
11,4042,1,2,1
12,4042,2,2,1
13,4042,1,1,1
14,4042,1,2,2
15,4042,1,2,1
16,4042,1,2,1
17,4042,1,2,2
18,4042,1,2,2
19,4042,1,2,2
20,4042,1,2,1
21,4042,1,2,2
1,4044,1,1,2
2,4044,1,1,2
3,4044,2,1,1
4,4044,1,1,2
5,4044,1,1,2
6,4044,1,1,2
7,4044,2,1,2
8,4044,1,1,1
9,4044,1,1,2
10,4044,1,1,1
11,4044,1,1,2
12,4044,1,1,2
13,4044,1,1,2
14,4044,1,1,2
15,4044,1,1,2
16,4044,1,1,2
17,4044,1,1,1
18,4044,1,1,2
19,4044,1,1,1
20,4044,1,1,2
1,4049,1,2,1
2,4049,1,2,2
3,4049,1,2,2
4,4049,1,1,2
5,4049,1,2,1
6,4049,1,2,1
7,4049,1,2,1
8,4049,1,2,1
9,4049,1,2,1
10,4049,1,1,1
11,4049,1,1,1
12,4049,1,2,1
13,4049,1,2,1
14,4049,1,2,2
15,4049,1,2,1
16,4049,1,2,1
17,4049,1,1,1
18,4049,1,1,1
19,4049,1,2,1
20,4049,1,1,1
1,4052,2,2,1
2,4052,2,1,2
3,4052,2,1,1
4,4052,2,2,2
5,4052,2,2,1
6,4052,2,2,1
7,4052,2,1,2
8,4052,2,2,2
9,4052,2,2,1
10,4052,2,2,1
11,4052,2,1,1
12,4052,2,2,1
13,4052,2,2,2
14,4052,2,2,2
15,4052,2,2,1
16,4052,2,2,1
17,4052,2,2,1
18,4052,1,2,2
19,4052,2,2,1
20,4052,2,2,1
1,4055,1,1,1
2,4055,1,1,2
3,4055,1,1,2
4,4055,1,1,2
5,4055,1,1,2
6,4055,1,1,2
7,4055,2,2,2
8,4055,1,1,2
9,4055,1,1,2
10,4055,1,1,2
11,4055,1,1,1
12,4055,1,1,2
13,4055,1,1,2
14,4055,1,1,2
15,4055,1,1,1
17,4055,2,1,1
18,4055,1,1,2
19,4055,1,1,2
20,4055,1,1,1
25,4055,1,1,2
1,4059,1,1,2
2,4059,1,1,1
3,4059,1,1,2
4,4059,2,1,2
5,4059,2,2,1
6,4059,2,2,1
7,4059,1,2,1
8,4059,1,1,1
9,4059,1,2,2
10,4059,1,2,2
11,4059,1,1,1
12,4059,2,2,2
13,4059,2,2,1
14,4059,1,1,2
15,4059,1,1,1
16,4059,1,1,1
17,4059,2,1,2
18,4059,2,2,2
19,4059,2,2,1
20,4059,2,2,1
1,4062,1,2,1
2,4062,1,1,1
3,4062,1,1,2
4,4062,2,2,1
5,4062,2,2,1
6,4062,1,1,1
7,4062,1,1,1
8,4062,1,2,1
9,4062,2,2,2
10,4062,1,2,1
11,4062,1,1,2
12,4062,1,1,2
13,4062,2,2,1
14,4062,1,2,1
15,4062,1,1,2
16,4062,1,1,2
17,4062,1,1,2
18,4062,2,2,2
19,4062,1,1,1
20,4062,1,1,1
1,4065,1,1,2
2,4065,1,1,2
3,4065,1,1,1
5,4065,1,1,2
6,4065,1,1,2
7,4065,1,1,2
8,4065,1,1,2
9,4065,1,1,2
10,4065,1,1,1
11,4065,1,1,1
13,4065,1,1,2
14,4065,1,1,2
15,4065,1,1,2
16,4065,1,1,2
17,4065,1,1,1
18,4065,2,2,2
19,4065,2,2,2
20,4065,1,1,2
21,4065,1,1,1
23,4065,1,1,1
1,4069,1,1,1
2,4069,1,1,1
3,4069,1,1,2
4,4069,1,1,1
5,4069,1,1,1
6,4069,1,1,1
7,4069,1,1,1
8,4069,1,1,1
9,4069,1,1,1
10,4069,1,1,1
11,4069,1,1,2
12,4069,1,1,1
13,4069,1,1,2
14,4069,1,1,1
15,4069,1,1,2
16,4069,1,1,1
17,4069,1,1,2
18,4069,1,1,2
19,4069,2,1,1
20,4069,2,1,2
1,4072,1,1,1
2,4072,1,1,1
3,4072,2,1,2
4,4072,1,1,2
5,4072,1,1,1
7,4072,2,1,2
8,4072,1,1,2
9,4072,1,1,2
10,4072,1,1,2
11,4072,1,1,1
12,4072,1,1,2
13,4072,2,1,2
14,4072,1,1,2
15,4072,1,1,2
16,4072,1,1,1
17,4072,1,1,2
18,4072,1,1,2
19,4072,1,1,2
20,4072,1,1,2
21,4072,2,1,2
1,4075,1,1,2
2,4075,1,1,2
3,4075,1,1,2
4,4075,1,1,1
5,4075,1,1,2
6,4075,1,1,1
7,4075,1,1,2
8,4075,1,1,2
9,4075,1,1,1
10,4075,1,1,2
11,4075,1,1,2
12,4075,1,1,2
13,4075,1,1,2
14,4075,1,1,2
15,4075,1,1,2
16,4075,1,1,1
18,4075,1,1,1
19,4075,1,1,2
20,4075,1,1,1
22,4075,1,1,2
1,4079,1,1,1
2,4079,1,1,1
3,4079,1,1,1
4,4079,1,1,2
5,4079,1,1,1
6,4079,1,1,1
7,4079,1,1,1
8,4079,1,1,1
9,4079,1,1,1
10,4079,1,1,2
11,4079,1,1,1
12,4079,1,1,1
13,4079,1,1,1
14,4079,1,1,1
15,4079,1,1,2
16,4079,1,1,1
17,4079,1,1,2
18,4079,1,1,1
19,4079,1,1,1
20,4079,1,1,1
1,4081,1,1,1
2,4081,1,1,1
3,4081,1,1,1
4,4081,1,1,2
5,4081,1,1,1
6,4081,1,1,1
7,4081,1,1,1
8,4081,1,1,1
9,4081,1,1,1
10,4081,1,1,1
11,4081,1,1,1
12,4081,1,1,1
13,4081,1,1,1
14,4081,1,1,2
15,4081,1,1,1
16,4081,1,1,2
17,4081,2,2,1
18,4081,1,1,1
19,4081,1,1,1
20,4081,1,1,2
1,4084,2,2,1
2,4084,2,1,2
3,4084,1,1,1
4,4084,2,1,2
5,4084,2,2,2
6,4084,2,2,2
7,4084,2,2,2
8,4084,2,2,2
9,4084,2,2,1
10,4084,2,2,1
11,4084,1,1,1
12,4084,2,2,1
13,4084,2,2,1
14,4084,1,2,1
15,4084,2,2,2
16,4084,2,2,1
17,4084,2,2,2
18,4084,2,1,2
19,4084,2,1,2
20,4084,2,2,1
1,4089,2,1,1
2,4089,1,1,2
3,4089,1,2,2
4,4089,2,2,1
5,4089,1,1,1
6,4089,1,1,1
7,4089,1,1,1
8,4089,2,1,1
9,4089,1,1,1
10,4089,1,1,1
11,4089,2,1,2
12,4089,1,1,1
13,4089,1,1,1
14,4089,1,1,1
15,4089,1,1,2
16,4089,1,1,1
17,4089,1,1,2
18,4089,1,1,1
19,4089,1,1,1
20,4089,2,1,1
1,4092,1,1,1
2,4092,1,1,1
3,4092,1,1,2
4,4092,1,1,1
5,4092,1,1,2
6,4092,1,1,1
7,4092,1,1,1
8,4092,1,1,1
9,4092,1,1,2
10,4092,1,1,1
11,4092,1,1,1
12,4092,1,1,1
13,4092,1,1,1
14,4092,1,1,1
15,4092,1,1,1
16,4092,1,1,1
17,4092,1,1,2
18,4092,1,1,1
19,4092,1,1,1
20,4092,1,1,1
1,4095,1,1,2
2,4095,1,1,2
3,4095,1,1,2
4,4095,1,1,2
5,4095,1,1,1
6,4095,1,1,2
7,4095,1,1,2
8,4095,1,1,1
9,4095,1,1,1
10,4095,1,1,1
11,4095,1,1,1
12,4095,1,1,2
13,4095,1,1,2
14,4095,1,1,2
15,4095,1,1,2
16,4095,1,1,2
17,4095,1,1,2
18,4095,1,1,2
19,4095,1,1,2
20,4095,1,1,2
1,4099,1,1,2
2,4099,1,1,1
3,4099,1,1,2
4,4099,1,1,2
5,4099,1,1,2
6,4099,1,1,1
7,4099,1,1,1
8,4099,1,1,1
9,4099,1,1,2
10,4099,1,1,2
11,4099,1,1,1
12,4099,1,1,1
13,4099,1,1,1
14,4099,1,1,2
15,4099,1,1,2
16,4099,1,1,2
17,4099,1,1,2
18,4099,1,1,1
19,4099,1,1,1
20,4099,1,1,2
1,4102,2,2,1
2,4102,2,2,1
3,4102,1,2,2
4,4102,1,2,1
5,4102,2,2,2
6,4102,1,2,2
7,4102,2,2,1
8,4102,2,2,1
9,4102,2,2,1
10,4102,2,2,1
11,4102,2,2,1
12,4102,1,2,1
14,4102,2,2,1
15,4102,2,2,2
16,4102,2,2,1
17,4102,1,2,1
18,4102,2,2,2
19,4102,2,2,1
20,4102,2,2,2
21,4102,2,2,1
1,4105,2,1,2
2,4105,1,1,2
3,4105,2,2,1
4,4105,2,2,1
5,4105,2,2,1
6,4105,1,2,1
7,4105,2,2,2
8,4105,2,2,2
9,4105,2,2,1
10,4105,1,2,2
11,4105,2,2,1
13,4105,1,2,2
14,4105,2,1,1
16,4105,2,2,2
17,4105,2,2,2
18,4105,1,2,1
19,4105,2,2,2
20,4105,1,2,2
21,4105,1,1,1
22,4105,1,1,2
1,4109,2,2,1
2,4109,2,2,1
3,4109,2,2,1
4,4109,2,1,1
5,4109,2,2,1
6,4109,2,1,1
7,4109,2,2,2
8,4109,2,2,1
9,4109,2,2,1
10,4109,2,1,1
11,4109,2,2,2
12,4109,2,1,1
13,4109,2,2,1
14,4109,2,2,1
15,4109,2,2,1
16,4109,2,2,1
17,4109,2,2,2
18,4109,2,2,1
19,4109,1,2,1
20,4109,1,1,1
1,4112,2,2,1
2,4112,1,2,1
3,4112,1,2,1
4,4112,1,1,1
5,4112,1,2,2
6,4112,1,1,1
7,4112,1,1,2
8,4112,2,2,1
9,4112,1,1,2
10,4112,1,2,2
11,4112,1,2,2
12,4112,1,2,1
13,4112,1,2,2
14,4112,1,2,2
15,4112,1,1,1
16,4112,1,2,2
17,4112,1,2,2
18,4112,2,2,2
19,4112,1,1,1
20,4112,1,1,1
1,4115,2,2,1
2,4115,1,1,2
3,4115,1,1,2
4,4115,2,2,1
5,4115,1,1,2
6,4115,1,2,1
7,4115,1,1,2
8,4115,2,2,2
9,4115,1,2,1
10,4115,2,1,2
11,4115,1,1,2
12,4115,1,1,1
13,4115,1,2,2
14,4115,1,2,2
15,4115,1,1,1
16,4115,1,1,1
17,4115,1,2,1
18,4115,1,1,2
19,4115,1,1,1
20,4115,1,1,2
1,4119,1,2,2
2,4119,2,1,2
3,4119,1,2,2
4,4119,1,1,1
5,4119,1,1,2
6,4119,1,1,2
7,4119,1,1,2
8,4119,1,1,1
9,4119,1,1,2
10,4119,2,2,2
11,4119,2,2,1
12,4119,1,2,2
13,4119,1,1,2
14,4119,1,1,2
15,4119,1,1,1
16,4119,1,1,1
17,4119,1,2,1
18,4119,1,1,2
19,4119,1,1,2
20,4119,1,1,2
1,4122,2,2,1
2,4122,1,1,2
3,4122,2,2,2
4,4122,1,1,1
5,4122,1,1,1
6,4122,2,2,1
7,4122,1,1,2
8,4122,2,1,1
9,4122,1,1,2
10,4122,1,1,2
11,4122,1,1,2
12,4122,2,2,1
13,4122,2,2,2
14,4122,1,1,2
15,4122,2,1,1
16,4122,2,1,1
17,4122,1,1,2
18,4122,2,1,2
19,4122,1,2,2
20,4122,1,1,2
1,4125,1,2,2
2,4125,1,1,2
3,4125,1,2,2
4,4125,1,2,1
5,4125,1,2,2
6,4125,1,1,1
7,4125,2,2,1
8,4125,1,2,1
9,4125,1,2,2
10,4125,1,1,2
11,4125,1,2,1
12,4125,1,1,2
13,4125,1,1,2
14,4125,1,1,1
15,4125,2,2,2
16,4125,1,1,2
17,4125,1,1,1
18,4125,2,2,1
19,4125,1,1,2
20,4125,1,1,1
1,4129,1,1,1
2,4129,1,1,2
3,4129,1,1,1
4,4129,1,2,2
5,4129,1,2,2
6,4129,1,2,2
7,4129,1,2,1
8,4129,1,2,1
9,4129,1,2,1
10,4129,1,1,2
11,4129,1,2,2
12,4129,1,2,2
13,4129,1,2,2
14,4129,1,2,2
15,4129,1,1,1
16,4129,1,2,1
17,4129,1,1,2
18,4129,1,2,2
19,4129,1,2,2
20,4129,1,2,1
1,4132,1,1,2
2,4132,1,1,2
3,4132,1,1,1
4,4132,1,1,1
5,4132,1,1,2
6,4132,1,1,1
7,4132,1,1,1
8,4132,1,1,1
9,4132,1,1,1
10,4132,1,1,2
11,4132,1,1,1
12,4132,1,1,1
13,4132,1,1,2
14,4132,1,1,2
15,4132,2,1,1
16,4132,1,1,2
17,4132,1,1,2
18,4132,1,1,2
19,4132,1,1,2
20,4132,1,1,2
1,4134,1,2,2
2,4134,1,1,2
3,4134,2,1,1
4,4134,1,1,1
5,4134,1,1,1
6,4134,1,1,1
7,4134,1,1,1
8,4134,1,1,1
9,4134,1,1,1
10,4134,2,2,1
11,4134,1,1,1
12,4134,1,1,2
13,4134,1,1,1
14,4134,1,1,1
15,4134,1,1,1
16,4134,1,1,1
17,4134,1,1,1
18,4134,1,1,1
19,4134,2,2,2
20,4134,1,1,2
1,4139,2,2,2
2,4139,1,2,1
3,4139,1,2,1
4,4139,1,2,2
5,4139,1,2,2
6,4139,1,2,1
7,4139,1,2,1
8,4139,1,1,2
9,4139,2,2,1
10,4139,1,1,1
11,4139,1,2,1
12,4139,2,2,1
13,4139,1,1,1
14,4139,2,2,1
15,4139,1,2,1
16,4139,1,2,1
17,4139,1,2,1
18,4139,1,2,1
19,4139,2,2,1
20,4139,1,2,1
2,4142,2,2,2
3,4142,2,2,1
5,4142,2,2,1
6,4142,2,2,1
7,4142,2,2,1
8,4142,2,2,1
9,4142,2,2,1
10,4142,1,1,2
11,4142,2,2,1
12,4142,2,2,2
13,4142,2,2,2
14,4142,2,2,2
15,4142,2,2,2
16,4142,2,1,2
17,4142,2,2,1
18,4142,1,1,1
19,4142,2,2,2
20,4142,1,2,2
21,4142,2,2,2
22,4142,2,1,1
1,4145,2,1,2
2,4145,2,2,1
3,4145,2,2,2
4,4145,2,2,1
5,4145,2,2,2
6,4145,2,2,2
7,4145,2,2,1
8,4145,2,2,1
9,4145,2,2,2
10,4145,2,2,1
11,4145,2,1,2
12,4145,2,2,2
13,4145,2,2,2
14,4145,1,2,2
15,4145,2,1,2
16,4145,2,1,2
17,4145,2,2,2
18,4145,2,2,1
19,4145,2,1,2
20,4145,2,2,2
1,4149,1,1,1
2,4149,2,1,1
3,4149,1,1,1
5,4149,1,1,2
6,4149,2,1,1
7,4149,1,1,2
8,4149,1,1,1
9,4149,1,1,2
10,4149,1,1,1
11,4149,1,1,1
12,4149,2,1,1
13,4149,1,1,1
15,4149,1,1,1
16,4149,2,1,1
17,4149,1,1,2
18,4149,1,1,2
19,4149,1,1,1
20,4149,1,1,2
23,4149,1,1,2
24,4149,1,1,2
1,4152,1,1,1
2,4152,1,1,1
3,4152,1,1,1
4,4152,2,1,2
5,4152,1,1,2
6,4152,2,1,2
7,4152,1,1,2
8,4152,1,1,1
9,4152,1,1,2
10,4152,1,1,1
11,4152,2,1,2
12,4152,1,1,1
14,4152,2,1,2
15,4152,2,1,1
17,4152,1,1,1
18,4152,2,1,2
19,4152,1,1,1
20,4152,1,1,1
21,4152,1,1,2
23,4152,1,1,1
1,4155,1,1,1
2,4155,2,2,1
3,4155,2,2,1
4,4155,1,1,2
5,4155,2,2,1
6,4155,2,2,1
7,4155,1,1,1
8,4155,2,2,1
9,4155,1,1,1
10,4155,2,2,1
11,4155,1,2,1
12,4155,1,1,1
13,4155,2,2,1
14,4155,2,2,1
15,4155,1,1,1
16,4155,1,1,2
17,4155,2,2,1
18,4155,2,2,1
19,4155,1,1,1
20,4155,1,1,2
1,4159,2,2,1
2,4159,1,1,2
3,4159,2,2,2
5,4159,2,2,1
6,4159,2,1,1
7,4159,1,1,1
8,4159,1,1,1
9,4159,1,1,1
10,4159,2,2,1
11,4159,2,2,1
12,4159,2,2,1
13,4159,1,1,1
14,4159,2,2,1
15,4159,1,1,1
16,4159,2,2,1
17,4159,1,1,1
18,4159,2,2,1
19,4159,2,2,1
20,4159,2,2,1
21,4159,2,2,2
1,4162,2,2,2
2,4162,2,2,1
3,4162,1,2,1
4,4162,1,2,1
5,4162,2,2,1
6,4162,2,2,1
7,4162,2,2,1
8,4162,2,2,1
9,4162,2,2,1
10,4162,2,2,2
11,4162,2,2,1
12,4162,1,2,1
13,4162,2,2,2
14,4162,2,2,1
15,4162,2,2,1
16,4162,2,2,1
17,4162,2,2,2
18,4162,2,2,2
19,4162,2,2,1
20,4162,2,2,1
2,4165,2,2,1
3,4165,2,2,1
4,4165,2,2,2
5,4165,2,2,2
6,4165,2,2,1
7,4165,2,2,2
8,4165,2,2,1
9,4165,2,2,1
10,4165,2,2,2
11,4165,2,2,2
12,4165,2,2,1
13,4165,2,1,2
14,4165,2,2,2
15,4165,2,2,2
16,4165,2,2,1
17,4165,1,1,1
19,4165,2,2,1
20,4165,2,2,1
21,4165,2,2,2
22,4165,2,1,2
1,4169,2,2,1
2,4169,2,1,2
3,4169,2,2,2
4,4169,2,2,1
5,4169,2,2,1
6,4169,1,1,2
7,4169,1,2,2
8,4169,2,2,1
9,4169,2,2,2
10,4169,2,2,2
11,4169,2,2,1
12,4169,2,2,2
13,4169,2,2,1
14,4169,2,2,2
15,4169,2,2,2
16,4169,2,1,2
17,4169,2,2,1
18,4169,2,2,1
19,4169,2,2,1
20,4169,2,2,1
1,4172,1,2,2
2,4172,2,2,2
3,4172,2,2,1
4,4172,2,2,1
5,4172,2,2,1
6,4172,2,2,1
7,4172,2,2,1
8,4172,2,2,1
9,4172,2,2,1
10,4172,1,1,1
11,4172,2,2,1
12,4172,2,2,2
13,4172,2,2,2
14,4172,2,2,1
15,4172,2,2,2
16,4172,2,1,2
17,4172,2,2,1
18,4172,2,2,1
19,4172,2,2,1
20,4172,2,2,1
1,4175,2,2,1
2,4175,2,1,1
3,4175,2,1,2
4,4175,2,1,1
5,4175,1,1,2
6,4175,2,1,1
7,4175,2,2,2
8,4175,2,2,2
9,4175,2,1,1
10,4175,1,1,2
11,4175,2,1,2
12,4175,2,1,1
13,4175,2,2,1
14,4175,2,1,1
15,4175,2,1,1
16,4175,1,1,1
17,4175,2,1,1
18,4175,2,1,1
19,4175,1,1,2
20,4175,2,1,1
1,4179,2,1,2
2,4179,2,1,2
3,4179,2,2,1
4,4179,2,2,1
5,4179,1,2,1
6,4179,2,2,1
7,4179,2,1,2
8,4179,2,2,1
9,4179,2,2,1
10,4179,1,1,2
11,4179,2,2,1
12,4179,1,2,1
13,4179,2,2,1
14,4179,1,2,2
15,4179,2,1,1
16,4179,1,2,1
17,4179,2,2,1
18,4179,2,2,1
19,4179,2,2,2
20,4179,2,2,1
1,4182,2,2,1
2,4182,2,2,1
3,4182,2,2,1
4,4182,2,2,1
5,4182,2,2,2
6,4182,2,2,1
7,4182,2,1,2
8,4182,2,2,1
9,4182,1,1,2
10,4182,2,1,1
11,4182,2,1,2
12,4182,2,2,2
13,4182,1,1,2
14,4182,2,2,1
15,4182,1,2,1
16,4182,2,2,1
17,4182,2,2,1
18,4182,2,2,2
20,4182,2,2,1
21,4182,2,2,1
1,4185,2,2,1
2,4185,2,2,1
3,4185,2,2,2
4,4185,1,2,2
5,4185,2,2,1
6,4185,2,2,1
7,4185,2,2,1
8,4185,2,2,1
9,4185,2,2,1
10,4185,2,1,1
11,4185,2,2,1
12,4185,2,2,2
13,4185,2,2,2
14,4185,2,2,1
15,4185,2,2,1
16,4185,1,2,1
17,4185,2,2,1
18,4185,2,2,1
19,4185,2,2,2
20,4185,2,2,1
1,4189,1,1,1
2,4189,1,2,2
3,4189,1,1,1
4,4189,1,2,1
5,4189,1,1,2
6,4189,1,2,1
7,4189,1,1,1
8,4189,2,2,1
9,4189,2,2,1
10,4189,2,2,1
11,4189,1,2,1
12,4189,1,2,2
13,4189,2,2,1
14,4189,2,2,2
15,4189,1,1,1
16,4189,2,2,1
17,4189,1,2,2
18,4189,1,1,2
19,4189,1,1,1
20,4189,2,2,1
1,4192,1,2,2
2,4192,1,2,2
3,4192,1,2,1
4,4192,1,2,1
5,4192,1,2,2
6,4192,2,2,2
7,4192,1,2,1
8,4192,1,2,2
9,4192,1,2,2
10,4192,1,2,1
11,4192,1,1,2
12,4192,1,2,2
13,4192,1,1,2
14,4192,1,2,1
15,4192,1,2,1
16,4192,1,2,1
17,4192,1,1,1
18,4192,1,1,1
19,4192,1,2,1
20,4192,2,2,1
1,4195,2,2,2
2,4195,2,2,1
3,4195,2,1,1
4,4195,2,1,2
5,4195,2,1,2
6,4195,2,1,2
7,4195,2,1,2
8,4195,2,2,1
9,4195,2,2,1
10,4195,2,2,1
11,4195,2,1,1
12,4195,2,1,2
13,4195,2,1,2
14,4195,2,1,2
15,4195,2,2,1
16,4195,2,2,1
17,4195,2,1,1
18,4195,2,1,2
19,4195,2,1,2
24,4195,2,2,1
1,4199,1,2,1
2,4199,1,1,1
3,4199,1,2,2
4,4199,1,2,2
5,4199,1,1,2
6,4199,1,2,2
7,4199,1,1,1
8,4199,1,1,1
9,4199,1,1,1
10,4199,1,1,2
11,4199,1,1,2
12,4199,1,1,2
13,4199,1,2,1
14,4199,1,2,1
15,4199,2,2,1
16,4199,1,2,1
17,4199,1,2,1
18,4199,1,1,1
19,4199,1,2,2
20,4199,1,2,1
1,4202,2,2,1
2,4202,1,2,2
3,4202,2,2,1
4,4202,1,2,1
5,4202,1,2,1
6,4202,1,2,2
7,4202,2,2,1
8,4202,2,2,1
9,4202,1,2,1
10,4202,2,2,1
11,4202,1,2,2
12,4202,2,2,1
13,4202,2,2,2
14,4202,2,2,1
15,4202,2,2,1
16,4202,2,2,2
17,4202,1,2,1
18,4202,2,2,1
19,4202,2,2,1
22,4202,2,2,1
1,4205,1,2,1
2,4205,2,2,2
3,4205,1,2,2
4,4205,1,2,1
5,4205,1,2,1
6,4205,1,2,1
7,4205,1,1,1
8,4205,1,2,2
9,4205,1,2,2
10,4205,1,2,2
11,4205,1,1,1
12,4205,1,1,1
13,4205,1,2,1
14,4205,1,2,1
15,4205,1,2,2
16,4205,1,2,2
17,4205,1,2,2
18,4205,1,2,1
19,4205,1,2,2
20,4205,1,2,1
1,4209,1,2,2
2,4209,2,1,2
3,4209,1,2,1
4,4209,2,2,2
5,4209,2,2,1
6,4209,1,2,1
7,4209,2,2,1
8,4209,1,2,1
9,4209,2,2,1
10,4209,2,1,2
11,4209,2,2,1
12,4209,1,2,1
13,4209,2,2,1
14,4209,2,2,1
15,4209,1,1,2
16,4209,2,1,1
17,4209,2,2,2
18,4209,2,1,2
19,4209,1,2,1
20,4209,2,2,1
1,4212,2,2,1
2,4212,2,1,2
3,4212,2,2,1
4,4212,1,1,2
5,4212,2,2,2
6,4212,2,2,1
7,4212,2,2,2
8,4212,2,2,2
9,4212,2,1,1
10,4212,2,2,2
11,4212,2,1,2
12,4212,2,2,1
13,4212,2,2,1
14,4212,2,2,1
15,4212,2,2,1
16,4212,2,2,1
17,4212,1,1,1
18,4212,2,2,1
19,4212,1,1,2
20,4212,2,2,2
1,4215,2,2,1
2,4215,2,2,1
3,4215,2,2,2
4,4215,2,2,2
5,4215,2,2,1
6,4215,2,2,1
7,4215,2,2,2
8,4215,2,2,2
9,4215,2,2,2
10,4215,2,2,1
11,4215,2,2,2
12,4215,2,2,2
13,4215,2,2,2
14,4215,2,1,2
15,4215,2,2,1
16,4215,2,2,1
17,4215,2,2,2
18,4215,2,2,1
19,4215,2,2,2
20,4215,2,2,1
1,4219,2,2,2
2,4219,2,2,1
3,4219,2,2,2
4,4219,2,2,2
5,4219,2,2,1
6,4219,2,2,2
7,4219,2,2,1
8,4219,2,2,2
9,4219,2,2,1
10,4219,2,2,1
11,4219,2,2,2
12,4219,2,2,1
13,4219,2,2,2
14,4219,2,2,1
15,4219,2,2,1
16,4219,2,2,1
17,4219,2,2,1
18,4219,2,2,1
19,4219,2,2,2
20,4219,2,2,1
1,4222,2,1,1
2,4222,2,2,1
3,4222,2,2,1
4,4222,2,2,1
5,4222,2,2,1
6,4222,2,2,1
7,4222,2,2,2
8,4222,2,1,2
9,4222,2,2,1
10,4222,2,2,2
11,4222,2,1,1
12,4222,2,2,1
13,4222,2,2,1
14,4222,2,2,2
16,4222,2,2,2
17,4222,2,2,1
18,4222,2,2,1
20,4222,2,2,1
23,4222,2,2,1
24,4222,2,2,1
1,4225,2,2,2
2,4225,2,2,1
3,4225,2,2,2
4,4225,2,2,1
5,4225,2,2,2
8,4225,2,2,2
9,4225,2,2,1
10,4225,2,2,2
11,4225,2,2,1
12,4225,2,2,1
13,4225,2,2,2
14,4225,2,2,2
15,4225,2,2,1
16,4225,2,2,1
17,4225,2,2,2
18,4225,2,2,2
19,4225,2,2,2
20,4225,2,2,2
23,4225,2,2,1
24,4225,2,2,2
1,4229,2,2,2
2,4229,2,2,1
3,4229,2,2,2
4,4229,2,2,1
5,4229,2,2,2
6,4229,2,2,2
7,4229,2,2,1
8,4229,2,2,2
9,4229,2,2,2
10,4229,2,2,1
11,4229,2,2,1
12,4229,2,2,2
13,4229,2,2,1
14,4229,2,1,2
15,4229,2,2,2
16,4229,2,2,2
17,4229,2,2,2
18,4229,2,2,2
19,4229,2,1,2
20,4229,2,2,1
1,4232,2,2,1
2,4232,2,2,1
3,4232,2,1,1
4,4232,2,2,2
5,4232,2,2,2
6,4232,2,2,2
7,4232,2,2,2
8,4232,2,2,2
9,4232,2,1,1
10,4232,2,2,2
11,4232,2,2,2
12,4232,2,2,1
13,4232,2,2,1
14,4232,2,1,1
15,4232,2,2,1
16,4232,2,2,1
17,4232,2,2,2
18,4232,2,2,2
19,4232,2,2,1
20,4232,2,2,1
1,4235,2,2,1
2,4235,2,2,2
3,4235,2,1,2
4,4235,2,2,2
5,4235,1,2,2
6,4235,2,1,1
7,4235,2,2,1
8,4235,2,2,2
9,4235,2,2,1
10,4235,2,2,1
11,4235,2,1,1
12,4235,2,2,1
13,4235,2,2,2
14,4235,2,2,2
15,4235,2,2,1
16,4235,2,1,1
17,4235,2,2,2
18,4235,2,2,1
19,4235,2,2,1
20,4235,2,2,2
1,4239,2,2,1
2,4239,2,2,2
3,4239,2,2,1
4,4239,2,2,1
5,4239,2,2,1
6,4239,2,2,2
7,4239,2,2,2
8,4239,2,2,2
9,4239,2,2,2
10,4239,2,1,1
11,4239,2,2,2
12,4239,2,2,2
13,4239,2,2,2
14,4239,2,2,2
15,4239,2,2,1
16,4239,2,2,1
17,4239,2,2,2
18,4239,2,2,1
19,4239,2,2,2
20,4239,2,2,2
1,4242,2,2,1
2,4242,2,2,1
3,4242,2,1,1
4,4242,2,2,1
5,4242,2,2,1
6,4242,2,2,1
7,4242,2,2,1
8,4242,2,1,1
9,4242,2,2,2
10,4242,2,2,1
11,4242,2,2,1
12,4242,1,2,1
14,4242,2,2,1
15,4242,2,2,1
16,4242,2,2,1
17,4242,2,2,1
18,4242,2,1,1
19,4242,2,1,1
20,4242,2,2,2
24,4242,2,2,1
1,4245,2,2,2
2,4245,2,1,1
3,4245,2,2,1
4,4245,2,2,2
6,4245,2,2,2
7,4245,2,2,1
8,4245,2,1,1
9,4245,2,2,2
10,4245,2,2,2
11,4245,2,2,1
12,4245,2,2,2
13,4245,2,2,1
14,4245,2,2,1
15,4245,2,2,1
18,4245,2,2,2
20,4245,2,2,2
21,4245,2,1,1
22,4245,2,2,2
23,4245,2,2,1
25,4245,2,2,2
1,4249,2,1,1
2,4249,2,2,1
3,4249,2,2,1
4,4249,2,2,2
5,4249,2,2,1
6,4249,2,1,2
7,4249,2,2,1
8,4249,2,1,2
9,4249,2,2,2
10,4249,2,2,1
12,4249,2,2,1
13,4249,2,2,1
14,4249,2,2,1
15,4249,2,2,1
16,4249,2,2,1
17,4249,2,2,1
18,4249,2,2,1
19,4249,1,2,1
20,4249,2,2,2
25,4249,2,2,2
1,4252,2,1,1
2,4252,2,1,2
3,4252,2,1,1
4,4252,1,1,2
5,4252,2,2,2
6,4252,2,2,2
7,4252,2,1,1
8,4252,2,2,2
9,4252,2,2,2
10,4252,2,2,2
11,4252,2,2,1
12,4252,2,2,1
13,4252,2,1,1
14,4252,2,2,1
15,4252,2,2,2
16,4252,2,2,2
17,4252,2,2,1
18,4252,2,2,2
19,4252,2,1,2
20,4252,2,1,2
1,4255,2,2,1
2,4255,2,2,1
3,4255,2,2,1
4,4255,2,2,2
5,4255,2,2,2
6,4255,2,2,1
7,4255,2,2,2
8,4255,2,2,2
9,4255,2,2,1
10,4255,2,2,1
11,4255,2,2,1
12,4255,2,2,1
13,4255,2,2,1
14,4255,2,2,1
15,4255,2,2,1
16,4255,2,2,1
17,4255,2,2,2
18,4255,2,2,2
19,4255,2,2,1
20,4255,2,2,1
1,4259,2,2,1
2,4259,2,2,2
3,4259,2,2,2
4,4259,2,2,2
5,4259,2,2,1
6,4259,2,2,2
7,4259,2,2,1
8,4259,2,2,1
9,4259,2,2,1
10,4259,2,2,2
11,4259,2,2,2
12,4259,2,2,2
13,4259,2,2,1
14,4259,2,2,1
15,4259,2,2,2
16,4259,2,1,2
17,4259,2,2,1
18,4259,2,2,1
19,4259,2,2,1
20,4259,2,2,2
1,4262,2,2,1
2,4262,2,2,1
3,4262,2,2,1
4,4262,2,2,1
5,4262,2,2,1
6,4262,2,2,1
7,4262,2,2,2
8,4262,2,2,1
10,4262,2,2,2
11,4262,2,2,1
13,4262,2,2,1
14,4262,2,2,1
15,4262,2,2,1
16,4262,2,2,1
17,4262,2,1,2
18,4262,2,2,1
19,4262,2,2,1
20,4262,2,2,1
21,4262,2,2,2
22,4262,2,1,2
1,4265,2,2,2
2,4265,2,2,1
3,4265,2,2,1
4,4265,2,2,1
5,4265,2,2,2
6,4265,2,2,2
7,4265,2,1,2
8,4265,2,2,1
9,4265,2,1,1
10,4265,2,2,2
11,4265,2,2,1
12,4265,2,2,2
13,4265,2,2,2
14,4265,2,2,2
15,4265,2,2,1
16,4265,2,2,2
17,4265,2,2,1
18,4265,2,1,2
19,4265,2,1,2
20,4265,2,2,1
1,4269,2,2,2
2,4269,2,2,2
3,4269,2,2,2
5,4269,2,2,2
6,4269,2,2,1
7,4269,2,2,2
8,4269,2,1,2
9,4269,2,2,2
10,4269,2,2,2
11,4269,2,2,2
12,4269,2,2,1
14,4269,2,2,1
15,4269,2,2,1
16,4269,2,1,1
17,4269,2,1,2
18,4269,2,1,2
19,4269,2,2,1
20,4269,2,2,2
21,4269,2,1,1
23,4269,2,2,1
1,4272,2,2,1
2,4272,2,1,2
3,4272,2,2,1
4,4272,2,1,2
5,4272,2,2,1
6,4272,2,1,2
7,4272,2,2,1
8,4272,2,2,1
9,4272,2,2,1
10,4272,2,2,2
11,4272,2,2,2
12,4272,2,2,1
13,4272,2,2,1
14,4272,2,1,2
15,4272,2,2,1
16,4272,2,2,1
17,4272,2,2,1
18,4272,2,1,1
19,4272,2,1,2
20,4272,2,2,1
1,4275,2,2,1
2,4275,2,2,1
3,4275,2,1,2
4,4275,2,2,1
5,4275,2,2,1
6,4275,2,2,2
7,4275,2,2,1
8,4275,2,2,1
9,4275,2,2,1
10,4275,2,2,1
11,4275,2,2,1
12,4275,2,2,1
13,4275,2,2,1
14,4275,2,2,2
15,4275,2,2,1
16,4275,2,2,1
17,4275,2,2,1
18,4275,2,1,2
19,4275,2,2,2
21,4275,2,2,1
1,4279,2,2,2
2,4279,2,2,2
3,4279,2,2,1
4,4279,2,2,2
5,4279,2,2,1
6,4279,2,2,1
7,4279,2,2,1
8,4279,2,2,1
9,4279,2,2,1
10,4279,2,2,1
11,4279,2,2,1
12,4279,2,1,2
13,4279,2,2,2
14,4279,2,2,1
15,4279,2,1,2
16,4279,2,2,1
17,4279,2,2,2
18,4279,2,2,2
19,4279,2,2,1
20,4279,2,2,1
1,4282,2,2,1
2,4282,2,2,2
3,4282,2,2,1
4,4282,2,2,2
5,4282,2,2,2
6,4282,2,2,2
7,4282,2,2,1
8,4282,2,2,2
9,4282,2,2,1
10,4282,2,2,1
11,4282,2,1,2
12,4282,2,2,1
13,4282,2,2,1
14,4282,2,1,2
15,4282,2,2,1
16,4282,2,1,2
17,4282,2,2,2
18,4282,2,2,2
19,4282,2,2,1
20,4282,2,2,1
1,4285,2,1,2
2,4285,2,2,1
3,4285,2,2,1
4,4285,2,2,2
5,4285,2,2,1
6,4285,2,2,1
7,4285,2,2,2
8,4285,2,2,1
9,4285,2,2,1
10,4285,2,2,1
11,4285,2,2,2
12,4285,2,2,1
13,4285,2,2,1
14,4285,2,2,2
15,4285,2,2,2
16,4285,2,2,2
17,4285,2,2,1
18,4285,2,2,2
19,4285,2,2,1
20,4285,2,2,1
1,4289,2,2,1
2,4289,2,2,2
3,4289,2,2,1
4,4289,2,2,1
5,4289,2,2,1
6,4289,2,2,1
7,4289,2,2,1
8,4289,2,2,1
9,4289,2,2,2
10,4289,2,2,1
11,4289,2,2,1
12,4289,2,2,1
13,4289,2,2,1
14,4289,2,2,1
15,4289,2,2,2
16,4289,2,2,2
17,4289,2,2,1
18,4289,2,2,1
19,4289,2,2,1
20,4289,2,2,2
1,4292,2,2,1
2,4292,2,1,1
3,4292,2,2,1
4,4292,2,2,1
5,4292,2,2,1
6,4292,2,2,1
7,4292,2,2,2
8,4292,2,2,1
9,4292,2,2,2
10,4292,2,2,2
11,4292,2,2,1
12,4292,2,2,1
13,4292,2,2,2
14,4292,2,1,1
16,4292,2,2,1
17,4292,2,2,1
18,4292,2,2,1
19,4292,2,2,1
20,4292,2,2,1
22,4292,2,2,1
1,4295,2,2,1
2,4295,2,2,2
3,4295,2,2,1
4,4295,2,2,1
5,4295,2,2,1
6,4295,2,2,2
7,4295,2,2,2
8,4295,2,2,1
9,4295,2,2,1
10,4295,2,2,2
11,4295,2,2,1
12,4295,2,2,2
13,4295,2,2,2
14,4295,2,2,1
15,4295,2,2,1
16,4295,2,2,1
17,4295,2,2,1
18,4295,2,2,1
19,4295,2,2,1
20,4295,2,2,1
1,4299,2,2,2
2,4299,2,2,2
3,4299,2,2,2
4,4299,2,2,1
5,4299,2,2,1
6,4299,2,2,2
7,4299,2,2,1
8,4299,2,2,2
9,4299,2,2,1
10,4299,2,1,2
11,4299,2,2,2
12,4299,2,2,1
13,4299,2,2,1
14,4299,2,2,2
15,4299,2,2,1
16,4299,2,2,1
17,4299,2,2,1
18,4299,2,2,1
19,4299,2,2,2
20,4299,2,2,1
1,4302,2,2,1
2,4302,2,2,1
3,4302,2,2,1
4,4302,2,2,1
5,4302,2,2,1
6,4302,2,2,1
7,4302,2,2,1
8,4302,2,2,1
9,4302,2,2,1
10,4302,2,2,1
11,4302,2,2,2
12,4302,2,2,2
13,4302,2,2,1
14,4302,2,2,1
15,4302,2,2,1
16,4302,2,2,1
17,4302,2,2,1
18,4302,2,2,1
19,4302,2,2,2
20,4302,2,2,2
1,4305,2,2,1
2,4305,2,2,2
3,4305,2,2,1
4,4305,2,2,2
5,4305,2,2,2
6,4305,2,2,2
7,4305,2,2,1
8,4305,2,1,1
9,4305,2,2,2
10,4305,2,2,2
11,4305,2,2,2
12,4305,2,2,1
13,4305,2,2,2
14,4305,2,2,1
15,4305,2,2,1
16,4305,2,2,1
17,4305,2,2,1
18,4305,2,2,2
19,4305,2,2,1
20,4305,2,2,1
1,4309,2,2,1
2,4309,2,2,2
3,4309,2,2,1
4,4309,2,2,1
5,4309,2,2,2
6,4309,2,2,1
7,4309,2,2,1
8,4309,2,2,1
9,4309,2,2,2
10,4309,2,2,2
11,4309,2,1,2
12,4309,2,2,1
13,4309,2,2,1
17,4309,2,2,1
18,4309,2,2,1
19,4309,2,2,2
20,4309,2,2,1
22,4309,2,2,1
23,4309,2,2,1
24,4309,2,1,2
2,4312,2,2,2
3,4312,2,2,2
4,4312,2,2,2
5,4312,2,2,2
7,4312,2,2,2
8,4312,2,2,2
9,4312,2,2,1
10,4312,2,2,2
11,4312,2,2,2
13,4312,2,2,1
14,4312,2,2,1
15,4312,2,2,2
16,4312,2,2,2
17,4312,2,2,1
18,4312,2,2,2
19,4312,2,2,1
20,4312,2,2,1
21,4312,2,2,1
22,4312,2,2,2
1,4315,2,2,2
2,4315,2,2,2
3,4315,2,2,1
4,4315,2,2,1
5,4315,2,1,2
6,4315,2,2,1
7,4315,2,2,1
8,4315,2,2,1
9,4315,2,2,1
10,4315,2,2,1
11,4315,2,2,1
12,4315,2,2,2
13,4315,2,2,1
14,4315,2,2,2
15,4315,2,2,2
16,4315,2,2,2
17,4315,2,2,1
18,4315,2,2,1
19,4315,2,2,2
20,4315,2,2,2
1,4319,2,2,2
2,4319,2,2,1
4,4319,2,2,1
5,4319,2,2,2
6,4319,2,2,1
7,4319,2,1,1
8,4319,2,1,2
9,4319,2,2,2
10,4319,2,2,1
11,4319,2,2,2
12,4319,2,2,1
13,4319,2,2,1
14,4319,2,2,2
15,4319,2,2,2
16,4319,2,2,1
17,4319,2,2,1
18,4319,2,1,2
19,4319,2,2,1
20,4319,2,1,2
23,4319,2,2,1
1,4322,2,2,1
2,4322,2,2,1
3,4322,2,2,2
4,4322,2,2,2
5,4322,2,2,1
6,4322,2,2,1
7,4322,2,2,2
8,4322,2,2,1
9,4322,1,1,2
10,4322,2,2,1
11,4322,2,2,2
12,4322,2,2,2
13,4322,2,2,2
14,4322,2,1,2
15,4322,2,2,2
16,4322,2,2,1
17,4322,1,1,2
18,4322,2,1,2
19,4322,2,2,2
20,4322,2,2,1
1,4325,2,2,2
2,4325,2,2,1
3,4325,2,2,2
4,4325,2,2,1
5,4325,2,2,2
6,4325,2,2,1
7,4325,2,2,1
8,4325,2,2,2
9,4325,2,2,1
10,4325,2,2,1
11,4325,2,2,2
12,4325,2,1,2
13,4325,2,2,1
14,4325,2,2,2
15,4325,2,2,1
16,4325,2,2,1
17,4325,2,2,1
18,4325,2,2,1
19,4325,2,2,1
20,4325,2,2,1
1,4329,2,2,2
2,4329,2,2,2
3,4329,2,1,1
4,4329,2,2,2
5,4329,2,2,2
6,4329,2,2,2
7,4329,1,2,1
8,4329,2,1,1
9,4329,1,1,2
10,4329,1,2,1
13,4329,2,2,1
14,4329,1,2,2
15,4329,2,2,1
16,4329,2,1,2
17,4329,2,1,2
18,4329,2,1,1
19,4329,2,2,2
20,4329,2,2,1
22,4329,2,2,2
25,4329,1,1,2
1,4332,2,2,2
2,4332,1,2,1
3,4332,2,2,2
4,4332,2,2,1
5,4332,2,2,1
6,4332,2,2,2
7,4332,2,2,1
8,4332,2,2,1
9,4332,2,2,2
10,4332,2,2,2
11,4332,2,2,1
12,4332,2,2,2
13,4332,2,2,1
14,4332,2,2,2
15,4332,2,2,1
16,4332,2,2,2
17,4332,1,2,1
18,4332,2,2,2
19,4332,2,2,1
20,4332,2,2,1
1,4335,2,1,2
2,4335,1,1,2
3,4335,2,1,1
4,4335,2,1,2
5,4335,1,1,2
6,4335,2,1,2
7,4335,2,1,2
8,4335,2,1,2
9,4335,1,1,2
10,4335,2,1,2
11,4335,2,1,1
12,4335,2,1,1
13,4335,2,2,2
14,4335,2,1,2
15,4335,1,1,2
16,4335,2,2,1
17,4335,2,1,2
18,4335,1,1,2
19,4335,1,1,2
20,4335,2,1,1
1,4339,1,1,1
2,4339,1,1,1
3,4339,2,1,1
4,4339,2,1,2
5,4339,2,1,1
6,4339,1,1,1
7,4339,2,1,2
8,4339,2,1,1
9,4339,2,1,1
10,4339,1,1,1
11,4339,1,1,1
12,4339,2,1,1
13,4339,2,1,1
14,4339,2,1,1
15,4339,2,1,1
16,4339,2,1,1
17,4339,2,1,2
18,4339,2,1,1
19,4339,2,1,1
21,4339,2,1,1
1,4342,2,1,1
2,4342,1,2,2
3,4342,1,1,2
4,4342,2,1,1
5,4342,2,1,2
7,4342,2,2,2
8,4342,1,1,2
9,4342,1,2,2
10,4342,1,1,2
11,4342,2,1,1
12,4342,2,1,1
14,4342,2,1,2
16,4342,1,1,2
17,4342,1,1,2
18,4342,2,1,1
19,4342,1,1,2
20,4342,1,1,2
22,4342,2,2,2
23,4342,2,2,2
24,4342,2,1,1
1,4345,1,1,2
2,4345,1,1,1
3,4345,1,1,2
4,4345,1,1,2
5,4345,1,1,2
6,4345,1,1,1
7,4345,1,1,1
8,4345,1,1,2
9,4345,1,1,2
10,4345,1,1,2
11,4345,1,1,1
12,4345,1,1,2
13,4345,1,1,2
14,4345,1,1,2
15,4345,1,1,2
16,4345,1,1,2
17,4345,1,1,2
18,4345,1,1,2
19,4345,1,1,2
20,4345,1,1,1
1,4349,1,1,1
2,4349,2,1,1
3,4349,1,1,1
4,4349,2,1,1
5,4349,2,1,2
6,4349,2,1,1
7,4349,2,1,1
8,4349,2,1,1
9,4349,2,1,1
10,4349,1,1,1
11,4349,2,1,1
12,4349,2,2,1
13,4349,2,1,1
14,4349,2,1,1
15,4349,2,1,2
16,4349,2,1,1
17,4349,2,1,1
18,4349,2,1,1
19,4349,2,1,1
20,4349,2,1,1
1,4352,2,1,2
2,4352,1,1,2
3,4352,1,1,2
4,4352,1,1,1
5,4352,2,1,2
6,4352,1,1,1
7,4352,1,1,2
8,4352,1,1,1
9,4352,1,1,2
10,4352,1,1,1
11,4352,1,1,2
12,4352,1,1,1
13,4352,1,1,1
14,4352,2,1,1
15,4352,1,1,1
16,4352,1,1,2
17,4352,1,1,2
18,4352,1,1,1
19,4352,1,1,2
20,4352,1,1,1
1,4355,1,2,2
2,4355,1,2,2
3,4355,1,2,1
4,4355,1,2,2
5,4355,1,1,2
6,4355,1,2,1
7,4355,1,2,2
8,4355,1,2,2
9,4355,1,2,2
10,4355,1,2,2
11,4355,2,2,1
12,4355,1,2,2
13,4355,1,2,1
14,4355,1,2,1
15,4355,1,2,2
16,4355,1,2,1
17,4355,1,2,2
18,4355,1,2,1
19,4355,1,2,1
20,4355,1,2,1
1,4359,1,2,2
2,4359,1,2,2
3,4359,1,1,1
4,4359,1,1,2
7,4359,1,2,2
8,4359,1,1,1
9,4359,1,2,2
10,4359,1,2,2
11,4359,1,2,2
12,4359,1,2,2
13,4359,1,2,2
14,4359,1,2,2
15,4359,1,1,1
16,4359,1,1,1
17,4359,1,1,2
18,4359,1,1,1
19,4359,1,1,2
20,4359,1,1,1
21,4359,1,1,2
22,4359,1,1,2
2,4362,1,2,1
3,4362,1,2,1
4,4362,1,2,1
5,4362,1,2,1
6,4362,1,2,1
7,4362,1,2,1
8,4362,2,2,1
9,4362,1,2,1
10,4362,2,2,2
11,4362,2,2,1
13,4362,2,2,1
14,4362,2,2,2
15,4362,1,1,2
16,4362,1,2,1
17,4362,2,2,1
18,4362,1,2,1
19,4362,1,2,2
20,4362,1,2,2
22,4362,1,2,2
25,4362,1,2,2
1,4365,1,1,2
2,4365,1,2,2
3,4365,1,2,2
4,4365,1,1,2
5,4365,1,1,2
6,4365,1,1,2
7,4365,1,1,1
8,4365,1,2,2
9,4365,1,1,2
10,4365,1,2,2
11,4365,1,1,2
12,4365,1,2,1
13,4365,1,1,2
14,4365,1,2,2
15,4365,1,1,2
16,4365,1,1,2
17,4365,1,1,1
18,4365,1,1,2
19,4365,1,1,1
20,4365,1,1,1
1,4369,1,1,2
3,4369,1,1,2
5,4369,1,1,2
6,4369,1,1,1
7,4369,1,1,2
8,4369,1,1,2
9,4369,1,1,2
10,4369,1,1,2
11,4369,2,2,2
13,4369,1,1,1
14,4369,1,1,2
15,4369,1,1,2
16,4369,1,1,2
17,4369,1,1,2
18,4369,1,1,1
19,4369,1,1,1
21,4369,1,1,2
22,4369,1,1,1
23,4369,1,1,2
24,4369,1,1,2
1,4372,1,2,2
2,4372,1,2,1
3,4372,1,2,2
4,4372,1,1,1
5,4372,1,1,1
6,4372,1,1,2
7,4372,1,1,1
8,4372,1,2,1
9,4372,1,1,1
10,4372,1,1,2
11,4372,1,1,2
12,4372,1,1,2
13,4372,1,1,1
14,4372,1,1,2
16,4372,1,1,2
17,4372,1,2,2
18,4372,1,1,2
19,4372,1,1,2
20,4372,1,2,2
21,4372,1,1,2
1,4375,1,2,1
2,4375,1,1,1
3,4375,1,2,1
4,4375,1,1,1
5,4375,1,1,1
6,4375,1,1,2
7,4375,1,2,2
8,4375,1,2,1
9,4375,1,2,2
10,4375,1,1,2
11,4375,1,1,1
12,4375,1,2,1
13,4375,1,2,1
14,4375,1,1,1
15,4375,1,2,1
16,4375,1,2,1
17,4375,1,2,2
18,4375,1,2,2
19,4375,1,2,2
20,4375,1,2,1
1,4379,1,2,2
2,4379,1,1,2
3,4379,1,2,2
4,4379,1,1,2
5,4379,1,1,2
6,4379,1,2,1
7,4379,1,2,2
8,4379,1,2,1
9,4379,1,1,1
10,4379,1,2,2
11,4379,1,1,2
12,4379,1,2,2
13,4379,1,2,2
14,4379,1,1,1
15,4379,1,1,1
16,4379,1,2,1
17,4379,1,1,2
18,4379,1,1,2
19,4379,1,1,1
20,4379,1,2,1
1,4382,1,1,2
2,4382,1,2,1
3,4382,1,1,2
4,4382,1,1,2
5,4382,1,2,1
6,4382,1,1,2
7,4382,1,2,2
8,4382,1,1,2
9,4382,2,2,2
10,4382,1,1,2
11,4382,1,1,2
12,4382,1,2,2
13,4382,1,1,1
14,4382,1,2,2
15,4382,1,2,2
16,4382,1,2,2
17,4382,1,1,1
18,4382,1,1,2
19,4382,1,1,2
20,4382,1,2,1
1,4385,1,2,2
2,4385,1,1,1
3,4385,1,2,2
4,4385,1,2,2
5,4385,1,1,2
6,4385,1,2,2
7,4385,1,1,1
8,4385,1,1,2
9,4385,1,1,2
10,4385,1,1,1
11,4385,1,2,2
12,4385,1,1,1
13,4385,1,2,2
14,4385,1,2,1
15,4385,1,2,1
16,4385,1,2,1
17,4385,1,2,2
18,4385,1,1,1
19,4385,1,2,2
20,4385,1,2,2
1,4389,1,1,1
2,4389,1,1,1
3,4389,1,1,2
4,4389,1,1,1
5,4389,1,1,2
6,4389,1,1,2
7,4389,1,1,2
8,4389,1,1,2
9,4389,1,1,2
10,4389,1,2,2
11,4389,1,1,2
12,4389,1,2,2
13,4389,1,1,1
14,4389,1,1,2
15,4389,1,1,2
16,4389,1,1,1
17,4389,1,2,2
18,4389,1,1,1
19,4389,1,1,1
20,4389,1,1,2
1,4392,1,2,2
2,4392,1,1,2
3,4392,1,1,2
4,4392,1,2,2
5,4392,1,1,1
6,4392,1,2,1
7,4392,1,2,1
8,4392,1,2,1
9,4392,1,2,2
10,4392,1,1,1
11,4392,1,2,2
12,4392,1,1,1
13,4392,1,1,2
14,4392,1,2,1
15,4392,1,1,1
16,4392,1,2,1
17,4392,1,2,1
18,4392,1,2,2
19,4392,1,2,2
20,4392,1,2,1
1,4395,1,2,2
2,4395,1,1,1
3,4395,1,2,2
4,4395,1,2,1
5,4395,1,1,1
6,4395,1,1,1
7,4395,1,2,1
8,4395,1,2,1
9,4395,1,1,1
10,4395,1,1,2
11,4395,1,1,1
12,4395,1,1,1
13,4395,1,2,1
14,4395,1,1,1
15,4395,1,2,2
16,4395,1,1,1
17,4395,1,1,1
18,4395,1,1,2
19,4395,1,1,2
20,4395,1,1,2
1,4399,1,1,2
2,4399,1,2,2
3,4399,1,1,2
4,4399,1,1,1
5,4399,1,2,1
6,4399,1,1,1
7,4399,1,2,2
8,4399,1,2,2
9,4399,1,2,1
10,4399,1,2,2
11,4399,1,1,2
12,4399,1,1,2
13,4399,1,2,1
14,4399,1,2,1
15,4399,1,1,1
16,4399,1,2,2
17,4399,1,2,2
18,4399,1,2,1
19,4399,1,2,2
20,4399,1,2,2
1,4402,1,2,1
2,4402,1,2,2
3,4402,1,1,2
4,4402,1,2,1
5,4402,1,2,2
6,4402,1,2,2
7,4402,1,2,1
8,4402,1,1,1
9,4402,1,1,1
10,4402,1,1,2
11,4402,1,2,2
12,4402,1,2,1
13,4402,1,2,2
14,4402,1,2,2
15,4402,1,2,2
16,4402,1,2,1
17,4402,1,2,1
18,4402,1,2,1
19,4402,1,2,2
20,4402,1,2,1
1,4405,1,1,2
2,4405,1,1,2
3,4405,1,1,2
4,4405,1,1,2
5,4405,1,1,2
6,4405,1,1,2
7,4405,1,1,2
8,4405,1,1,2
9,4405,1,1,2
10,4405,1,1,1
11,4405,1,1,1
12,4405,1,1,2
13,4405,1,1,2
14,4405,1,1,2
15,4405,1,1,2
16,4405,1,1,2
17,4405,1,1,2
18,4405,1,1,2
19,4405,1,1,1
20,4405,1,1,1
1,4408,1,1,2
2,4408,1,2,1
3,4408,2,2,1
4,4408,1,1,1
5,4408,1,2,1
6,4408,1,1,1
7,4408,1,1,2
8,4408,1,2,1
9,4408,1,2,2
10,4408,1,2,1
11,4408,1,1,2
12,4408,1,2,1
13,4408,1,1,1
14,4408,2,2,1
15,4408,1,1,1
16,4408,1,1,1
17,4408,1,2,1
18,4408,1,1,1
19,4408,1,2,1
20,4408,1,2,1
1,4412,1,1,2
2,4412,1,1,2
3,4412,1,1,1
4,4412,1,1,2
5,4412,1,1,2
6,4412,1,1,1
7,4412,1,1,2
8,4412,1,1,1
9,4412,1,1,1
10,4412,1,1,2
11,4412,1,1,2
12,4412,1,1,1
13,4412,1,1,1
14,4412,1,1,2
15,4412,1,1,2
16,4412,1,1,2
17,4412,1,1,2
18,4412,1,1,1
19,4412,1,1,2
20,4412,1,1,2
1,4415,1,1,2
2,4415,1,1,2
3,4415,1,1,2
4,4415,1,1,2
5,4415,1,1,2
6,4415,1,1,2
7,4415,1,1,2
8,4415,1,1,2
9,4415,1,1,2
10,4415,1,1,2
11,4415,1,1,2
12,4415,1,1,2
13,4415,1,1,2
14,4415,1,1,2
15,4415,1,1,2
16,4415,1,1,2
17,4415,1,1,2
18,4415,1,1,2
19,4415,1,1,2
20,4415,1,2,2
1,4419,1,1,1
2,4419,1,1,2
3,4419,1,1,2
4,4419,1,1,2
6,4419,1,1,1
7,4419,1,1,2
8,4419,1,1,1
9,4419,1,1,1
10,4419,1,1,2
11,4419,1,1,2
15,4419,1,1,1
16,4419,1,1,1
17,4419,2,1,1
18,4419,1,1,2
19,4419,1,1,2
20,4419,2,1,1
21,4419,1,1,1
22,4419,1,1,1
23,4419,1,1,1
25,4419,1,1,2
1,4422,1,1,1
2,4422,1,1,1
3,4422,1,1,2
4,4422,1,1,2
5,4422,1,1,2
6,4422,1,1,2
7,4422,1,1,2
8,4422,1,1,1
9,4422,1,2,2
10,4422,1,2,2
11,4422,1,1,2
12,4422,1,1,2
13,4422,1,1,2
14,4422,1,1,1
15,4422,1,1,1
16,4422,1,1,1
17,4422,1,1,2
18,4422,1,1,2
19,4422,1,1,2
20,4422,1,2,1
1,4425,1,1,2
2,4425,1,1,2
3,4425,1,1,2
4,4425,1,1,2
5,4425,1,1,1
6,4425,1,1,1
7,4425,1,1,2
8,4425,1,1,1
9,4425,1,1,1
10,4425,1,1,1
11,4425,1,1,1
12,4425,1,1,1
13,4425,1,1,1
14,4425,1,1,1
15,4425,1,1,1
16,4425,1,1,2
17,4425,1,1,1
18,4425,1,1,1
19,4425,1,1,1
20,4425,1,1,2
1,4429,1,1,1
2,4429,1,1,2
3,4429,1,1,1
4,4429,1,1,2
5,4429,2,1,1
6,4429,2,1,2
7,4429,1,1,1
8,4429,1,1,1
9,4429,1,1,1
10,4429,1,1,2
11,4429,1,1,2
13,4429,1,1,2
14,4429,1,1,2
15,4429,2,1,1
16,4429,1,1,2
17,4429,1,1,2
18,4429,1,1,2
19,4429,1,1,2
20,4429,1,1,2
25,4429,1,1,2
1,4433,1,2,1
2,4433,1,1,2
3,4433,1,1,2
4,4433,1,1,2
5,4433,1,1,2
6,4433,1,1,1
7,4433,1,1,1
8,4433,1,2,2
9,4433,1,1,1
10,4433,1,1,1
11,4433,1,1,2
12,4433,1,1,1
13,4433,1,1,1
14,4433,1,1,1
15,4433,1,1,2
16,4433,1,1,1
17,4433,1,1,1
18,4433,1,1,1
19,4433,1,1,2
20,4433,1,1,2
1,4435,1,1,2
3,4435,1,1,1
4,4435,1,1,2
6,4435,1,1,1
7,4435,1,1,2
8,4435,1,1,1
9,4435,1,1,1
10,4435,1,1,2
11,4435,1,1,2
12,4435,1,1,2
13,4435,1,1,2
14,4435,1,1,2
15,4435,1,1,1
16,4435,1,1,1
17,4435,1,1,2
18,4435,1,1,2
20,4435,1,1,2
21,4435,1,1,1
22,4435,1,1,1
23,4435,1,1,1
1,4439,1,1,1
2,4439,1,1,2
3,4439,2,1,2
4,4439,2,2,2
6,4439,2,2,2
7,4439,1,1,1
8,4439,2,2,1
9,4439,1,1,2
10,4439,2,2,1
11,4439,2,2,2
12,4439,1,1,1
13,4439,1,1,1
15,4439,1,1,1
16,4439,2,2,2
17,4439,1,1,2
18,4439,1,1,2
19,4439,2,2,1
20,4439,1,2,2
21,4439,1,1,1
24,4439,2,1,2
1,4442,2,2,1
2,4442,1,1,1
4,4442,1,1,2
5,4442,2,1,1
6,4442,1,1,2
7,4442,2,1,2
8,4442,1,1,2
9,4442,1,1,2
11,4442,1,1,2
12,4442,1,1,2
13,4442,1,1,1
14,4442,1,1,1
15,4442,1,1,1
16,4442,1,1,2
17,4442,1,1,2
18,4442,1,1,1
19,4442,2,2,2
20,4442,1,1,1
21,4442,1,2,1
24,4442,1,1,1
1,4445,1,1,1
2,4445,1,1,1
3,4445,1,1,1
4,4445,1,1,1
5,4445,2,2,1
6,4445,1,1,2
7,4445,1,1,1
8,4445,1,1,2
9,4445,1,1,2
10,4445,1,1,1
11,4445,1,1,1
12,4445,1,1,2
13,4445,1,1,2
14,4445,1,1,1
15,4445,1,1,1
16,4445,1,1,2
17,4445,1,1,1
18,4445,1,1,1
19,4445,1,1,1
20,4445,1,1,1
1,4449,1,1,1
2,4449,1,1,2
3,4449,1,1,1
4,4449,1,1,2
5,4449,1,1,2
6,4449,1,1,2
7,4449,1,1,1
8,4449,2,1,1
9,4449,1,1,2
10,4449,1,1,1
11,4449,1,1,1
12,4449,1,1,2
13,4449,1,1,1
14,4449,1,1,2
15,4449,1,1,1
16,4449,1,1,1
17,4449,1,1,1
18,4449,1,1,2
19,4449,1,1,2
20,4449,1,1,1
1,4452,1,1,2
2,4452,1,1,2
3,4452,1,1,2
4,4452,1,1,1
5,4452,1,1,1
6,4452,1,1,1
7,4452,1,2,2
8,4452,1,1,1
9,4452,1,1,1
10,4452,1,1,1
11,4452,1,1,2
12,4452,1,1,2
13,4452,1,1,1
14,4452,1,1,1
15,4452,1,1,1
16,4452,1,1,1
17,4452,1,1,2
18,4452,1,1,1
20,4452,1,1,2
22,4452,1,1,1
1,4455,2,1,1
2,4455,1,1,2
3,4455,2,1,2
4,4455,1,1,2
5,4455,1,1,2
6,4455,1,1,2
7,4455,1,1,2
8,4455,1,1,2
9,4455,1,1,2
10,4455,1,1,2
11,4455,1,1,2
12,4455,1,2,2
13,4455,1,1,2
14,4455,1,1,2
15,4455,1,1,1
16,4455,1,1,2
17,4455,1,1,2
18,4455,1,1,2
19,4455,1,1,2
20,4455,1,1,2
1,4459,1,1,2
2,4459,1,1,2
3,4459,1,1,2
4,4459,1,1,2
5,4459,1,1,2
6,4459,2,2,2
7,4459,1,1,2
8,4459,1,1,2
9,4459,1,1,1
10,4459,1,1,1
11,4459,1,1,2
12,4459,1,1,1
13,4459,1,1,2
14,4459,1,1,1
15,4459,1,1,1
16,4459,1,2,2
17,4459,1,1,2
18,4459,1,2,2
19,4459,1,1,2
20,4459,1,1,2
1,4462,1,1,1
2,4462,1,1,2
3,4462,1,1,2
4,4462,1,1,2
5,4462,1,1,2
6,4462,1,1,2
7,4462,1,1,2
8,4462,1,1,2
9,4462,1,1,2
10,4462,1,1,1
11,4462,1,1,2
12,4462,1,1,2
13,4462,1,1,1
14,4462,1,1,2
15,4462,1,1,2
16,4462,1,1,2
17,4462,1,1,2
18,4462,1,1,1
19,4462,1,1,2
20,4462,1,1,2
1,4465,1,1,2
2,4465,1,1,2
3,4465,1,1,2
4,4465,2,2,2
5,4465,1,1,2
6,4465,1,1,1
7,4465,1,1,2
8,4465,1,1,2
9,4465,1,1,2
10,4465,2,2,2
11,4465,1,1,2
12,4465,1,1,1
13,4465,1,1,2
14,4465,1,1,2
15,4465,2,2,2
16,4465,1,2,2
17,4465,1,1,2
18,4465,2,2,2
19,4465,1,1,2
20,4465,1,1,2
1,4469,2,1,1
2,4469,2,2,2
3,4469,2,2,1
4,4469,2,1,1
5,4469,2,2,1
6,4469,2,2,2
7,4469,2,2,1
8,4469,2,2,2
9,4469,2,2,1
10,4469,2,2,1
11,4469,2,2,2
12,4469,2,2,2
13,4469,2,2,1
14,4469,2,2,1
15,4469,2,2,1
16,4469,2,2,2
17,4469,2,2,1
18,4469,2,2,1
19,4469,2,2,1
20,4469,2,2,1
1,4472,2,1,1
2,4472,2,1,1
3,4472,2,1,1
4,4472,2,1,1
5,4472,2,1,1
6,4472,1,1,1
7,4472,1,1,1
8,4472,2,1,2
9,4472,2,2,1
10,4472,1,1,1
11,4472,2,1,1
12,4472,2,2,2
13,4472,2,2,1
14,4472,1,1,2
15,4472,1,1,2
17,4472,1,1,1
19,4472,2,2,2
20,4472,1,1,1
21,4472,1,1,1
23,4472,2,1,1
1,4475,2,1,2
2,4475,2,2,2
3,4475,2,1,1
4,4475,2,1,1
5,4475,2,2,2
6,4475,2,1,2
7,4475,2,1,1
8,4475,2,2,2
9,4475,2,1,2
10,4475,2,1,1
11,4475,2,2,1
12,4475,2,1,2
13,4475,2,1,1
14,4475,2,1,2
15,4475,2,1,1
16,4475,2,1,1
17,4475,2,1,1
18,4475,2,1,1
19,4475,2,2,1
20,4475,2,2,2
1,4479,1,1,1
2,4479,1,1,2
3,4479,1,1,1
4,4479,1,1,1
5,4479,1,1,1
6,4479,2,2,1
7,4479,1,1,2
8,4479,1,1,1
9,4479,1,1,1
10,4479,1,1,1
11,4479,1,1,1
12,4479,1,1,2
13,4479,1,2,1
14,4479,1,1,2
15,4479,1,1,2
16,4479,1,1,2
17,4479,1,1,2
18,4479,1,1,2
19,4479,1,1,1
20,4479,1,1,2
1,4482,1,1,1
2,4482,1,1,2
3,4482,1,1,2
4,4482,1,2,1
5,4482,1,2,2
6,4482,1,1,2
7,4482,1,2,1
8,4482,1,2,2
9,4482,1,1,2
10,4482,2,1,2
11,4482,1,2,2
12,4482,1,1,2
13,4482,1,2,2
14,4482,2,2,2
15,4482,1,1,2
16,4482,2,2,1
17,4482,1,2,2
18,4482,1,1,1
19,4482,1,2,1
20,4482,2,2,1
1,4485,1,1,1
2,4485,1,1,1
3,4485,1,1,1
4,4485,1,1,1
5,4485,1,1,1
6,4485,1,1,1
7,4485,2,2,2
8,4485,1,1,1
9,4485,1,1,1
10,4485,1,1,2
11,4485,1,1,1
12,4485,1,1,1
13,4485,1,1,1
14,4485,1,1,2
15,4485,1,1,1
16,4485,1,1,1
17,4485,1,1,1
18,4485,1,1,2
19,4485,1,1,2
20,4485,2,1,2
1,4489,1,2,2
2,4489,1,1,2
4,4489,2,1,1
6,4489,1,1,2
7,4489,1,1,2
8,4489,1,1,2
9,4489,1,1,2
10,4489,1,2,2
11,4489,1,1,1
12,4489,1,1,2
13,4489,1,2,1
14,4489,2,2,1
15,4489,1,1,2
16,4489,1,1,2
17,4489,1,1,2
18,4489,1,1,2
19,4489,1,1,1
20,4489,1,1,1
21,4489,1,1,2
22,4489,1,1,2
1,4492,1,1,1
2,4492,1,1,1
3,4492,1,1,1
4,4492,1,1,1
5,4492,1,1,2
6,4492,1,1,2
7,4492,1,1,1
8,4492,1,1,1
9,4492,1,1,2
10,4492,1,1,2
11,4492,1,1,2
12,4492,1,1,2
13,4492,1,2,1
14,4492,1,2,1
15,4492,1,1,2
16,4492,1,1,1
17,4492,1,1,2
18,4492,1,1,1
19,4492,1,1,1
20,4492,1,1,2
1,4495,1,1,2
2,4495,1,1,2
3,4495,1,1,2
4,4495,1,1,1
5,4495,1,1,2
6,4495,1,1,2
7,4495,2,2,1
8,4495,1,1,2
9,4495,1,1,2
10,4495,1,1,2
11,4495,1,1,2
12,4495,1,1,2
13,4495,1,1,2
14,4495,1,1,2
15,4495,1,1,2
16,4495,1,1,2
17,4495,1,1,1
18,4495,1,1,2
19,4495,1,1,2
20,4495,1,1,2
1,4499,1,1,2
2,4499,1,1,1
3,4499,1,1,2
4,4499,1,1,1
5,4499,1,1,1
6,4499,1,1,2
7,4499,1,1,2
8,4499,1,1,2
10,4499,1,1,2
11,4499,1,1,1
12,4499,1,1,1
13,4499,1,1,2
14,4499,1,1,1
15,4499,1,1,1
16,4499,1,1,2
17,4499,1,1,2
18,4499,1,1,2
19,4499,1,1,2
20,4499,1,1,2
21,4499,2,2,2
1,4502,1,1,1
2,4502,1,1,1
3,4502,2,1,2
4,4502,2,1,2
5,4502,1,1,1
6,4502,1,1,1
7,4502,2,1,1
8,4502,2,1,2
9,4502,2,1,1
10,4502,2,1,1
11,4502,2,2,2
12,4502,2,2,1
13,4502,1,1,1
14,4502,2,1,1
15,4502,1,1,1
16,4502,1,1,1
17,4502,1,1,1
18,4502,2,1,1
19,4502,1,2,1
20,4502,2,1,1
2,4505,1,1,2
4,4505,1,1,2
5,4505,1,1,1
6,4505,1,1,2
8,4505,1,1,2
9,4505,1,1,2
10,4505,1,1,1
11,4505,2,1,2
12,4505,1,1,1
13,4505,1,1,2
14,4505,1,1,2
15,4505,1,1,1
16,4505,1,1,2
17,4505,1,1,1
18,4505,1,1,2
19,4505,1,1,2
20,4505,1,1,1
23,4505,1,1,2
24,4505,1,1,1
25,4505,1,1,1
1,4509,1,2,2
2,4509,1,2,2
3,4509,1,1,1
4,4509,1,2,2
5,4509,1,2,2
6,4509,1,2,1
7,4509,1,2,2
8,4509,1,1,2
9,4509,1,1,1
10,4509,1,2,2
11,4509,1,2,1
12,4509,1,2,1
13,4509,1,2,2
14,4509,1,1,2
15,4509,1,2,2
16,4509,1,1,2
17,4509,1,1,1
18,4509,1,1,2
19,4509,1,1,2
20,4509,1,2,2
1,4512,1,2,1
3,4512,1,1,1
4,4512,1,2,2
5,4512,1,1,1
6,4512,1,2,1
7,4512,2,1,1
8,4512,1,2,2
9,4512,1,1,1
10,4512,1,2,2
11,4512,1,1,2
12,4512,1,2,2
13,4512,1,2,1
14,4512,1,2,2
15,4512,1,2,2
17,4512,1,2,1
18,4512,1,2,2
19,4512,1,2,2
20,4512,1,1,1
21,4512,1,2,2
22,4512,1,2,1
1,4515,1,2,1
2,4515,1,1,2
3,4515,1,1,2
4,4515,1,1,2
5,4515,1,2,2
6,4515,1,1,2
7,4515,2,2,2
8,4515,1,2,1
9,4515,1,2,1
10,4515,1,2,2
11,4515,1,1,2
12,4515,1,2,1
13,4515,1,2,2
14,4515,1,2,2
15,4515,1,2,2
16,4515,1,2,2
17,4515,1,2,1
18,4515,1,2,2
19,4515,1,2,2
20,4515,1,2,2
1,4519,1,1,2
2,4519,1,1,2
3,4519,1,1,2
4,4519,1,1,2
5,4519,1,2,2
6,4519,1,1,1
7,4519,1,1,2
8,4519,1,2,2
9,4519,1,1,1
10,4519,1,2,2
11,4519,1,1,2
12,4519,1,1,2
13,4519,1,1,2
14,4519,1,1,2
15,4519,1,2,1
16,4519,1,1,1
17,4519,1,1,2
18,4519,1,1,2
19,4519,1,1,2
20,4519,1,1,2
1,4522,1,1,2
2,4522,1,1,1
3,4522,1,1,1
4,4522,1,1,1
5,4522,1,1,1
6,4522,1,1,1
7,4522,1,1,1
8,4522,1,1,2
9,4522,1,1,1
10,4522,1,1,1
11,4522,1,1,1
12,4522,1,1,2
13,4522,1,1,2
14,4522,1,1,1
15,4522,1,1,2
16,4522,1,1,2
17,4522,1,1,2
18,4522,1,1,2
19,4522,1,1,2
20,4522,1,1,2
1,4525,2,2,1
2,4525,1,1,2
3,4525,1,1,2
4,4525,1,1,2
5,4525,1,1,2
6,4525,1,2,1
7,4525,1,1,1
8,4525,1,1,1
9,4525,1,1,2
10,4525,1,1,2
11,4525,1,1,2
12,4525,1,1,2
13,4525,1,2,2
14,4525,1,2,2
15,4525,1,1,1
16,4525,1,1,2
17,4525,1,1,2
18,4525,1,1,2
19,4525,1,2,2
20,4525,1,1,2
1,4529,1,1,2
2,4529,1,1,2
3,4529,1,1,2
4,4529,1,1,1
5,4529,1,1,2
6,4529,1,1,2
7,4529,1,1,2
8,4529,1,1,2
9,4529,1,1,1
10,4529,1,1,2
11,4529,1,1,1
14,4529,1,1,2
15,4529,1,1,1
16,4529,1,1,2
17,4529,1,1,1
18,4529,1,1,2
19,4529,1,1,2
20,4529,1,1,2
21,4529,1,1,2
22,4529,1,1,1
1,4532,1,1,2
2,4532,2,1,1
3,4532,1,1,2
4,4532,1,1,2
5,4532,1,1,2
6,4532,1,1,2
7,4532,1,2,2
8,4532,1,1,1
9,4532,1,1,2
10,4532,1,2,2
11,4532,1,2,2
12,4532,1,1,2
13,4532,1,1,2
14,4532,1,1,2
15,4532,1,2,2
16,4532,1,1,2
17,4532,1,1,2
18,4532,1,2,1
19,4532,1,1,2
20,4532,1,1,2
1,4535,1,2,1
2,4535,1,2,1
3,4535,1,2,1
4,4535,1,1,2
5,4535,1,1,2
6,4535,1,2,2
7,4535,1,2,2
8,4535,1,2,2
9,4535,1,2,2
10,4535,1,2,1
11,4535,1,2,1
12,4535,1,2,2
13,4535,1,2,2
14,4535,1,2,1
15,4535,1,1,2
16,4535,1,2,2
17,4535,1,2,2
18,4535,1,2,2
19,4535,1,1,1
20,4535,1,1,1
1,4539,1,2,2
2,4539,1,1,2
3,4539,1,1,2
4,4539,1,1,2
5,4539,1,1,1
6,4539,1,1,1
7,4539,1,1,1
8,4539,1,1,1
9,4539,1,1,2
10,4539,1,1,2
11,4539,1,1,2
12,4539,1,1,2
13,4539,1,1,2
14,4539,1,1,2
15,4539,1,2,1
16,4539,1,1,2
17,4539,1,1,2
18,4539,1,1,1
19,4539,1,1,1
20,4539,1,1,1
1,4542,1,1,2
2,4542,1,2,1
3,4542,1,1,1
4,4542,1,1,2
5,4542,1,1,1
6,4542,1,1,1
7,4542,1,1,1
8,4542,1,1,1
9,4542,1,1,2
10,4542,1,2,2
11,4542,1,1,1
12,4542,1,1,2
13,4542,1,1,1
14,4542,1,1,1
15,4542,1,1,2
16,4542,1,1,1
17,4542,1,1,1
18,4542,1,1,1
19,4542,1,1,2
20,4542,1,1,1
1,4545,1,1,2
2,4545,1,1,2
3,4545,1,2,2
5,4545,1,1,2
6,4545,1,1,2
7,4545,1,1,2
8,4545,1,1,2
9,4545,1,1,2
10,4545,1,1,2
11,4545,1,1,2
12,4545,1,1,2
13,4545,1,1,2
14,4545,1,1,1
15,4545,1,1,2
16,4545,1,1,2
17,4545,1,1,1
18,4545,1,2,2
19,4545,1,1,2
20,4545,1,1,2
21,4545,1,1,2
1,4549,1,1,2
2,4549,1,1,2
3,4549,1,1,1
4,4549,1,1,2
5,4549,1,1,2
6,4549,1,1,2
7,4549,1,1,2
8,4549,1,1,2
9,4549,1,1,2
10,4549,1,2,2
11,4549,1,1,1
12,4549,1,2,1
13,4549,1,1,2
14,4549,1,1,2
15,4549,1,1,2
16,4549,1,1,2
17,4549,1,1,1
18,4549,1,1,2
19,4549,1,1,2
20,4549,1,1,2
1,4552,1,1,2
2,4552,1,1,2
3,4552,1,1,2
4,4552,1,1,2
5,4552,1,1,2
6,4552,1,1,2
7,4552,1,1,1
8,4552,1,1,2
9,4552,1,1,2
10,4552,1,1,2
11,4552,1,1,2
12,4552,1,1,2
13,4552,1,1,2
14,4552,2,1,2
15,4552,1,1,2
16,4552,1,1,2
17,4552,1,1,2
18,4552,1,1,2
19,4552,1,1,2
20,4552,1,1,2
1,4555,1,1,2
2,4555,1,2,1
3,4555,1,2,2
4,4555,1,2,2
5,4555,1,1,2
6,4555,1,2,1
7,4555,1,2,2
8,4555,1,1,2
9,4555,1,2,2
10,4555,1,2,1
11,4555,2,2,1
12,4555,2,1,1
13,4555,1,1,2
14,4555,1,2,1
15,4555,1,2,2
16,4555,1,2,2
17,4555,1,1,2
18,4555,1,2,1
19,4555,1,2,2
20,4555,1,2,1
1,4559,1,1,1
2,4559,1,2,1
3,4559,1,2,2
4,4559,1,2,2
5,4559,1,2,2
6,4559,1,2,2
7,4559,1,2,2
8,4559,1,2,1
9,4559,1,1,2
10,4559,1,1,1
11,4559,1,1,2
12,4559,1,1,2
13,4559,1,2,1
14,4559,1,1,2
15,4559,1,2,2
16,4559,2,2,2
17,4559,1,2,2
18,4559,1,2,2
19,4559,1,1,1
20,4559,1,1,2
1,4562,1,1,2
2,4562,1,1,2
3,4562,1,2,2
4,4562,1,1,2
5,4562,1,2,2
6,4562,1,1,2
7,4562,1,1,2
8,4562,1,1,2
9,4562,1,1,2
10,4562,1,2,2
11,4562,1,1,1
12,4562,1,1,1
13,4562,1,1,2
14,4562,1,1,2
15,4562,1,1,2
16,4562,1,1,2
17,4562,1,1,2
18,4562,1,1,2
19,4562,1,1,2
20,4562,1,1,2
1,4565,1,2,1
2,4565,1,2,1
3,4565,1,2,1
5,4565,1,2,1
6,4565,1,2,2
7,4565,2,1,2
8,4565,1,2,1
9,4565,1,2,1
10,4565,1,2,2
11,4565,1,2,2
12,4565,2,2,2
13,4565,1,2,1
14,4565,1,2,1
15,4565,1,2,1
16,4565,1,1,2
17,4565,1,1,1
18,4565,2,2,1
19,4565,2,2,2
20,4565,1,2,1
21,4565,1,2,1
1,4569,1,2,2
2,4569,1,2,2
3,4569,1,2,1
4,4569,1,1,2
5,4569,1,2,2
6,4569,1,1,1
7,4569,1,2,2
8,4569,1,2,1
9,4569,1,2,2
10,4569,1,2,1
11,4569,1,2,2
12,4569,1,2,2
13,4569,1,1,1
14,4569,1,2,2
15,4569,1,2,1
16,4569,1,2,2
17,4569,1,2,1
18,4569,1,2,1
19,4569,1,2,2
20,4569,1,2,2
1,4572,1,1,2
2,4572,1,1,1
3,4572,1,1,1
4,4572,1,1,1
5,4572,1,1,1
6,4572,1,1,1
7,4572,1,1,1
8,4572,1,2,2
9,4572,1,1,1
10,4572,1,1,1
11,4572,1,1,1
12,4572,1,2,2
13,4572,1,1,1
14,4572,2,2,2
15,4572,1,1,1
16,4572,1,1,1
17,4572,1,1,2
18,4572,1,1,2
19,4572,1,1,1
20,4572,1,1,1
1,4575,2,2,1
2,4575,1,2,1
3,4575,1,2,1
4,4575,1,2,2
5,4575,2,2,1
6,4575,1,2,2
7,4575,1,1,1
8,4575,1,2,2
9,4575,1,2,1
10,4575,1,2,2
11,4575,1,2,2
12,4575,1,2,2
13,4575,1,2,2
14,4575,1,1,1
15,4575,1,2,1
16,4575,1,2,1
17,4575,1,2,1
18,4575,1,2,1
19,4575,1,2,1
20,4575,1,2,2
1,4579,2,2,2
2,4579,1,1,1
3,4579,1,1,2
5,4579,2,2,2
6,4579,1,1,1
7,4579,1,1,1
8,4579,1,1,1
9,4579,1,1,2
10,4579,2,2,2
11,4579,1,1,2
12,4579,1,1,1
13,4579,1,1,2
15,4579,2,2,2
16,4579,1,1,2
17,4579,1,1,1
18,4579,1,1,2
19,4579,1,1,2
20,4579,1,1,2
21,4579,2,2,1
22,4579,1,1,2
1,4582,1,1,1
2,4582,1,1,2
3,4582,1,1,1
4,4582,1,1,2
5,4582,1,1,2
6,4582,2,1,2
7,4582,1,1,2
8,4582,1,1,1
9,4582,1,1,2
10,4582,1,1,1
11,4582,1,1,2
12,4582,1,1,2
13,4582,1,1,1
14,4582,1,1,2
15,4582,1,1,2
16,4582,2,1,2
17,4582,1,1,2
19,4582,2,1,1
20,4582,1,1,2
21,4582,1,1,1
1,4585,1,1,2
2,4585,1,1,2
3,4585,1,1,2
4,4585,1,1,2
5,4585,1,1,2
6,4585,1,1,2
7,4585,1,2,2
8,4585,1,1,2
9,4585,1,1,2
10,4585,1,1,2
11,4585,1,1,1
12,4585,1,1,2
13,4585,1,1,2
14,4585,1,1,2
15,4585,1,2,1
16,4585,1,1,2
17,4585,1,1,2
18,4585,1,1,2
19,4585,1,1,2
20,4585,1,1,2
1,4589,1,1,2
2,4589,2,2,2
3,4589,1,1,1
4,4589,1,1,2
7,4589,1,1,2
8,4589,2,2,2
9,4589,1,1,1
10,4589,1,1,2
11,4589,1,1,2
12,4589,1,1,2
13,4589,1,2,2
14,4589,1,1,1
15,4589,2,2,2
16,4589,2,2,2
17,4589,1,1,2
18,4589,1,1,2
19,4589,1,1,1
20,4589,1,1,2
21,4589,1,1,2
22,4589,2,2,2
2,4592,1,1,2
3,4592,1,1,1
4,4592,1,1,1
5,4592,1,1,1
6,4592,1,1,2
7,4592,1,1,2
8,4592,1,1,2
9,4592,1,1,1
10,4592,1,1,2
12,4592,1,1,1
13,4592,1,1,1
14,4592,1,1,2
15,4592,1,1,1
16,4592,1,1,1
17,4592,1,1,1
18,4592,1,1,1
19,4592,1,1,1
20,4592,1,2,2
24,4592,1,1,1
25,4592,2,2,2
1,4595,1,1,1
2,4595,1,1,2
3,4595,2,2,2
4,4595,2,1,2
5,4595,1,1,2
6,4595,1,1,2
7,4595,1,1,1
8,4595,1,2,1
9,4595,1,1,1
10,4595,2,2,1
11,4595,1,1,2
12,4595,1,1,1
13,4595,1,1,2
14,4595,1,1,1
15,4595,1,1,1
16,4595,2,1,2
17,4595,1,1,2
18,4595,1,1,1
19,4595,1,1,1
20,4595,1,1,1
1,4599,1,2,2
3,4599,1,1,1
4,4599,1,1,1
5,4599,1,1,2
6,4599,1,1,2
7,4599,1,2,2
8,4599,1,2,2
9,4599,1,1,2
10,4599,1,1,2
11,4599,1,1,2
12,4599,1,1,1
13,4599,1,1,1
14,4599,1,2,2
15,4599,1,1,1
16,4599,1,1,1
17,4599,1,1,2
18,4599,1,1,2
19,4599,1,1,2
20,4599,1,1,2
21,4599,1,1,2
1,4602,1,1,1
2,4602,1,1,1
3,4602,1,1,1
4,4602,2,1,1
5,4602,1,1,1
6,4602,1,1,2
7,4602,1,1,2
8,4602,1,1,1
9,4602,2,1,1
10,4602,1,1,2
11,4602,1,1,1
12,4602,1,1,2
13,4602,1,1,2
14,4602,1,1,1
15,4602,1,1,2
16,4602,1,1,2
17,4602,1,1,2
18,4602,1,2,2
19,4602,1,1,2
20,4602,1,1,1
2,4605,1,1,1
4,4605,1,1,1
5,4605,2,2,2
7,4605,1,1,2
8,4605,1,1,2
9,4605,1,1,1
10,4605,1,1,1
11,4605,1,1,1
14,4605,1,1,2
15,4605,1,1,2
16,4605,1,1,2
17,4605,1,1,1
18,4605,1,1,1
19,4605,1,1,2
20,4605,1,1,1
21,4605,1,1,1
22,4605,1,1,2
23,4605,1,1,1
24,4605,1,1,1
25,4605,1,1,1
1,4609,1,1,2
2,4609,1,1,2
3,4609,1,1,2
4,4609,1,1,2
5,4609,1,1,2
6,4609,1,1,2
7,4609,1,1,2
8,4609,1,1,2
9,4609,2,2,2
10,4609,1,1,2
11,4609,1,1,2
12,4609,1,1,2
13,4609,1,1,2
14,4609,1,1,2
15,4609,1,1,2
16,4609,1,1,2
17,4609,2,2,1
18,4609,1,1,2
19,4609,1,1,2
20,4609,1,1,2
1,4612,1,2,2
2,4612,1,2,2
4,4612,1,1,1
5,4612,2,2,1
7,4612,1,2,2
8,4612,1,2,2
9,4612,2,2,1
10,4612,1,1,2
11,4612,1,1,2
12,4612,1,1,2
13,4612,1,2,1
14,4612,1,2,2
15,4612,1,1,2
16,4612,1,2,1
17,4612,1,2,1
18,4612,1,1,2
19,4612,2,2,2
20,4612,1,2,2
21,4612,1,2,1
22,4612,1,2,1
1,4615,1,1,1
2,4615,1,1,1
3,4615,1,1,2
4,4615,2,1,1
5,4615,1,1,2
7,4615,1,1,1
8,4615,1,1,1
9,4615,1,1,1
10,4615,1,1,2
11,4615,1,1,1
13,4615,1,1,2
14,4615,1,1,1
15,4615,1,2,2
16,4615,2,1,2
17,4615,1,1,1
19,4615,1,1,2
20,4615,1,1,1
21,4615,1,1,1
22,4615,1,1,1
23,4615,2,1,1
1,4619,1,1,2
2,4619,1,1,1
3,4619,1,1,2
4,4619,1,1,2
5,4619,1,1,2
6,4619,1,1,2
7,4619,1,2,2
8,4619,1,1,2
9,4619,1,1,2
10,4619,1,1,2
11,4619,1,1,2
12,4619,1,1,2
13,4619,1,1,2
14,4619,1,1,2
15,4619,1,1,2
16,4619,1,1,2
17,4619,1,1,2
18,4619,1,1,2
19,4619,1,1,2
20,4619,1,2,2
1,4622,1,1,2
2,4622,1,1,2
3,4622,1,1,2
4,4622,1,1,2
5,4622,1,1,1
6,4622,1,1,2
7,4622,1,1,2
8,4622,1,1,2
9,4622,1,1,1
10,4622,1,1,1
11,4622,1,1,1
12,4622,1,1,2
13,4622,1,1,2
14,4622,1,1,2
15,4622,1,1,1
16,4622,1,1,2
17,4622,1,1,1
18,4622,1,1,2
19,4622,1,2,1
20,4622,1,1,1
1,4625,1,1,1
2,4625,2,2,2
3,4625,1,1,2
4,4625,1,1,2
5,4625,1,1,2
6,4625,1,1,2
7,4625,1,1,1
8,4625,2,1,1
9,4625,1,1,2
10,4625,1,2,2
11,4625,1,2,2
12,4625,1,2,2
13,4625,1,1,1
14,4625,1,1,1
15,4625,1,1,2
16,4625,1,1,2
17,4625,1,1,2
18,4625,1,1,2
19,4625,1,1,2
20,4625,1,1,1
1,4629,1,1,2
2,4629,1,1,2
4,4629,1,1,2
5,4629,1,1,1
6,4629,1,1,2
7,4629,1,1,2
8,4629,1,1,2
9,4629,1,1,1
11,4629,1,1,2
13,4629,1,1,1
14,4629,1,1,2
15,4629,1,1,2
16,4629,1,1,2
17,4629,1,1,2
18,4629,1,1,2
19,4629,1,1,1
20,4629,1,1,1
21,4629,1,1,1
23,4629,1,1,2
25,4629,1,1,2
1,4632,1,2,2
2,4632,1,2,2
3,4632,1,2,1
4,4632,1,2,2
5,4632,1,2,2
6,4632,1,1,1
7,4632,1,2,2
9,4632,1,2,2
12,4632,1,2,1
13,4632,1,2,2
14,4632,1,1,1
15,4632,1,2,2
16,4632,1,1,1
17,4632,1,1,2
18,4632,2,2,1
19,4632,1,2,1
20,4632,1,1,1
21,4632,1,2,2
22,4632,1,2,1
24,4632,1,2,1
1,4635,1,1,2
2,4635,1,1,2
3,4635,1,1,1
4,4635,1,1,2
5,4635,1,1,2
6,4635,1,2,1
7,4635,1,1,2
8,4635,1,1,2
9,4635,1,1,2
10,4635,1,2,2
11,4635,1,1,2
12,4635,1,2,2
13,4635,1,1,2
14,4635,1,1,2
15,4635,1,1,2
18,4635,1,2,2
19,4635,1,1,2
20,4635,1,2,2
21,4635,1,1,2
22,4635,2,2,2
1,4639,1,2,1
2,4639,1,2,2
3,4639,1,1,2
4,4639,1,1,2
5,4639,1,2,2
6,4639,1,1,1
7,4639,1,1,1
9,4639,1,1,2
10,4639,1,2,1
11,4639,1,1,1
12,4639,1,1,2
13,4639,1,1,1
14,4639,1,1,1
15,4639,1,1,2
16,4639,1,1,2
17,4639,1,2,1
18,4639,1,2,2
19,4639,1,2,1
20,4639,1,1,1
23,4639,1,1,1
1,4642,1,1,1
2,4642,1,1,1
3,4642,1,1,2
4,4642,1,1,1
5,4642,1,1,2
6,4642,1,1,2
7,4642,1,1,2
8,4642,1,1,2
9,4642,1,1,2
10,4642,2,2,2
11,4642,1,1,1
12,4642,1,1,1
13,4642,1,1,1
14,4642,1,1,1
15,4642,1,1,2
16,4642,1,1,1
17,4642,1,1,2
18,4642,1,1,2
19,4642,1,1,2
20,4642,1,1,1
1,4645,1,1,2
2,4645,1,2,1
4,4645,1,1,2
5,4645,1,1,2
7,4645,1,1,1
8,4645,1,2,2
9,4645,2,1,1
10,4645,1,1,1
11,4645,1,1,1
12,4645,1,1,1
13,4645,1,1,1
15,4645,1,1,2
16,4645,1,1,1
18,4645,1,1,2
19,4645,1,1,1
20,4645,1,1,1
22,4645,2,1,1
23,4645,1,1,1
24,4645,1,1,2
25,4645,1,1,1
1,4649,1,1,2
2,4649,1,1,2
3,4649,1,1,2
4,4649,1,1,2
5,4649,1,1,1
6,4649,1,1,1
7,4649,1,1,1
8,4649,1,1,1
9,4649,2,1,1
10,4649,1,1,2
11,4649,1,1,2
12,4649,1,1,1
13,4649,1,1,2
14,4649,1,1,2
15,4649,1,1,1
16,4649,1,1,1
17,4649,1,1,2
18,4649,1,1,2
19,4649,1,1,2
20,4649,1,1,2
1,4652,1,2,1
2,4652,1,2,2
3,4652,1,2,1
4,4652,1,2,2
5,4652,2,2,2
6,4652,1,1,1
7,4652,1,2,2
8,4652,1,2,2
9,4652,1,2,1
10,4652,1,2,2
11,4652,1,2,2
12,4652,1,2,2
13,4652,1,2,2
14,4652,1,2,1
15,4652,1,2,2
16,4652,1,2,2
17,4652,1,2,2
19,4652,1,2,2
20,4652,1,2,2
21,4652,1,2,2
1,4655,1,1,2
2,4655,1,1,2
3,4655,1,2,2
4,4655,2,2,2
5,4655,1,1,2
6,4655,2,2,2
7,4655,1,1,2
8,4655,1,2,2
9,4655,1,1,2
10,4655,1,1,1
11,4655,1,1,2
12,4655,1,1,2
13,4655,1,1,2
14,4655,1,1,2
15,4655,1,1,2
16,4655,1,1,2
17,4655,1,1,2
18,4655,2,2,1
19,4655,2,2,2
20,4655,1,1,2
1,4659,1,2,1
2,4659,2,2,1
3,4659,1,2,2
4,4659,1,2,1
5,4659,1,1,1
6,4659,1,2,1
7,4659,1,1,2
8,4659,2,2,2
9,4659,1,2,2
10,4659,1,2,1
11,4659,2,2,1
12,4659,2,2,1
13,4659,1,2,1
14,4659,2,2,2
15,4659,1,2,2
16,4659,1,1,1
17,4659,2,2,1
18,4659,2,1,2
19,4659,2,2,1
20,4659,1,2,1
1,4662,2,2,2
2,4662,2,2,1
3,4662,2,2,1
4,4662,1,2,2
5,4662,2,2,1
6,4662,2,2,1
7,4662,2,2,1
8,4662,2,2,2
9,4662,2,2,1
11,4662,1,2,1
12,4662,1,2,1
13,4662,2,2,1
14,4662,2,2,2
15,4662,1,2,2
16,4662,1,2,1
17,4662,2,2,2
18,4662,1,2,1
19,4662,2,2,1
20,4662,2,2,1
21,4662,2,2,1
1,4665,2,2,1
2,4665,2,2,2
3,4665,1,1,1
4,4665,1,1,2
5,4665,1,2,1
6,4665,1,2,1
7,4665,2,2,1
8,4665,2,2,1
9,4665,2,2,2
10,4665,1,1,1
11,4665,2,2,2
12,4665,2,2,1
13,4665,1,2,1
14,4665,1,2,1
15,4665,1,1,1
16,4665,1,1,1
17,4665,1,2,1
18,4665,1,1,1
19,4665,1,1,1
20,4665,1,1,1
1,4669,2,2,1
2,4669,2,2,1
3,4669,2,2,1
4,4669,2,2,1
5,4669,2,2,1
6,4669,1,2,1
7,4669,1,1,1
8,4669,2,2,1
9,4669,2,2,2
10,4669,1,2,1
11,4669,1,1,2
12,4669,2,2,1
13,4669,2,2,1
14,4669,2,2,1
15,4669,2,2,2
16,4669,2,2,1
17,4669,2,2,1
18,4669,2,1,2
20,4669,2,1,2
21,4669,2,2,1
1,4672,1,2,1
2,4672,1,2,2
3,4672,2,2,1
4,4672,1,2,2
5,4672,1,2,1
6,4672,1,2,1
7,4672,1,2,1
9,4672,1,1,1
10,4672,1,2,2
11,4672,1,2,2
12,4672,1,1,1
13,4672,1,2,2
14,4672,1,2,2
15,4672,1,2,1
16,4672,1,2,2
17,4672,1,2,2
18,4672,1,2,1
19,4672,1,2,1
20,4672,1,2,2
21,4672,1,2,1
1,4675,1,1,2
2,4675,2,2,1
3,4675,1,2,2
4,4675,1,1,2
5,4675,1,1,1
6,4675,1,1,1
7,4675,1,1,1
8,4675,1,1,2
9,4675,1,1,1
10,4675,1,1,1
11,4675,1,1,2
12,4675,1,1,2
13,4675,1,1,1
14,4675,1,1,1
15,4675,1,1,1
16,4675,1,1,1
18,4675,1,1,1
19,4675,1,1,1
20,4675,1,1,2
21,4675,1,1,2
1,4679,2,1,1
2,4679,2,2,2
4,4679,1,1,1
5,4679,2,1,1
6,4679,1,1,1
7,4679,2,1,1
8,4679,2,1,1
9,4679,1,1,1
10,4679,1,1,1
11,4679,2,1,2
12,4679,2,2,1
13,4679,1,1,1
14,4679,1,1,1
15,4679,1,1,1
16,4679,2,1,1
17,4679,2,1,2
18,4679,2,1,1
19,4679,1,1,1
22,4679,1,1,2
24,4679,1,1,1
1,4682,2,2,2
2,4682,2,2,2
3,4682,2,2,1
4,4682,2,2,1
5,4682,2,2,1
6,4682,2,2,1
7,4682,2,2,2
8,4682,2,2,2
9,4682,1,2,2
10,4682,2,2,1
11,4682,2,2,2
12,4682,2,1,2
13,4682,2,2,1
14,4682,2,2,1
15,4682,1,2,1
16,4682,2,2,1
17,4682,2,2,1
18,4682,2,2,1
19,4682,2,2,2
20,4682,2,1,2
1,4685,1,1,1
2,4685,2,2,1
3,4685,1,1,1
5,4685,1,1,2
6,4685,1,1,1
7,4685,1,1,2
8,4685,1,1,2
9,4685,2,2,1
10,4685,1,1,2
12,4685,2,1,2
13,4685,1,1,1
14,4685,1,1,2
15,4685,2,1,1
16,4685,1,2,2
17,4685,1,1,2
18,4685,2,2,2
19,4685,1,1,1
23,4685,2,1,1
24,4685,1,1,1
25,4685,2,1,2
1,4689,1,1,1
2,4689,2,2,1
3,4689,1,1,1
4,4689,1,1,1
5,4689,1,1,1
6,4689,1,1,2
7,4689,2,1,2
8,4689,1,1,2
9,4689,2,1,1
10,4689,2,2,2
11,4689,2,1,2
12,4689,2,1,2
13,4689,2,1,1
14,4689,2,1,1
15,4689,1,1,1
16,4689,1,1,1
18,4689,2,1,1
19,4689,2,1,1
20,4689,2,2,2
21,4689,1,1,2
1,4692,1,2,1
2,4692,1,2,1
3,4692,2,2,1
4,4692,1,2,2
5,4692,1,1,1
6,4692,1,1,2
7,4692,2,2,2
8,4692,1,2,2
9,4692,1,1,2
10,4692,1,2,2
11,4692,2,2,2
12,4692,2,2,1
13,4692,2,1,2
14,4692,1,1,2
15,4692,1,2,2
16,4692,1,2,1
18,4692,2,2,1
19,4692,1,2,2
20,4692,1,1,2
21,4692,1,1,2
1,4695,1,1,1
2,4695,1,1,1
3,4695,2,1,1
4,4695,1,1,1
5,4695,1,1,1
6,4695,2,1,1
7,4695,1,1,1
8,4695,1,1,1
9,4695,1,1,2
10,4695,1,1,1
11,4695,1,1,1
12,4695,1,1,1
13,4695,1,1,1
14,4695,1,1,1
16,4695,1,1,1
17,4695,1,1,2
18,4695,1,1,1
19,4695,2,1,1
20,4695,1,1,1
22,4695,1,1,1
1,4699,1,1,1
2,4699,1,1,2
3,4699,1,1,2
4,4699,1,1,1
5,4699,1,1,1
6,4699,1,2,2
7,4699,2,2,2
8,4699,1,1,1
9,4699,1,1,1
10,4699,2,2,1
11,4699,1,1,1
12,4699,1,1,1
13,4699,1,1,1
14,4699,1,1,1
15,4699,1,1,1
16,4699,2,2,1
17,4699,1,1,2
18,4699,1,2,2
19,4699,2,2,1
22,4699,1,1,1
1,4702,2,1,2
3,4702,2,1,2
4,4702,2,2,2
5,4702,2,2,1
6,4702,2,1,1
7,4702,2,2,1
8,4702,2,1,2
10,4702,2,2,2
11,4702,2,2,2
12,4702,2,1,2
13,4702,1,1,1
14,4702,2,2,1
15,4702,2,1,1
17,4702,2,2,1
18,4702,2,1,2
20,4702,1,2,1
21,4702,2,1,1
22,4702,2,1,1
23,4702,2,2,2
25,4702,2,2,1
1,4705,2,2,1
2,4705,2,2,1
3,4705,2,2,2
4,4705,2,1,2
5,4705,2,2,1
6,4705,2,1,2
7,4705,2,1,1
8,4705,2,1,1
9,4705,2,1,1
10,4705,2,1,2
11,4705,2,1,1
12,4705,2,1,1
13,4705,2,1,1
14,4705,2,1,1
15,4705,2,1,2
16,4705,2,1,1
17,4705,1,1,1
18,4705,2,1,2
19,4705,2,1,1
20,4705,2,1,1
1,4709,2,2,2
2,4709,2,2,1
3,4709,2,2,1
4,4709,2,1,1
5,4709,2,1,2
6,4709,2,2,2
7,4709,2,2,2
8,4709,2,2,1
9,4709,2,1,1
10,4709,2,2,1
11,4709,2,2,2
12,4709,2,1,2
13,4709,2,1,1
14,4709,2,1,1
15,4709,2,2,1
16,4709,2,1,1
17,4709,2,2,2
18,4709,2,1,2
19,4709,2,2,1
21,4709,2,2,2
1,4712,2,2,2
2,4712,2,1,1
3,4712,2,1,1
4,4712,2,1,1
5,4712,2,1,1
6,4712,2,2,1
7,4712,2,1,1
8,4712,2,1,1
9,4712,2,2,1
10,4712,2,2,2
11,4712,2,2,2
12,4712,2,1,1
13,4712,2,1,1
14,4712,2,1,1
15,4712,2,2,2
16,4712,2,1,2
17,4712,1,1,2
18,4712,2,2,2
19,4712,2,1,1
20,4712,2,1,1
1,4715,2,2,1
2,4715,2,2,2
3,4715,1,1,2
4,4715,2,2,1
5,4715,2,2,1
6,4715,2,2,1
7,4715,2,1,1
8,4715,1,2,2
9,4715,2,2,1
10,4715,2,2,1
11,4715,2,2,1
12,4715,2,1,1
13,4715,1,1,1
14,4715,2,1,2
16,4715,2,2,1
17,4715,1,1,1
18,4715,2,2,1
19,4715,2,1,2
20,4715,2,2,2
21,4715,2,2,2
1,4719,2,1,2
2,4719,2,1,1
4,4719,2,1,2
6,4719,2,1,2
7,4719,2,2,1
8,4719,2,1,1
9,4719,2,1,2
10,4719,2,1,1
11,4719,2,1,1
12,4719,2,1,1
13,4719,2,2,1
14,4719,2,1,1
15,4719,2,1,2
16,4719,2,1,2
17,4719,2,2,2
18,4719,2,1,1
19,4719,2,2,2
20,4719,2,1,1
22,4719,2,1,2
23,4719,2,1,2
1,4722,2,2,2
2,4722,2,1,1
3,4722,2,1,2
4,4722,2,1,1
5,4722,2,2,2
6,4722,2,1,1
7,4722,2,1,1
8,4722,2,1,2
9,4722,2,2,1
10,4722,2,2,1
11,4722,2,1,2
12,4722,2,1,1
16,4722,2,2,2
17,4722,2,2,2
18,4722,2,1,1
19,4722,2,1,2
20,4722,1,2,2
21,4722,2,2,2
22,4722,2,1,2
25,4722,2,1,2
1,4725,2,2,1
2,4725,2,2,1
3,4725,2,2,2
4,4725,2,2,1
5,4725,2,2,1
6,4725,2,2,1
7,4725,2,2,2
8,4725,2,2,1
9,4725,2,2,1
10,4725,2,1,2
11,4725,2,2,1
12,4725,2,1,1
13,4725,2,2,2
14,4725,2,2,2
15,4725,2,2,1
16,4725,2,2,2
17,4725,2,2,1
18,4725,2,2,2
19,4725,2,1,1
24,4725,2,2,2
1,4729,2,2,2
3,4729,2,1,1
4,4729,2,2,2
5,4729,2,2,2
7,4729,2,1,1
10,4729,2,2,2
11,4729,2,1,2
12,4729,2,2,1
13,4729,1,1,1
14,4729,2,1,1
15,4729,2,1,1
16,4729,2,1,1
17,4729,2,1,1
18,4729,2,1,1
19,4729,1,1,2
20,4729,1,2,2
21,4729,1,2,1
22,4729,2,2,1
23,4729,2,2,2
24,4729,2,2,2
1,4732,2,1,2
2,4732,2,2,1
3,4732,2,2,1
4,4732,2,2,2
5,4732,2,1,1
6,4732,2,1,2
7,4732,2,1,1
8,4732,2,2,1
9,4732,2,2,1
10,4732,2,2,2
11,4732,2,1,1
12,4732,1,1,2
13,4732,2,1,1
14,4732,2,2,1
15,4732,2,1,1
16,4732,2,1,1
17,4732,2,2,1
18,4732,2,2,1
19,4732,2,2,1
20,4732,1,1,1
1,4735,2,2,2
2,4735,2,2,2
3,4735,2,2,1
4,4735,2,2,1
5,4735,2,2,1
6,4735,2,2,2
7,4735,2,2,1
8,4735,2,2,1
9,4735,2,2,1
10,4735,1,2,1
11,4735,2,2,1
14,4735,2,2,2
15,4735,1,2,2
16,4735,1,2,2
17,4735,2,2,1
18,4735,2,2,1
19,4735,2,2,1
20,4735,2,2,1
22,4735,2,2,1
23,4735,2,1,2
1,4739,2,1,1
2,4739,2,1,2
3,4739,2,2,1
4,4739,2,1,2
5,4739,2,2,1
7,4739,2,2,1
8,4739,2,2,2
9,4739,2,2,2
10,4739,1,1,1
11,4739,2,2,2
12,4739,2,2,1
13,4739,1,1,1
14,4739,2,2,2
15,4739,1,2,2
16,4739,2,2,1
17,4739,2,2,1
18,4739,2,2,1
19,4739,1,2,1
20,4739,1,1,1
22,4739,2,2,2
1,4742,2,2,2
2,4742,2,2,1
3,4742,2,2,2
4,4742,1,1,2
5,4742,2,2,1
6,4742,2,2,1
7,4742,2,2,2
8,4742,2,2,2
9,4742,2,2,2
10,4742,2,2,1
11,4742,2,2,1
12,4742,2,2,1
13,4742,2,2,2
14,4742,2,2,2
15,4742,2,2,2
16,4742,2,2,2
17,4742,2,2,2
18,4742,2,2,2
19,4742,2,2,2
20,4742,2,2,1
1,4745,1,1,2
2,4745,2,1,2
3,4745,2,1,2
4,4745,2,1,2
5,4745,1,1,1
6,4745,1,1,1
7,4745,2,2,1
8,4745,1,1,1
9,4745,2,1,1
10,4745,1,1,1
11,4745,1,1,1
12,4745,1,1,2
13,4745,1,1,2
14,4745,2,2,1
15,4745,2,1,2
17,4745,1,1,2
18,4745,2,2,2
19,4745,1,1,1
20,4745,1,1,2
21,4745,2,1,1
1,4750,2,2,2
3,4750,1,2,1
5,4750,1,2,1
6,4750,2,2,1
7,4750,1,2,1
8,4750,1,2,2
9,4750,1,2,1
10,4750,1,2,2
11,4750,2,2,1
12,4750,1,2,2
13,4750,2,2,2
14,4750,2,2,1
15,4750,1,1,1
16,4750,1,2,1
17,4750,2,2,1
18,4750,2,2,2
20,4750,2,2,2
22,4750,2,2,2
24,4750,1,2,2
25,4750,2,2,1
1,4752,1,1,2
2,4752,1,1,1
3,4752,1,2,2
4,4752,1,1,2
5,4752,1,1,1
6,4752,1,2,2
8,4752,2,1,2
9,4752,2,1,1
10,4752,2,1,2
11,4752,1,1,1
12,4752,1,2,2
13,4752,1,2,2
14,4752,1,2,2
15,4752,1,1,1
16,4752,1,2,2
17,4752,1,1,2
18,4752,1,1,2
19,4752,1,1,1
20,4752,1,2,2
22,4752,1,2,2
1,4755,1,2,1
2,4755,1,1,1
3,4755,2,1,2
4,4755,2,2,2
5,4755,1,2,1
6,4755,2,2,1
7,4755,1,2,1
8,4755,1,2,1
9,4755,1,1,1
10,4755,1,2,1
11,4755,1,1,1
12,4755,1,2,1
13,4755,1,2,1
14,4755,1,2,1
15,4755,1,2,1
16,4755,1,2,1
17,4755,1,1,2
18,4755,1,1,1
19,4755,1,2,1
20,4755,2,2,1
1,4759,1,2,1
2,4759,2,2,1
3,4759,2,2,1
4,4759,1,2,1
5,4759,1,2,1
6,4759,1,2,1
7,4759,2,2,1
8,4759,1,2,1
9,4759,2,2,1
10,4759,2,2,1
11,4759,2,2,1
12,4759,1,2,2
13,4759,1,2,1
14,4759,1,2,1
15,4759,1,2,1
16,4759,1,2,2
17,4759,1,2,2
18,4759,1,2,1
19,4759,1,2,2
20,4759,1,2,2
1,4762,1,2,2
2,4762,1,2,1
3,4762,1,2,2
4,4762,2,2,2
5,4762,2,2,2
6,4762,1,2,2
9,4762,2,2,2
10,4762,2,2,1
11,4762,1,2,1
12,4762,2,2,2
13,4762,1,2,2
14,4762,1,2,2
15,4762,1,2,2
16,4762,1,2,2
17,4762,2,2,1
18,4762,1,2,1
19,4762,1,1,1
20,4762,2,2,1
21,4762,2,2,2
22,4762,1,2,2
1,4765,1,2,2
2,4765,1,2,2
3,4765,2,2,2
4,4765,1,2,2
5,4765,1,2,1
6,4765,1,2,1
7,4765,2,2,1
8,4765,2,2,1
9,4765,2,2,1
10,4765,2,2,2
11,4765,2,2,2
12,4765,1,2,1
14,4765,1,1,1
15,4765,2,2,1
16,4765,1,2,1
17,4765,1,2,2
20,4765,2,2,1
21,4765,2,2,1
22,4765,2,2,1
23,4765,2,2,2
1,4769,2,2,2
2,4769,2,2,2
3,4769,2,2,1
4,4769,2,2,2
5,4769,2,1,1
6,4769,2,2,1
7,4769,2,1,2
9,4769,2,2,1
10,4769,2,1,1
11,4769,2,2,1
12,4769,2,2,2
13,4769,2,2,2
14,4769,2,2,1
16,4769,2,2,2
17,4769,2,2,2
18,4769,1,2,2
19,4769,2,2,2
21,4769,2,2,2
22,4769,2,2,1
23,4769,2,2,2
1,4772,1,1,1
2,4772,1,1,2
3,4772,2,2,2
4,4772,1,1,2
5,4772,1,1,2
6,4772,1,1,1
7,4772,1,1,2
8,4772,1,1,2
9,4772,1,1,1
10,4772,2,1,1
11,4772,2,2,2
12,4772,1,1,1
13,4772,1,1,2
14,4772,1,1,2
15,4772,1,2,2
16,4772,1,1,2
17,4772,2,2,2
18,4772,1,1,2
19,4772,2,2,1
20,4772,1,1,2
1,4775,1,2,2
2,4775,1,2,1
3,4775,1,2,1
4,4775,1,1,2
5,4775,1,2,2
6,4775,1,2,1
7,4775,2,2,2
8,4775,2,1,2
9,4775,1,2,2
10,4775,1,2,1
11,4775,2,2,2
12,4775,1,2,2
13,4775,1,2,1
14,4775,1,2,2
15,4775,1,2,1
16,4775,1,1,2
17,4775,1,2,2
18,4775,2,2,1
19,4775,1,2,2
20,4775,1,2,2
1,4779,2,2,1
2,4779,1,1,1
3,4779,1,1,1
4,4779,1,1,1
5,4779,1,1,1
6,4779,1,1,1
7,4779,1,1,1
8,4779,1,1,1
9,4779,2,2,2
10,4779,2,1,1
11,4779,1,1,2
12,4779,2,2,1
13,4779,1,1,1
14,4779,1,1,1
15,4779,1,1,2
16,4779,1,1,1
17,4779,1,1,1
18,4779,1,1,1
19,4779,1,1,1
20,4779,1,1,2
1,4782,1,1,2
2,4782,1,1,1
3,4782,1,1,2
4,4782,1,1,2
5,4782,1,1,2
6,4782,1,1,1
7,4782,1,1,1
8,4782,1,1,1
9,4782,1,1,2
10,4782,1,1,1
11,4782,1,1,1
12,4782,1,1,2
13,4782,1,1,2
14,4782,1,1,2
15,4782,1,1,1
16,4782,1,1,2
17,4782,1,1,2
18,4782,1,1,1
19,4782,1,1,2
20,4782,1,1,2
1,4785,1,1,2
2,4785,1,1,2
4,4785,1,1,2
5,4785,1,1,2
6,4785,1,1,1
7,4785,1,1,2
8,4785,1,1,2
10,4785,1,1,2
11,4785,1,1,2
12,4785,1,1,2
13,4785,1,1,2
14,4785,1,1,1
15,4785,1,1,2
16,4785,1,1,2
17,4785,1,1,2
19,4785,1,1,1
20,4785,1,1,1
21,4785,1,1,1
22,4785,1,1,1
23,4785,1,1,1
1,4790,1,1,2
3,4790,1,1,1
4,4790,1,1,1
7,4790,1,1,2
8,4790,1,1,1
9,4790,2,2,1
10,4790,1,2,2
11,4790,1,1,2
12,4790,1,1,1
14,4790,1,1,1
16,4790,1,2,2
17,4790,1,2,2
18,4790,1,1,2
19,4790,1,2,1
20,4790,1,1,2
21,4790,1,2,2
22,4790,1,2,2
23,4790,1,1,2
24,4790,1,1,2
25,4790,1,2,2
1,4792,1,1,2
2,4792,1,1,2
3,4792,1,1,2
4,4792,1,1,1
5,4792,1,1,1
6,4792,1,1,1
7,4792,1,1,1
8,4792,1,1,1
9,4792,1,1,2
10,4792,1,1,2
11,4792,1,1,2
12,4792,1,1,1
13,4792,1,1,1
14,4792,1,1,1
15,4792,1,1,2
16,4792,1,1,2
17,4792,1,1,1
18,4792,1,1,1
19,4792,1,1,1
20,4792,1,1,1
1,4795,1,1,2
2,4795,1,1,1
3,4795,1,1,2
4,4795,1,1,1
5,4795,1,1,1
6,4795,1,1,1
7,4795,1,1,1
8,4795,2,2,2
9,4795,1,1,1
10,4795,1,1,1
11,4795,1,1,1
12,4795,2,1,2
13,4795,1,1,2
14,4795,1,1,2
15,4795,1,1,1
16,4795,1,1,2
17,4795,1,1,1
18,4795,1,1,1
19,4795,1,1,1
20,4795,1,1,1
1,4799,1,1,1
2,4799,1,1,2
3,4799,1,1,1
4,4799,1,1,2
5,4799,1,1,1
6,4799,1,1,2
7,4799,1,1,2
8,4799,1,1,2
9,4799,1,1,1
10,4799,1,1,1
11,4799,1,1,2
12,4799,1,1,1
13,4799,1,1,2
14,4799,1,1,1
15,4799,1,1,1
16,4799,1,1,1
17,4799,1,1,2
18,4799,1,1,1
19,4799,1,1,1
20,4799,1,1,1
1,4802,1,1,2
2,4802,1,1,2
3,4802,1,1,2
4,4802,1,1,2
5,4802,1,1,1
6,4802,1,1,1
7,4802,1,1,1
8,4802,1,1,2
9,4802,1,1,2
10,4802,1,1,2
11,4802,1,1,1
12,4802,1,1,2
13,4802,1,1,2
14,4802,1,1,2
15,4802,1,1,2
16,4802,1,1,2
17,4802,1,1,2
18,4802,1,1,2
19,4802,1,1,2
20,4802,1,1,1
1,4805,1,1,2
2,4805,1,1,2
3,4805,1,1,1
4,4805,1,1,2
5,4805,1,1,2
6,4805,1,1,1
7,4805,2,2,1
8,4805,2,2,2
9,4805,1,1,2
10,4805,1,1,1
11,4805,1,1,2
12,4805,1,1,2
13,4805,1,1,2
14,4805,1,1,1
15,4805,1,1,2
16,4805,1,1,1
17,4805,1,1,1
18,4805,1,1,2
19,4805,1,1,1
20,4805,1,1,2
1,4809,1,1,1
2,4809,1,1,2
3,4809,1,1,2
4,4809,1,1,1
5,4809,1,1,2
6,4809,1,1,2
7,4809,1,1,2
9,4809,1,1,2
10,4809,1,1,2
11,4809,1,1,2
12,4809,1,1,1
13,4809,1,1,2
14,4809,1,1,1
15,4809,1,1,2
16,4809,1,1,2
17,4809,1,1,2
18,4809,1,1,2
19,4809,1,1,2
20,4809,1,1,1
24,4809,1,1,2
1,4812,1,1,1
2,4812,1,1,1
3,4812,1,1,2
4,4812,1,1,2
5,4812,1,1,2
6,4812,1,1,2
7,4812,1,1,2
8,4812,1,1,1
9,4812,1,1,2
10,4812,1,1,2
11,4812,1,1,2
12,4812,1,1,1
13,4812,1,1,2
14,4812,1,1,1
15,4812,1,1,2
16,4812,1,1,1
17,4812,1,1,1
18,4812,1,1,1
19,4812,1,1,2
20,4812,1,1,2
1,4815,1,1,2
2,4815,1,1,2
3,4815,1,1,1
4,4815,1,1,2
5,4815,1,1,1
6,4815,1,1,2
7,4815,1,1,1
8,4815,1,1,1
9,4815,1,1,2
10,4815,1,1,2
11,4815,1,1,1
12,4815,1,1,2
13,4815,1,1,1
14,4815,1,1,1
15,4815,1,1,2
16,4815,1,1,1
17,4815,1,1,1
18,4815,1,1,2
19,4815,1,1,2
20,4815,1,1,1
1,4819,1,1,2
2,4819,1,1,2
3,4819,1,1,2
4,4819,1,1,2
5,4819,1,1,1
6,4819,1,1,2
7,4819,1,1,2
8,4819,1,1,2
9,4819,1,1,2
10,4819,1,1,2
11,4819,1,1,2
12,4819,1,1,1
13,4819,1,1,2
14,4819,1,1,1
15,4819,1,1,2
16,4819,1,1,2
17,4819,1,1,2
18,4819,1,1,1
19,4819,1,1,2
20,4819,1,1,2
1,4822,1,1,1
2,4822,1,1,2
3,4822,1,1,2
4,4822,1,1,2
5,4822,1,1,1
6,4822,1,1,2
7,4822,1,1,1
8,4822,1,1,2
9,4822,1,1,2
10,4822,1,1,2
11,4822,2,2,2
12,4822,1,1,2
13,4822,1,1,2
14,4822,1,1,2
15,4822,1,1,2
16,4822,1,1,2
17,4822,1,1,2
18,4822,1,1,2
19,4822,2,2,2
20,4822,1,2,2
1,4825,1,1,2
4,4825,1,1,2
5,4825,1,1,1
6,4825,1,1,2
7,4825,1,1,2
8,4825,1,2,1
9,4825,1,1,2
10,4825,1,1,2
11,4825,1,1,1
12,4825,1,1,2
13,4825,1,1,1
14,4825,1,1,1
15,4825,1,1,1
16,4825,1,1,2
17,4825,1,1,2
18,4825,1,1,2
19,4825,1,1,2
20,4825,1,1,1
21,4825,1,1,2
23,4825,1,1,2
1,4829,1,2,2
2,4829,1,2,1
3,4829,1,2,2
4,4829,1,2,2
5,4829,1,2,2
6,4829,1,2,2
7,4829,1,2,1
8,4829,1,1,1
9,4829,1,2,2
10,4829,1,2,1
11,4829,1,2,1
12,4829,1,2,2
13,4829,1,2,2
14,4829,1,1,2
15,4829,1,2,2
16,4829,1,1,2
17,4829,1,2,1
18,4829,1,2,1
19,4829,1,2,1
20,4829,1,1,2
1,4832,1,1,2
2,4832,1,1,2
3,4832,1,1,1
4,4832,1,1,2
5,4832,1,1,1
6,4832,1,1,2
7,4832,1,1,2
8,4832,1,1,2
9,4832,2,2,1
10,4832,1,1,2
11,4832,1,1,2
12,4832,1,1,2
13,4832,1,1,2
14,4832,1,2,2
15,4832,2,2,2
16,4832,1,1,1
17,4832,2,2,2
18,4832,1,2,2
19,4832,1,1,2
20,4832,1,1,2
1,4835,1,1,2
2,4835,2,1,2
3,4835,1,2,2
4,4835,2,2,2
5,4835,1,1,2
6,4835,2,1,2
7,4835,1,2,2
8,4835,1,1,2
9,4835,1,2,2
10,4835,2,1,1
11,4835,1,1,2
12,4835,1,1,2
13,4835,1,1,2
14,4835,1,1,2
15,4835,1,1,2
16,4835,1,1,1
17,4835,1,1,2
18,4835,1,1,2
19,4835,2,1,2
20,4835,1,1,1
1,4839,1,2,2
2,4839,1,1,1
3,4839,1,1,2
4,4839,1,1,2
5,4839,1,2,2
6,4839,1,1,2
7,4839,1,1,2
8,4839,1,2,2
9,4839,1,1,2
10,4839,1,1,1
11,4839,1,1,1
12,4839,1,1,2
13,4839,1,1,2
14,4839,1,1,1
15,4839,1,1,1
16,4839,1,1,2
17,4839,1,1,2
18,4839,1,1,2
19,4839,1,1,1
20,4839,1,1,1
1,4842,1,1,2
2,4842,1,1,2
3,4842,1,1,1
4,4842,1,1,2
5,4842,1,1,2
6,4842,1,1,2
7,4842,1,1,2
8,4842,1,1,2
9,4842,2,2,2
10,4842,1,1,1
11,4842,1,1,1
12,4842,1,1,2
13,4842,2,1,1
14,4842,1,1,2
15,4842,2,2,2
16,4842,1,1,2
17,4842,1,1,2
18,4842,2,2,2
19,4842,1,1,2
20,4842,1,1,1
1,4845,1,1,1
2,4845,1,1,2
3,4845,1,1,2
4,4845,1,1,2
6,4845,1,1,2
7,4845,1,1,1
8,4845,1,1,2
10,4845,1,1,1
11,4845,1,1,2
12,4845,1,1,1
13,4845,1,1,1
14,4845,1,1,1
15,4845,1,1,1
16,4845,1,1,2
17,4845,1,1,2
18,4845,1,1,2
19,4845,1,1,2
20,4845,1,1,1
23,4845,1,1,2
25,4845,1,1,1
1,4849,1,1,2
2,4849,1,1,2
3,4849,1,1,2
4,4849,1,1,2
5,4849,1,2,2
6,4849,1,1,2
7,4849,1,1,2
8,4849,1,1,2
9,4849,1,1,2
10,4849,1,2,2
11,4849,1,1,2
12,4849,1,1,2
13,4849,1,1,2
14,4849,1,1,2
15,4849,1,2,2
16,4849,1,2,2
17,4849,1,2,2
18,4849,1,1,2
19,4849,1,1,2
20,4849,1,1,2
1,4852,1,1,2
2,4852,1,1,2
3,4852,1,1,2
4,4852,1,1,2
5,4852,1,1,2
6,4852,1,1,2
7,4852,1,1,2
8,4852,1,1,2
9,4852,1,1,2
10,4852,1,1,2
11,4852,1,1,1
12,4852,1,1,1
13,4852,1,1,2
14,4852,1,1,1
15,4852,1,1,2
16,4852,1,1,2
17,4852,1,1,2
18,4852,1,1,1
19,4852,1,1,2
20,4852,1,1,1
1,4855,1,1,1
2,4855,1,1,1
3,4855,1,1,1
4,4855,1,1,1
5,4855,1,1,2
6,4855,1,1,1
7,4855,1,1,1
8,4855,1,1,1
9,4855,1,1,1
10,4855,1,1,2
11,4855,1,1,1
12,4855,1,1,1
13,4855,1,1,1
14,4855,1,1,1
15,4855,1,1,1
16,4855,1,1,1
17,4855,1,1,2
18,4855,1,1,2
19,4855,1,1,1
20,4855,1,1,1
1,4859,1,1,2
2,4859,1,1,2
3,4859,1,1,2
4,4859,1,1,2
5,4859,1,1,2
6,4859,1,1,2
7,4859,1,1,2
8,4859,1,1,2
9,4859,1,1,2
10,4859,1,1,2
11,4859,1,1,2
12,4859,1,1,1
13,4859,1,1,2
14,4859,1,1,1
15,4859,1,1,2
16,4859,1,1,2
17,4859,1,1,2
18,4859,1,1,2
19,4859,1,1,2
20,4859,1,1,2
1,4862,1,1,2
2,4862,1,1,2
3,4862,1,1,2
4,4862,1,1,2
5,4862,1,1,2
6,4862,1,2,2
7,4862,1,1,2
8,4862,1,1,2
9,4862,2,1,2
10,4862,1,1,2
11,4862,1,1,2
12,4862,1,1,2
13,4862,1,1,2
14,4862,1,1,2
15,4862,1,1,2
16,4862,2,1,2
17,4862,1,1,2
18,4862,1,1,2
19,4862,1,1,2
20,4862,1,1,2
1,4865,1,1,1
2,4865,1,1,1
3,4865,1,1,2
4,4865,1,1,2
5,4865,1,1,2
6,4865,1,1,2
7,4865,1,1,2
8,4865,1,1,2
9,4865,1,1,2
10,4865,1,1,1
11,4865,1,1,2
12,4865,1,1,1
13,4865,1,1,1
14,4865,1,1,1
15,4865,1,1,2
16,4865,1,1,1
17,4865,1,1,2
18,4865,1,1,2
19,4865,1,1,1
20,4865,1,1,2
1,4869,1,1,2
2,4869,1,1,2
3,4869,1,1,1
4,4869,1,1,2
5,4869,1,1,2
6,4869,1,1,2
7,4869,1,1,2
8,4869,1,1,2
9,4869,1,1,1
10,4869,1,1,2
11,4869,1,1,2
12,4869,1,1,1
13,4869,1,1,2
14,4869,1,1,2
15,4869,1,1,2
16,4869,1,1,2
17,4869,1,1,2
18,4869,1,1,2
19,4869,1,1,2
20,4869,1,1,1
1,4872,1,1,2
2,4872,1,1,2
3,4872,1,1,2
4,4872,1,1,1
5,4872,1,2,2
6,4872,1,1,2
7,4872,1,1,2
8,4872,1,1,2
9,4872,1,1,2
10,4872,1,1,2
11,4872,1,1,2
12,4872,1,1,2
13,4872,1,1,2
14,4872,1,1,2
15,4872,1,1,2
16,4872,1,1,2
17,4872,1,1,2
18,4872,1,1,2
19,4872,1,1,2
20,4872,1,1,2
1,4875,1,1,2
2,4875,1,1,2
3,4875,1,1,2
4,4875,1,1,2
5,4875,1,1,2
6,4875,1,1,2
7,4875,1,1,2
8,4875,1,1,2
9,4875,1,1,2
10,4875,1,1,2
11,4875,1,1,2
12,4875,1,1,2
13,4875,1,1,2
14,4875,1,1,2
15,4875,1,1,2
16,4875,1,1,2
17,4875,1,1,2
18,4875,1,1,1
19,4875,1,1,2
20,4875,1,1,2
1,4879,1,1,2
2,4879,1,1,2
3,4879,1,1,2
4,4879,1,1,2
5,4879,1,1,2
6,4879,1,1,2
7,4879,1,1,2
8,4879,1,1,2
9,4879,1,1,2
10,4879,1,1,2
11,4879,1,1,2
12,4879,1,1,2
13,4879,1,1,2
14,4879,1,1,2
15,4879,1,1,2
16,4879,1,1,2
17,4879,1,1,2
18,4879,1,1,2
19,4879,1,1,2
20,4879,1,1,2
1,4882,2,1,2
2,4882,1,1,2
3,4882,1,1,2
4,4882,1,1,2
5,4882,2,1,2
6,4882,1,1,1
7,4882,1,1,1
8,4882,1,1,2
9,4882,1,1,1
10,4882,1,1,1
11,4882,1,1,1
13,4882,1,1,1
14,4882,1,1,1
15,4882,1,1,1
16,4882,1,1,1
17,4882,1,1,2
18,4882,1,1,2
19,4882,2,1,2
20,4882,2,1,1
21,4882,1,1,2
1,4885,1,1,2
2,4885,1,1,2
3,4885,1,1,2
4,4885,1,1,2
5,4885,1,1,2
6,4885,1,1,2
7,4885,1,1,2
8,4885,1,1,2
9,4885,1,1,2
10,4885,1,1,2
11,4885,1,1,2
12,4885,1,1,2
13,4885,1,1,2
14,4885,1,1,2
15,4885,1,1,2
16,4885,1,1,2
17,4885,1,1,1
18,4885,1,1,2
19,4885,1,1,2
20,4885,1,1,2
1,4889,1,1,2
2,4889,1,1,2
3,4889,1,1,2
4,4889,1,1,1
5,4889,1,1,1
6,4889,1,1,1
7,4889,1,1,1
8,4889,1,1,2
9,4889,1,1,1
10,4889,1,1,2
11,4889,1,1,2
12,4889,1,1,2
13,4889,1,1,2
14,4889,1,1,2
15,4889,1,1,1
16,4889,1,1,2
17,4889,1,1,1
18,4889,1,1,1
19,4889,1,1,1
20,4889,1,1,2
1,4892,1,1,1
2,4892,1,1,1
3,4892,1,1,2
4,4892,1,1,1
5,4892,1,1,1
6,4892,1,1,2
7,4892,1,1,1
8,4892,1,1,1
9,4892,1,1,2
10,4892,1,1,1
11,4892,1,1,2
12,4892,1,1,1
13,4892,1,1,1
14,4892,1,1,1
15,4892,1,1,1
16,4892,1,2,1
17,4892,1,1,1
18,4892,1,1,1
19,4892,1,1,1
20,4892,1,1,2
1,4895,1,1,2
2,4895,2,1,2
3,4895,1,1,2
4,4895,1,1,2
5,4895,1,1,2
6,4895,1,1,1
7,4895,1,1,1
8,4895,1,1,1
9,4895,1,1,2
10,4895,1,1,2
11,4895,1,1,2
12,4895,1,1,2
13,4895,1,1,2
14,4895,1,1,2
15,4895,1,1,2
16,4895,1,1,2
17,4895,1,1,2
18,4895,1,1,2
19,4895,1,1,2
20,4895,1,1,2
1,4899,1,1,2
2,4899,1,1,2
3,4899,1,1,1
4,4899,1,1,2
5,4899,1,1,1
6,4899,1,1,1
7,4899,1,1,2
8,4899,1,1,1
9,4899,1,1,1
10,4899,1,1,1
11,4899,1,1,2
12,4899,1,1,2
13,4899,1,1,2
14,4899,1,1,2
15,4899,1,1,1
16,4899,1,1,1
17,4899,1,1,1
18,4899,1,1,1
19,4899,1,1,2
20,4899,1,1,1
1,4902,1,1,1
2,4902,1,1,1
3,4902,1,1,2
4,4902,1,1,2
5,4902,1,1,2
6,4902,1,1,1
7,4902,1,1,2
8,4902,1,1,2
9,4902,1,1,2
10,4902,1,1,1
11,4902,1,1,1
12,4902,1,1,1
13,4902,1,1,2
14,4902,1,1,2
15,4902,1,1,1
16,4902,1,1,2
17,4902,1,1,2
18,4902,1,1,1
19,4902,1,1,1
20,4902,1,1,1
1,4905,1,1,2
2,4905,1,1,2
3,4905,1,1,2
4,4905,1,1,2
5,4905,1,1,2
6,4905,1,1,2
7,4905,1,1,2
8,4905,1,1,2
9,4905,1,1,2
10,4905,1,1,2
11,4905,1,1,2
12,4905,1,1,2
13,4905,1,1,2
14,4905,1,1,2
15,4905,1,1,2
16,4905,1,1,2
17,4905,1,1,1
18,4905,1,1,2
19,4905,1,1,2
20,4905,1,1,2
1,4909,1,1,1
2,4909,1,1,2
3,4909,1,1,2
4,4909,1,1,2
5,4909,1,1,2
6,4909,1,1,2
7,4909,1,1,2
8,4909,1,1,2
9,4909,1,1,1
10,4909,1,1,2
11,4909,1,1,2
12,4909,1,1,2
13,4909,1,1,2
14,4909,1,1,2
15,4909,1,1,1
16,4909,1,1,1
17,4909,1,1,2
18,4909,1,1,2
19,4909,1,1,2
20,4909,1,1,1
1,4912,1,1,2
2,4912,1,1,2
3,4912,1,1,1
4,4912,1,1,2
5,4912,1,1,2
6,4912,1,1,2
7,4912,1,1,2
8,4912,1,1,2
9,4912,1,1,2
10,4912,1,1,2
11,4912,1,1,2
12,4912,1,1,2
13,4912,1,1,2
14,4912,1,1,2
16,4912,1,1,2
17,4912,1,1,2
18,4912,1,1,2
19,4912,1,1,2
20,4912,1,1,2
21,4912,1,1,1
1,4915,1,1,2
2,4915,1,2,2
3,4915,1,1,2
4,4915,1,1,2
5,4915,1,1,1
6,4915,1,1,2
7,4915,1,1,2
8,4915,1,1,2
9,4915,1,1,2
10,4915,1,1,2
11,4915,1,1,2
12,4915,1,1,2
13,4915,1,1,2
14,4915,1,1,2
15,4915,1,1,2
16,4915,1,1,2
17,4915,1,1,2
18,4915,1,1,2
19,4915,1,1,2
20,4915,1,1,2
1,4919,1,1,2
2,4919,1,1,2
3,4919,1,1,2
4,4919,1,1,2
5,4919,1,1,2
6,4919,1,1,2
7,4919,1,1,2
8,4919,1,1,2
9,4919,1,1,2
10,4919,1,1,2
11,4919,1,1,2
12,4919,1,1,2
13,4919,1,1,2
14,4919,1,1,2
15,4919,1,1,2
16,4919,1,1,2
17,4919,1,1,2
18,4919,1,1,2
19,4919,1,1,2
20,4919,1,1,2
1,4922,1,1,1
2,4922,1,1,2
3,4922,1,1,2
4,4922,1,1,2
5,4922,1,1,1
6,4922,1,1,1
7,4922,1,1,2
8,4922,1,1,1
9,4922,1,1,2
10,4922,1,1,1
11,4922,1,1,2
12,4922,1,1,2
13,4922,1,1,2
14,4922,1,1,2
15,4922,1,1,2
16,4922,1,1,2
17,4922,1,1,2
18,4922,1,1,2
19,4922,1,1,2
20,4922,1,1,2
1,4925,1,1,2
2,4925,1,1,2
3,4925,1,1,2
4,4925,1,1,1
5,4925,1,1,2
6,4925,1,1,1
7,4925,1,1,1
8,4925,1,1,2
9,4925,1,1,2
10,4925,1,1,2
11,4925,1,1,1
12,4925,1,1,1
13,4925,1,1,1
14,4925,1,1,2
15,4925,1,1,2
16,4925,2,2,2
17,4925,1,1,1
18,4925,2,2,2
19,4925,1,1,2
20,4925,1,1,2
1,4929,1,1,2
2,4929,1,1,1
3,4929,1,1,2
4,4929,1,1,1
5,4929,1,1,2
6,4929,1,1,1
7,4929,1,1,1
8,4929,1,1,1
9,4929,1,1,1
10,4929,1,1,2
11,4929,2,2,2
12,4929,1,1,2
13,4929,1,1,1
14,4929,1,1,2
15,4929,1,1,1
16,4929,1,1,1
17,4929,1,1,1
18,4929,1,1,1
19,4929,2,1,1
20,4929,1,1,2
1,4932,1,1,1
2,4932,1,1,1
3,4932,1,1,1
4,4932,1,1,1
5,4932,1,1,1
6,4932,1,1,2
7,4932,1,1,1
8,4932,1,1,1
10,4932,1,1,2
11,4932,1,1,1
12,4932,1,1,2
13,4932,1,1,1
14,4932,1,1,1
15,4932,1,1,1
16,4932,1,1,1
17,4932,1,1,1
18,4932,1,1,2
19,4932,1,1,1
20,4932,2,2,1
22,4932,1,1,1
1,4935,1,1,1
2,4935,2,1,1
3,4935,1,1,2
4,4935,1,2,2
5,4935,1,1,2
6,4935,1,2,2
7,4935,1,2,2
8,4935,1,1,1
9,4935,1,1,1
10,4935,1,1,2
11,4935,1,1,2
12,4935,2,1,1
13,4935,1,1,1
14,4935,1,1,1
15,4935,1,2,2
16,4935,1,1,1
17,4935,1,1,1
18,4935,1,1,1
19,4935,1,1,1
20,4935,1,1,1
1,4939,1,1,2
2,4939,1,2,2
3,4939,1,1,2
4,4939,1,2,2
5,4939,1,1,2
6,4939,1,2,2
7,4939,1,2,2
8,4939,1,2,2
9,4939,1,1,2
10,4939,1,2,2
11,4939,1,2,2
12,4939,1,1,2
13,4939,1,1,1
14,4939,1,2,1
15,4939,1,1,1
16,4939,1,2,2
17,4939,1,1,2
18,4939,1,2,1
19,4939,1,2,2
20,4939,1,1,1
1,4942,1,1,2
2,4942,1,1,2
3,4942,1,1,2
4,4942,1,1,2
5,4942,2,2,2
6,4942,1,1,1
7,4942,1,1,2
8,4942,1,1,2
9,4942,1,1,2
10,4942,1,1,2
11,4942,1,1,2
12,4942,1,1,2
13,4942,1,1,2
14,4942,1,1,2
15,4942,1,1,2
16,4942,1,1,2
17,4942,1,1,2
18,4942,1,1,2
19,4942,1,1,2
20,4942,1,2,2
1,4944,1,1,2
2,4944,1,1,2
3,4944,1,1,2
4,4944,1,1,2
5,4944,1,2,2
6,4944,1,1,1
7,4944,2,2,2
8,4944,1,1,2
9,4944,1,1,2
10,4944,1,1,2
11,4944,1,1,2
12,4944,1,1,1
13,4944,1,1,1
14,4944,1,1,2
15,4944,1,1,2
16,4944,1,1,1
17,4944,1,1,2
18,4944,1,1,2
19,4944,1,1,2
20,4944,1,1,2
1,4949,1,1,2
2,4949,1,1,2
3,4949,1,1,2
4,4949,1,1,2
5,4949,1,1,2
6,4949,1,1,2
7,4949,1,1,1
8,4949,1,1,2
9,4949,1,1,2
10,4949,1,1,1
11,4949,1,1,2
12,4949,2,2,1
13,4949,1,1,2
14,4949,1,1,2
15,4949,1,1,2
16,4949,1,1,2
17,4949,1,1,2
18,4949,2,2,1
19,4949,1,1,2
20,4949,2,1,2
1,4952,2,1,1
2,4952,2,1,1
3,4952,1,1,1
4,4952,1,1,2
5,4952,1,1,2
6,4952,1,1,1
7,4952,1,1,1
8,4952,1,1,2
9,4952,1,1,1
10,4952,2,1,2
11,4952,1,1,1
12,4952,2,1,1
13,4952,2,1,1
14,4952,2,1,1
15,4952,1,1,1
16,4952,1,1,1
17,4952,1,1,1
18,4952,1,1,2
19,4952,1,1,2
20,4952,1,1,1
1,4955,1,1,2
2,4955,2,1,1
3,4955,1,1,1
4,4955,1,1,2
5,4955,1,1,2
6,4955,1,1,2
7,4955,1,1,2
8,4955,1,1,2
9,4955,1,1,2
10,4955,1,1,2
11,4955,1,1,2
12,4955,1,1,2
13,4955,1,1,2
14,4955,1,1,2
15,4955,1,1,2
16,4955,1,1,2
17,4955,1,1,2
18,4955,1,1,2
19,4955,1,1,2
20,4955,1,1,2
1,4959,1,1,2
2,4959,1,1,1
3,4959,1,1,2
4,4959,1,1,1
5,4959,1,1,2
6,4959,1,1,1
7,4959,1,1,2
8,4959,1,1,2
9,4959,1,1,2
10,4959,1,1,1
11,4959,1,1,1
12,4959,1,1,2
13,4959,1,1,2
14,4959,1,1,2
15,4959,1,1,1
16,4959,1,1,1
17,4959,1,1,1
18,4959,1,1,1
20,4959,1,1,1
21,4959,1,1,1
2,4962,2,1,1
3,4962,1,1,1
4,4962,2,1,1
5,4962,2,1,2
6,4962,2,1,2
7,4962,2,1,2
8,4962,1,1,2
9,4962,1,1,1
10,4962,1,1,1
12,4962,2,1,1
13,4962,1,1,2
14,4962,2,1,1
15,4962,2,1,1
16,4962,1,1,1
17,4962,1,1,2
18,4962,1,1,1
19,4962,2,1,1
20,4962,1,1,1
21,4962,1,1,1
23,4962,2,1,1
1,4965,2,1,1
2,4965,2,1,1
3,4965,2,1,1
4,4965,2,1,1
5,4965,2,1,2
6,4965,1,1,1
7,4965,2,1,1
8,4965,1,1,1
9,4965,1,1,2
10,4965,2,1,1
11,4965,2,1,1
12,4965,1,1,1
13,4965,2,1,1
14,4965,2,1,1
15,4965,1,1,1
16,4965,2,1,1
17,4965,2,1,1
18,4965,2,1,1
19,4965,2,1,1
22,4965,1,1,1
1,4969,1,1,2
2,4969,1,1,2
3,4969,1,2,2
4,4969,1,2,1
5,4969,2,1,2
6,4969,1,1,1
7,4969,2,2,2
8,4969,1,1,2
9,4969,1,1,2
10,4969,2,2,2
11,4969,2,2,2
12,4969,1,1,1
13,4969,2,2,1
14,4969,1,2,2
15,4969,1,1,2
16,4969,1,2,1
17,4969,1,2,2
18,4969,1,1,2
19,4969,2,2,1
20,4969,1,2,2
1,4972,1,1,2
2,4972,1,2,2
3,4972,1,1,1
4,4972,1,1,1
5,4972,1,2,2
6,4972,2,2,1
7,4972,1,2,1
8,4972,1,2,1
9,4972,2,2,1
10,4972,1,2,2
11,4972,2,2,1
12,4972,2,2,1
13,4972,1,2,2
14,4972,2,2,1
15,4972,2,2,1
16,4972,2,2,2
17,4972,2,2,1
18,4972,2,2,1
19,4972,2,2,1
20,4972,2,1,1
1,4975,1,1,1
2,4975,1,1,1
3,4975,1,1,1
4,4975,1,2,1
5,4975,1,1,1
6,4975,2,1,2
7,4975,1,1,1
8,4975,1,2,2
9,4975,1,2,2
10,4975,1,2,1
11,4975,1,2,1
12,4975,1,2,2
13,4975,1,2,1
14,4975,1,2,1
15,4975,1,2,2
16,4975,1,1,2
17,4975,1,2,2
18,4975,1,2,1
19,4975,1,2,1
20,4975,1,2,1
1,4979,1,1,1
2,4979,1,1,1
3,4979,1,1,1
4,4979,2,2,1
5,4979,1,1,2
6,4979,1,1,1
7,4979,1,1,1
8,4979,1,1,2
9,4979,1,1,1
10,4979,1,1,1
11,4979,1,1,1
12,4979,1,1,1
13,4979,1,1,2
14,4979,1,1,1
15,4979,1,1,2
16,4979,1,1,2
17,4979,2,2,2
18,4979,2,2,1
19,4979,1,1,1
20,4979,1,1,1
1,4982,1,1,2
2,4982,1,1,1
3,4982,1,1,2
4,4982,1,1,2
5,4982,1,1,2
6,4982,1,1,2
7,4982,1,1,2
8,4982,1,1,2
9,4982,1,1,2
10,4982,1,1,2
11,4982,1,1,2
12,4982,1,1,2
13,4982,1,1,2
14,4982,1,1,1
15,4982,1,1,2
16,4982,1,1,1
17,4982,1,1,1
18,4982,1,1,2
19,4982,1,1,2
20,4982,2,1,1
1,4985,2,2,1
2,4985,2,1,2
3,4985,2,1,2
4,4985,2,1,1
6,4985,2,1,1
7,4985,2,1,1
8,4985,2,1,2
9,4985,1,1,1
10,4985,1,1,2
11,4985,2,1,1
12,4985,1,1,1
13,4985,2,2,1
14,4985,1,1,2
15,4985,1,1,1
16,4985,2,1,1
17,4985,1,1,1
18,4985,2,1,1
19,4985,1,1,1
20,4985,2,2,1
21,4985,2,2,2
1,4989,1,1,1
2,4989,2,1,2
3,4989,1,1,2
4,4989,1,1,2
5,4989,1,1,1
6,4989,1,1,2
7,4989,1,1,2
8,4989,1,1,2
9,4989,1,1,2
10,4989,2,1,2
11,4989,1,1,2
12,4989,1,1,2
13,4989,1,1,2
14,4989,1,1,2
15,4989,1,1,2
16,4989,2,2,2
17,4989,1,1,2
18,4989,1,1,2
19,4989,1,1,2
20,4989,2,1,2
1,4992,1,1,1
2,4992,1,2,2
3,4992,1,2,2
5,4992,2,1,1
6,4992,1,1,1
7,4992,1,1,2
8,4992,1,1,1
9,4992,1,1,1
10,4992,1,1,1
11,4992,1,1,1
12,4992,1,1,1
13,4992,1,1,2
14,4992,1,1,1
15,4992,1,2,2
16,4992,1,1,2
17,4992,1,1,2
18,4992,1,1,2
19,4992,1,1,2
20,4992,1,1,2
21,4992,2,1,2
1,4995,1,1,2
2,4995,1,1,1
3,4995,1,1,2
4,4995,1,1,1
5,4995,1,1,2
6,4995,1,1,2
7,4995,1,1,2
10,4995,1,1,2
11,4995,1,1,2
12,4995,2,1,1
13,4995,1,1,2
14,4995,1,1,2
15,4995,1,1,2
16,4995,2,1,2
17,4995,1,1,2
18,4995,1,1,2
19,4995,2,1,2
20,4995,1,1,2
21,4995,1,1,1
24,4995,2,1,2
1,4999,2,1,1
2,4999,1,1,1
3,4999,1,2,1
4,4999,2,1,2
5,4999,1,1,2
6,4999,2,1,1
7,4999,1,1,2
8,4999,1,1,1
9,4999,1,1,1
10,4999,2,1,2
11,4999,1,1,1
12,4999,1,1,1
13,4999,2,1,2
14,4999,1,1,1
15,4999,2,1,2
16,4999,1,1,2
17,4999,2,2,1
18,4999,2,1,2
19,4999,1,1,1
20,4999,2,1,1
