nh,clust,Amount_spend_on_self_help_project
1,4002,0
2,4002,0
3,4002,4000
4,4002,0
5,4002,20000
6,4002,0
7,4002,0
8,4002,22000
9,4002,22000
10,4002,10000
11,4002,0
12,4002,20000
13,4002,0
14,4002,0
15,4002,0
16,4002,0
17,4002,0
18,4002,0
19,4002,0
20,4002,0
1,4005,0
2,4005,3000
3,4005,0
4,4005,10000
5,4005,0
6,4005,10000
7,4005,3000
8,4005,3000
9,4005,25000
10,4005,0
11,4005,25000
12,4005,0
13,4005,60000
14,4005,3e+05
15,4005,5000
16,4005,10000
17,4005,30000
18,4005,1000
19,4005,10000
20,4005,15000
1,4009,4000
2,4009,0
3,4009,2000
4,4009,4000
5,4009,0
6,4009,8000
7,4009,15000
8,4009,8000
9,4009,4000
11,4009,30000
12,4009,10000
13,4009,4000
14,4009,4000
15,4009,4500
16,4009,0
17,4009,0
18,4009,0
19,4009,4000
20,4009,20000
21,4009,0
1,4012,1000
2,4012,1000
3,4012,5000
5,4012,5000
6,4012,25000
7,4012,0
8,4012,10000
9,4012,1000
10,4012,14200
11,4012,1200
12,4012,12000
13,4012,21000
14,4012,6000
15,4012,1400
16,4012,4000
17,4012,6000
18,4012,14000
19,4012,20000
20,4012,1200
1,4015,0
2,4015,22000
3,4015,0
4,4015,0
5,4015,0
6,4015,0
7,4015,0
10,4015,0
11,4015,0
12,4015,0
13,4015,0
14,4015,0
15,4015,0
16,4015,0
17,4015,12000
18,4015,0
19,4015,0
20,4015,2000
21,4015,0
23,4015,0
1,4019,6000
2,4019,2000
3,4019,0
4,4019,6000
5,4019,5000
6,4019,5000
7,4019,6000
8,4019,0
9,4019,6000
10,4019,10000
11,4019,3000
12,4019,3000
13,4019,5000
14,4019,0
15,4019,10000
16,4019,6000
17,4019,6000
18,4019,6000
19,4019,6000
20,4019,14000
1,4022,2000
2,4022,0
3,4022,2000
4,4022,2000
5,4022,4000
6,4022,2000
7,4022,4000
8,4022,2000
9,4022,0
10,4022,4000
11,4022,4000
12,4022,4000
13,4022,2000
14,4022,2000
15,4022,4000
16,4022,2000
17,4022,2000
18,4022,2000
19,4022,4000
20,4022,2000
1,4025,5000
2,4025,10000
3,4025,0
4,4025,2400
5,4025,15000
6,4025,20000
7,4025,20000
8,4025,5000
9,4025,10000
10,4025,10000
11,4025,10000
12,4025,2000
13,4025,0
14,4025,10000
15,4025,0
16,4025,0
17,4025,10000
18,4025,20000
19,4025,0
20,4025,10000
1,4029,0
2,4029,0
3,4029,0
4,4029,0
5,4029,0
6,4029,0
7,4029,0
8,4029,0
9,4029,0
10,4029,0
11,4029,0
12,4029,0
13,4029,0
14,4029,0
15,4029,0
16,4029,0
17,4029,0
18,4029,0
19,4029,0
20,4029,0
1,4032,0
2,4032,4000
3,4032,4000
4,4032,4000
5,4032,4000
6,4032,2000
7,4032,2000
8,4032,2000
9,4032,4000
10,4032,4000
11,4032,1000
12,4032,2000
13,4032,0
14,4032,4000
15,4032,4000
16,4032,0
17,4032,0
18,4032,0
19,4032,0
20,4032,2000
1,4035,6000
2,4035,6000
3,4035,6000
4,4035,6000
5,4035,0
6,4035,6000
7,4035,6000
8,4035,6000
9,4035,6000
10,4035,6000
11,4035,6000
12,4035,6000
13,4035,14000
14,4035,6000
15,4035,6000
16,4035,0
17,4035,0
18,4035,0
19,4035,30000
20,4035,0
1,4039,10400
2,4039,12000
3,4039,10000
4,4039,10000
5,4039,10000
6,4039,7000
7,4039,30000
8,4039,12000
9,4039,4000
10,4039,9000
11,4039,10000
12,4039,10000
13,4039,10000
14,4039,30000
15,4039,0
16,4039,8000
17,4039,5000
18,4039,10000
19,4039,20000
20,4039,10000
1,4042,4500
2,4042,6000
3,4042,6000
4,4042,2000
5,4042,8000
6,4042,6000
7,4042,2500
9,4042,2000
10,4042,10000
11,4042,6000
12,4042,1e+05
13,4042,1000
14,4042,0
15,4042,1000
16,4042,1500
17,4042,0
18,4042,10000
19,4042,65000
20,4042,0
21,4042,2000
1,4044,0
2,4044,0
3,4044,0
4,4044,0
5,4044,0
6,4044,0
7,4044,0
8,4044,0
9,4044,0
10,4044,0
11,4044,0
12,4044,0
13,4044,0
14,4044,0
15,4044,0
16,4044,0
17,4044,0
18,4044,0
19,4044,0
20,4044,0
1,4049,0
2,4049,0
3,4049,0
4,4049,0
5,4049,0
6,4049,0
7,4049,0
8,4049,0
9,4049,10000
10,4049,0
11,4049,0
12,4049,0
13,4049,0
14,4049,0
15,4049,0
16,4049,0
17,4049,0
18,4049,0
19,4049,0
20,4049,0
1,4052,0
2,4052,0
3,4052,0
4,4052,0
5,4052,0
6,4052,0
7,4052,0
8,4052,0
9,4052,5e+05
10,4052,0
11,4052,0
12,4052,0
13,4052,0
14,4052,0
15,4052,0
16,4052,0
17,4052,0
18,4052,0
19,4052,0
20,4052,0
1,4055,0
2,4055,0
3,4055,0
4,4055,0
5,4055,0
6,4055,0
7,4055,0
8,4055,0
9,4055,0
10,4055,0
11,4055,0
12,4055,0
13,4055,0
14,4055,0
15,4055,0
17,4055,0
18,4055,0
19,4055,0
20,4055,0
25,4055,0
1,4059,0
2,4059,0
3,4059,64000
4,4059,0
5,4059,0
6,4059,7200
7,4059,0
8,4059,6000
9,4059,48000
10,4059,10000
11,4059,60000
12,4059,0
13,4059,0
14,4059,0
15,4059,0
16,4059,104000
17,4059,12000
18,4059,0
19,4059,12000
20,4059,6000
1,4062,0
2,4062,0
3,4062,0
4,4062,0
5,4062,0
6,4062,0
7,4062,0
8,4062,10000
9,4062,0
10,4062,0
11,4062,0
12,4062,0
13,4062,0
14,4062,0
15,4062,0
16,4062,0
17,4062,0
18,4062,0
19,4062,0
20,4062,0
1,4065,0
2,4065,0
3,4065,0
5,4065,0
6,4065,0
7,4065,0
8,4065,0
9,4065,0
10,4065,0
11,4065,0
13,4065,0
14,4065,0
15,4065,0
16,4065,0
17,4065,0
18,4065,0
19,4065,0
20,4065,0
21,4065,0
23,4065,0
1,4069,0
2,4069,0
3,4069,0
4,4069,0
5,4069,0
6,4069,0
7,4069,0
8,4069,0
9,4069,0
10,4069,0
11,4069,0
12,4069,0
13,4069,0
14,4069,0
15,4069,0
16,4069,0
17,4069,0
18,4069,0
19,4069,0
20,4069,0
1,4072,50000
2,4072,0
3,4072,0
4,4072,0
5,4072,5000
7,4072,0
8,4072,6000
9,4072,10000
10,4072,0
11,4072,0
12,4072,7000
13,4072,0
14,4072,0
15,4072,0
16,4072,0
17,4072,0
18,4072,0
19,4072,0
20,4072,5000
21,4072,0
1,4075,0
2,4075,0
3,4075,0
4,4075,10000
5,4075,24000
6,4075,0
7,4075,0
8,4075,0
9,4075,0
10,4075,0
11,4075,15000
12,4075,2e+05
13,4075,0
14,4075,0
15,4075,10000
16,4075,0
18,4075,6000
19,4075,5000
20,4075,0
22,4075,0
1,4079,4000
2,4079,10000
3,4079,15000
4,4079,10000
5,4079,10000
6,4079,20000
7,4079,25000
8,4079,5000
9,4079,15000
10,4079,2000
11,4079,30000
12,4079,10000
13,4079,0
14,4079,10000
15,4079,10000
16,4079,7000
17,4079,0
18,4079,50000
19,4079,10000
20,4079,7400
1,4081,0
2,4081,0
3,4081,0
4,4081,0
5,4081,0
6,4081,0
7,4081,0
8,4081,0
9,4081,0
10,4081,0
11,4081,0
12,4081,0
13,4081,0
14,4081,0
15,4081,0
16,4081,0
17,4081,0
18,4081,0
19,4081,0
20,4081,0
1,4084,0
2,4084,0
3,4084,11000
4,4084,0
5,4084,0
6,4084,0
7,4084,0
8,4084,0
9,4084,0
10,4084,10000
11,4084,8000
12,4084,0
13,4084,0
14,4084,0
15,4084,0
16,4084,0
17,4084,0
18,4084,0
19,4084,0
20,4084,0
1,4089,0
2,4089,0
3,4089,0
4,4089,0
5,4089,0
6,4089,0
7,4089,0
8,4089,0
9,4089,0
10,4089,0
11,4089,0
12,4089,0
13,4089,0
14,4089,0
15,4089,0
16,4089,0
17,4089,0
18,4089,0
19,4089,0
20,4089,0
1,4092,1500
2,4092,1000
3,4092,500
4,4092,0
5,4092,6000
6,4092,2000
7,4092,1000
8,4092,3000
9,4092,2000
10,4092,2500
11,4092,3000
12,4092,2500
13,4092,5000
14,4092,2000
15,4092,0
16,4092,1000
17,4092,0
18,4092,3000
19,4092,0
20,4092,1000
1,4095,2000
2,4095,5000
3,4095,0
4,4095,0
5,4095,0
6,4095,0
7,4095,3000
8,4095,1500
9,4095,6000
10,4095,5000
11,4095,2500
12,4095,8000
13,4095,1500
14,4095,0
15,4095,2000
16,4095,4500
17,4095,3500
18,4095,8500
19,4095,0
20,4095,4000
1,4099,0
2,4099,1500
3,4099,3000
4,4099,1000
5,4099,3000
6,4099,5000
7,4099,0
8,4099,2000
9,4099,4000
10,4099,10000
11,4099,5000
12,4099,15000
13,4099,4000
14,4099,3000
15,4099,3000
16,4099,1000
17,4099,0
18,4099,1000
19,4099,5000
20,4099,4000
1,4102,0
2,4102,0
3,4102,0
4,4102,0
5,4102,2000
6,4102,45000
7,4102,0
8,4102,0
9,4102,0
10,4102,2000
11,4102,4500
12,4102,20000
14,4102,4500
15,4102,0
16,4102,0
17,4102,4500
18,4102,1500
19,4102,10000
20,4102,4500
21,4102,2000
1,4105,0
2,4105,0
3,4105,20000
4,4105,4000
5,4105,6000
6,4105,0
7,4105,20000
8,4105,0
9,4105,2000
10,4105,0
11,4105,200
13,4105,0
14,4105,1000
16,4105,0
17,4105,0
18,4105,0
19,4105,16994500
20,4105,1000
21,4105,2000
22,4105,2000
1,4109,0
2,4109,0
3,4109,0
4,4109,0
5,4109,0
6,4109,0
7,4109,0
8,4109,0
9,4109,0
10,4109,0
11,4109,0
12,4109,0
13,4109,0
14,4109,0
15,4109,0
16,4109,0
17,4109,0
18,4109,0
19,4109,0
20,4109,0
1,4112,0
2,4112,0
3,4112,40000
4,4112,0
5,4112,0
6,4112,0
7,4112,0
8,4112,0
9,4112,1e+05
10,4112,0
11,4112,0
12,4112,0
13,4112,0
14,4112,0
15,4112,0
16,4112,8000
17,4112,20000
18,4112,0
19,4112,0
20,4112,0
1,4115,0
2,4115,0
3,4115,0
4,4115,0
5,4115,0
6,4115,0
7,4115,0
8,4115,0
9,4115,0
10,4115,0
11,4115,0
12,4115,0
13,4115,0
14,4115,0
15,4115,0
16,4115,0
17,4115,0
18,4115,0
19,4115,0
20,4115,0
1,4119,0
2,4119,0
3,4119,0
4,4119,0
5,4119,0
6,4119,0
7,4119,0
8,4119,0
9,4119,0
10,4119,0
11,4119,0
12,4119,0
13,4119,0
14,4119,0
15,4119,20000
16,4119,0
17,4119,0
18,4119,0
19,4119,1000
20,4119,0
1,4122,0
2,4122,0
3,4122,0
4,4122,0
5,4122,0
6,4122,0
7,4122,0
8,4122,0
9,4122,0
10,4122,0
11,4122,0
12,4122,0
13,4122,0
14,4122,0
15,4122,0
16,4122,0
17,4122,0
18,4122,0
19,4122,0
20,4122,0
1,4125,0
2,4125,0
3,4125,2000
4,4125,1000
5,4125,0
6,4125,0
7,4125,0
8,4125,0
9,4125,0
10,4125,0
11,4125,2000
12,4125,1000
13,4125,4000
14,4125,6000
15,4125,1000
16,4125,1000
17,4125,0
18,4125,1000
19,4125,1500
20,4125,1500
1,4129,4000
2,4129,4000
3,4129,16000
4,4129,0
5,4129,0
6,4129,1000
7,4129,1500
8,4129,2000
9,4129,3500
10,4129,10000
11,4129,0
12,4129,0
13,4129,4000
14,4129,600
15,4129,1000
16,4129,3000
17,4129,15000
18,4129,1000
19,4129,2000
20,4129,2000
1,4132,0
2,4132,5000
3,4132,0
4,4132,0
5,4132,0
6,4132,0
7,4132,0
8,4132,0
9,4132,0
10,4132,0
11,4132,0
12,4132,0
13,4132,0
14,4132,0
15,4132,0
16,4132,0
17,4132,0
18,4132,0
19,4132,1000
20,4132,0
1,4134,8000
2,4134,0
3,4134,0
4,4134,0
5,4134,4000
6,4134,0
7,4134,0
8,4134,0
9,4134,0
10,4134,12000
11,4134,0
12,4134,0
13,4134,0
14,4134,0
15,4134,10000
16,4134,10000
17,4134,0
18,4134,0
19,4134,0
20,4134,0
1,4139,0
2,4139,1000
3,4139,2000
4,4139,10000
5,4139,0
6,4139,2000
7,4139,0
8,4139,2000
9,4139,2000
10,4139,4000
11,4139,2000
12,4139,10000
13,4139,6000
14,4139,4000
15,4139,2000
16,4139,7000
17,4139,15000
18,4139,0
19,4139,65000
20,4139,2000
2,4142,0
3,4142,0
5,4142,140000
6,4142,0
7,4142,50000
8,4142,40000
9,4142,0
10,4142,0
11,4142,40000
12,4142,0
13,4142,0
14,4142,50000
15,4142,50000
16,4142,0
17,4142,60000
18,4142,20000
19,4142,0
20,4142,8000
21,4142,0
22,4142,60000
1,4145,0
2,4145,60000
3,4145,0
4,4145,6000
5,4145,0
6,4145,0
7,4145,0
8,4145,30000
9,4145,0
10,4145,26000
11,4145,0
12,4145,0
13,4145,0
14,4145,0
15,4145,0
16,4145,0
17,4145,0
18,4145,5000
19,4145,0
20,4145,0
1,4149,0
2,4149,0
3,4149,0
5,4149,0
6,4149,0
7,4149,0
8,4149,0
9,4149,0
10,4149,0
11,4149,0
12,4149,0
13,4149,0
15,4149,0
16,4149,0
17,4149,0
18,4149,0
19,4149,0
20,4149,0
23,4149,0
24,4149,0
1,4152,8e+05
2,4152,0
3,4152,0
4,4152,62000
5,4152,0
6,4152,20000
7,4152,0
8,4152,0
9,4152,0
10,4152,4800
11,4152,0
12,4152,19200
14,4152,120000
15,4152,36000
17,4152,0
18,4152,0
19,4152,12000
20,4152,0
21,4152,0
23,4152,24000
1,4155,0
2,4155,20000
3,4155,5000
4,4155,0
5,4155,0
6,4155,0
7,4155,0
8,4155,2000
9,4155,0
10,4155,5000
11,4155,0
12,4155,0
13,4155,0
14,4155,3000
15,4155,0
16,4155,0
17,4155,0
18,4155,0
19,4155,0
20,4155,0
1,4159,0
2,4159,0
3,4159,0
5,4159,0
6,4159,0
7,4159,0
8,4159,0
9,4159,0
10,4159,0
11,4159,0
12,4159,0
13,4159,0
14,4159,0
15,4159,0
16,4159,0
17,4159,0
18,4159,0
19,4159,0
20,4159,0
21,4159,0
1,4162,0
2,4162,1000
3,4162,50000
4,4162,50000
5,4162,10000
6,4162,5000
7,4162,5000
8,4162,0
9,4162,0
10,4162,10000
11,4162,2000
12,4162,30000
13,4162,0
14,4162,5000
15,4162,0
16,4162,2000
17,4162,50000
18,4162,10000
19,4162,0
20,4162,3000
2,4165,0
3,4165,6000
4,4165,6000
5,4165,10000
6,4165,6000
7,4165,0
8,4165,0
9,4165,6000
10,4165,56000
11,4165,0
12,4165,0
13,4165,0
14,4165,0
15,4165,0
16,4165,6000
17,4165,0
19,4165,5000
20,4165,66000
21,4165,0
22,4165,0
1,4169,0
2,4169,0
3,4169,0
4,4169,0
5,4169,0
6,4169,0
7,4169,0
8,4169,0
9,4169,0
10,4169,0
11,4169,0
12,4169,0
13,4169,0
14,4169,0
15,4169,0
16,4169,0
17,4169,0
18,4169,0
19,4169,0
20,4169,0
1,4172,8000
2,4172,0
3,4172,0
4,4172,0
5,4172,0
6,4172,4000
7,4172,0
8,4172,0
9,4172,0
10,4172,0
11,4172,0
12,4172,0
13,4172,0
14,4172,0
15,4172,0
16,4172,0
17,4172,0
18,4172,0
19,4172,0
20,4172,0
1,4175,0
2,4175,0
3,4175,0
4,4175,0
5,4175,0
6,4175,0
7,4175,0
8,4175,0
9,4175,0
10,4175,0
11,4175,0
12,4175,0
13,4175,0
14,4175,0
15,4175,0
16,4175,0
17,4175,0
18,4175,0
19,4175,0
20,4175,0
1,4179,0
2,4179,0
3,4179,0
4,4179,0
5,4179,0
6,4179,0
7,4179,0
8,4179,0
9,4179,0
10,4179,0
11,4179,0
12,4179,0
13,4179,0
14,4179,0
15,4179,0
16,4179,0
17,4179,0
18,4179,0
19,4179,0
20,4179,0
1,4182,0
2,4182,0
3,4182,0
4,4182,0
5,4182,0
6,4182,0
7,4182,0
8,4182,0
9,4182,20000
10,4182,0
11,4182,0
12,4182,0
13,4182,0
14,4182,0
15,4182,0
16,4182,0
17,4182,0
18,4182,0
20,4182,0
21,4182,0
1,4185,0
2,4185,0
3,4185,0
4,4185,0
5,4185,0
6,4185,0
7,4185,0
8,4185,0
9,4185,40100
10,4185,0
11,4185,4000
12,4185,0
13,4185,5000
14,4185,5000
15,4185,0
16,4185,0
17,4185,0
18,4185,0
19,4185,0
20,4185,0
1,4189,20000
2,4189,0
3,4189,60000
4,4189,0
5,4189,0
6,4189,20000
7,4189,5000
8,4189,0
9,4189,0
10,4189,0
11,4189,0
12,4189,0
13,4189,12000
14,4189,0
15,4189,0
16,4189,0
17,4189,0
18,4189,0
19,4189,0
20,4189,0
1,4192,0
2,4192,0
3,4192,3000
4,4192,0
5,4192,0
6,4192,0
7,4192,0
8,4192,6000
9,4192,0
10,4192,2000
11,4192,0
12,4192,0
13,4192,0
14,4192,20000
15,4192,0
16,4192,0
17,4192,36000
18,4192,0
19,4192,5000
20,4192,0
1,4195,0
2,4195,0
3,4195,0
4,4195,0
5,4195,0
6,4195,0
7,4195,0
8,4195,0
9,4195,0
10,4195,0
11,4195,0
12,4195,0
13,4195,0
14,4195,0
15,4195,0
16,4195,0
17,4195,0
18,4195,0
19,4195,0
24,4195,0
1,4199,0
2,4199,0
3,4199,0
4,4199,0
5,4199,0
6,4199,0
7,4199,0
8,4199,0
9,4199,0
10,4199,0
11,4199,0
12,4199,0
13,4199,0
14,4199,0
15,4199,0
16,4199,0
17,4199,0
18,4199,0
19,4199,0
20,4199,0
1,4202,10000
2,4202,0
3,4202,0
4,4202,4000
5,4202,0
6,4202,0
7,4202,0
8,4202,0
9,4202,22000
10,4202,0
11,4202,0
12,4202,0
13,4202,0
14,4202,0
15,4202,2000
16,4202,0
17,4202,22000
18,4202,0
19,4202,51000
22,4202,0
1,4205,0
2,4205,0
3,4205,0
4,4205,0
5,4205,0
6,4205,0
7,4205,0
8,4205,40000
9,4205,0
10,4205,3500
11,4205,5000
12,4205,0
13,4205,0
14,4205,0
15,4205,4000
16,4205,0
17,4205,0
18,4205,5000
19,4205,7000
20,4205,0
1,4209,2000
2,4209,0
3,4209,0
4,4209,20000
5,4209,0
6,4209,12000
7,4209,50000
8,4209,0
9,4209,0
10,4209,0
11,4209,15000
12,4209,0
13,4209,0
14,4209,2000
15,4209,0
16,4209,20000
17,4209,0
18,4209,0
19,4209,20000
20,4209,0
1,4212,0
2,4212,0
3,4212,2000
4,4212,0
5,4212,0
6,4212,10000
7,4212,50000
8,4212,0
9,4212,0
10,4212,0
11,4212,15000
12,4212,0
13,4212,0
14,4212,0
15,4212,0
16,4212,10000
17,4212,20000
18,4212,0
19,4212,0
20,4212,30000
1,4215,0
2,4215,0
3,4215,0
4,4215,0
5,4215,0
6,4215,0
7,4215,0
8,4215,0
9,4215,0
10,4215,0
11,4215,0
12,4215,0
13,4215,0
14,4215,0
15,4215,0
16,4215,1e+06
17,4215,0
18,4215,0
19,4215,0
20,4215,0
1,4219,0
2,4219,0
3,4219,0
4,4219,0
5,4219,0
6,4219,0
7,4219,0
8,4219,50000
9,4219,0
10,4219,2000
11,4219,0
12,4219,0
13,4219,0
14,4219,0
15,4219,0
16,4219,0
17,4219,0
18,4219,5000
19,4219,0
20,4219,0
1,4222,0
2,4222,0
3,4222,0
4,4222,0
5,4222,0
6,4222,0
7,4222,0
8,4222,0
9,4222,0
10,4222,0
11,4222,0
12,4222,0
13,4222,0
14,4222,0
16,4222,0
17,4222,0
18,4222,0
20,4222,0
23,4222,0
24,4222,0
1,4225,0
2,4225,0
3,4225,0
4,4225,0
5,4225,0
8,4225,0
9,4225,0
10,4225,0
11,4225,0
12,4225,0
13,4225,0
14,4225,0
15,4225,0
16,4225,0
17,4225,0
18,4225,0
19,4225,0
20,4225,0
23,4225,0
24,4225,0
1,4229,0
2,4229,0
3,4229,0
4,4229,0
5,4229,0
6,4229,0
7,4229,0
8,4229,0
9,4229,0
10,4229,0
11,4229,0
12,4229,0
13,4229,0
14,4229,0
15,4229,0
16,4229,0
17,4229,0
18,4229,0
19,4229,0
20,4229,0
1,4232,0
2,4232,0
3,4232,5000
4,4232,0
5,4232,0
6,4232,0
7,4232,0
8,4232,0
9,4232,0
10,4232,0
11,4232,0
12,4232,0
13,4232,0
14,4232,0
15,4232,0
16,4232,1000
17,4232,20000
18,4232,0
19,4232,0
20,4232,0
1,4235,0
2,4235,0
3,4235,0
4,4235,0
5,4235,0
6,4235,0
7,4235,0
8,4235,0
9,4235,0
10,4235,5e+05
11,4235,0
12,4235,0
13,4235,0
14,4235,0
15,4235,0
16,4235,0
17,4235,0
18,4235,0
19,4235,0
20,4235,0
1,4239,0
2,4239,0
3,4239,0
4,4239,0
5,4239,0
6,4239,0
7,4239,0
8,4239,0
9,4239,0
10,4239,4e+05
11,4239,0
12,4239,5e+05
13,4239,0
14,4239,0
15,4239,0
16,4239,0
17,4239,0
18,4239,0
19,4239,0
20,4239,0
1,4242,0
2,4242,0
3,4242,0
4,4242,0
5,4242,320000
6,4242,0
7,4242,0
8,4242,0
9,4242,0
10,4242,0
11,4242,0
12,4242,0
14,4242,0
15,4242,0
16,4242,0
17,4242,7000
18,4242,0
19,4242,4e+05
20,4242,0
24,4242,0
1,4245,0
2,4245,0
3,4245,0
4,4245,0
6,4245,0
7,4245,0
8,4245,0
9,4245,0
10,4245,0
11,4245,0
12,4245,0
13,4245,0
14,4245,0
15,4245,0
18,4245,0
20,4245,0
21,4245,0
22,4245,0
23,4245,0
25,4245,0
1,4249,0
2,4249,0
3,4249,0
4,4249,0
5,4249,0
6,4249,0
7,4249,0
8,4249,0
9,4249,0
10,4249,0
12,4249,0
13,4249,0
14,4249,0
15,4249,0
16,4249,0
17,4249,0
18,4249,0
19,4249,0
20,4249,0
25,4249,0
1,4252,0
2,4252,0
3,4252,0
4,4252,0
5,4252,0
6,4252,0
7,4252,0
8,4252,0
9,4252,0
10,4252,0
11,4252,0
12,4252,0
13,4252,0
14,4252,0
15,4252,0
16,4252,0
17,4252,0
18,4252,0
19,4252,0
20,4252,0
1,4255,0
2,4255,0
3,4255,0
4,4255,0
5,4255,0
6,4255,0
7,4255,0
8,4255,0
9,4255,0
10,4255,0
11,4255,0
12,4255,0
13,4255,0
14,4255,0
15,4255,0
16,4255,0
17,4255,0
18,4255,0
19,4255,0
20,4255,0
1,4259,0
2,4259,0
3,4259,0
4,4259,0
5,4259,0
6,4259,0
7,4259,0
8,4259,0
9,4259,0
10,4259,0
11,4259,0
12,4259,0
13,4259,0
14,4259,0
15,4259,0
16,4259,0
17,4259,0
18,4259,0
19,4259,0
20,4259,0
1,4262,1e+06
2,4262,3e+05
3,4262,0
4,4262,0
5,4262,0
6,4262,0
7,4262,0
8,4262,0
10,4262,0
11,4262,2e+06
13,4262,0
14,4262,0
15,4262,0
16,4262,0
17,4262,0
18,4262,0
19,4262,0
20,4262,0
21,4262,0
22,4262,0
1,4265,360000
2,4265,0
3,4265,0
4,4265,12000
5,4265,12000
6,4265,0
7,4265,0
8,4265,360000
9,4265,60000
10,4265,0
11,4265,0
12,4265,0
13,4265,0
14,4265,0
15,4265,0
16,4265,0
17,4265,10000
18,4265,24000
19,4265,0
20,4265,0
1,4269,0
2,4269,0
3,4269,0
5,4269,0
6,4269,0
7,4269,0
8,4269,0
9,4269,0
10,4269,0
11,4269,0
12,4269,0
14,4269,0
15,4269,0
16,4269,0
17,4269,0
18,4269,0
19,4269,0
20,4269,0
21,4269,0
23,4269,0
1,4272,0
2,4272,0
3,4272,0
4,4272,0
5,4272,0
6,4272,0
7,4272,0
8,4272,0
9,4272,0
10,4272,0
11,4272,0
12,4272,0
13,4272,0
14,4272,0
15,4272,0
16,4272,0
17,4272,0
18,4272,0
19,4272,0
20,4272,0
1,4275,0
2,4275,0
3,4275,0
4,4275,0
5,4275,0
6,4275,0
7,4275,0
8,4275,0
9,4275,0
10,4275,0
11,4275,0
12,4275,0
13,4275,0
14,4275,0
15,4275,0
16,4275,0
17,4275,0
18,4275,0
19,4275,0
21,4275,0
1,4279,132000
2,4279,24000
3,4279,0
4,4279,0
5,4279,78000
6,4279,0
7,4279,9600
8,4279,0
9,4279,0
10,4279,240000
11,4279,156000
12,4279,0
13,4279,60000
14,4279,0
15,4279,0
16,4279,0
17,4279,60000
18,4279,0
19,4279,24000
20,4279,0
1,4282,286000
2,4282,0
3,4282,5000
4,4282,0
5,4282,0
6,4282,0
7,4282,0
8,4282,0
9,4282,0
10,4282,0
11,4282,0
12,4282,0
13,4282,20000
14,4282,24000
15,4282,0
16,4282,282000
17,4282,0
18,4282,26000
19,4282,0
20,4282,12000
1,4285,0
2,4285,0
3,4285,0
4,4285,30000
5,4285,0
6,4285,0
7,4285,0
8,4285,0
9,4285,0
10,4285,0
11,4285,0
12,4285,0
13,4285,0
14,4285,0
15,4285,0
16,4285,0
17,4285,0
18,4285,0
19,4285,0
20,4285,0
1,4289,1e+05
2,4289,0
3,4289,5000
4,4289,10000
5,4289,30000
6,4289,0
7,4289,60000
8,4289,50000
9,4289,0
10,4289,5000
11,4289,0
12,4289,10000
13,4289,0
14,4289,0
15,4289,0
16,4289,0
17,4289,10000
18,4289,10000
19,4289,10000
20,4289,0
1,4292,0
2,4292,0
3,4292,0
4,4292,0
5,4292,0
6,4292,0
7,4292,0
8,4292,0
9,4292,0
10,4292,0
11,4292,0
12,4292,0
13,4292,0
14,4292,0
16,4292,0
17,4292,0
18,4292,0
19,4292,60000
20,4292,0
22,4292,0
1,4295,0
2,4295,0
3,4295,0
4,4295,0
5,4295,0
6,4295,0
7,4295,0
8,4295,0
9,4295,0
10,4295,0
11,4295,0
12,4295,0
13,4295,0
14,4295,0
15,4295,0
16,4295,0
17,4295,0
18,4295,0
19,4295,0
20,4295,0
1,4299,18000
2,4299,0
3,4299,0
4,4299,0
5,4299,18000
6,4299,36000
7,4299,0
8,4299,18000
9,4299,6000
10,4299,0
11,4299,20000
12,4299,0
13,4299,0
14,4299,0
15,4299,0
16,4299,0
17,4299,0
18,4299,0
19,4299,0
20,4299,0
1,4302,12000
2,4302,10800
3,4302,0
4,4302,0
5,4302,0
6,4302,0
7,4302,0
8,4302,180000
9,4302,12000
10,4302,0
11,4302,0
12,4302,0
13,4302,0
14,4302,0
15,4302,0
16,4302,0
17,4302,12000
18,4302,2400
19,4302,180000
20,4302,0
1,4305,0
2,4305,0
3,4305,0
4,4305,0
5,4305,0
6,4305,0
7,4305,0
8,4305,0
9,4305,0
10,4305,0
11,4305,0
12,4305,0
13,4305,0
14,4305,0
15,4305,0
16,4305,0
17,4305,0
18,4305,0
19,4305,0
20,4305,0
1,4309,0
2,4309,0
3,4309,0
4,4309,0
5,4309,0
6,4309,0
7,4309,0
8,4309,0
9,4309,0
10,4309,0
11,4309,0
12,4309,0
13,4309,0
17,4309,0
18,4309,0
19,4309,0
20,4309,0
22,4309,0
23,4309,0
24,4309,0
2,4312,0
3,4312,0
4,4312,0
5,4312,0
7,4312,0
8,4312,0
9,4312,0
10,4312,0
11,4312,0
13,4312,0
14,4312,0
15,4312,0
16,4312,0
17,4312,0
18,4312,0
19,4312,0
20,4312,0
21,4312,0
22,4312,0
1,4315,0
2,4315,0
3,4315,0
4,4315,0
5,4315,0
6,4315,0
7,4315,0
8,4315,0
9,4315,0
10,4315,0
11,4315,0
12,4315,0
13,4315,0
14,4315,0
15,4315,0
16,4315,0
17,4315,0
18,4315,0
19,4315,0
20,4315,0
1,4319,0
2,4319,0
4,4319,0
5,4319,0
6,4319,0
7,4319,0
8,4319,0
9,4319,0
10,4319,0
11,4319,0
12,4319,0
13,4319,0
14,4319,0
15,4319,0
16,4319,0
17,4319,0
18,4319,0
19,4319,0
20,4319,0
23,4319,0
1,4322,0
2,4322,0
3,4322,26000
4,4322,24000
5,4322,60000
6,4322,0
7,4322,60000
8,4322,30000
9,4322,0
10,4322,24000
11,4322,30000
12,4322,0
13,4322,12000
14,4322,12000
15,4322,0
16,4322,0
17,4322,0
18,4322,0
19,4322,0
20,4322,52000
1,4325,0
2,4325,0
3,4325,0
4,4325,0
5,4325,0
6,4325,0
7,4325,0
8,4325,0
9,4325,0
10,4325,0
11,4325,0
12,4325,0
13,4325,0
14,4325,0
15,4325,0
16,4325,0
17,4325,0
18,4325,0
19,4325,0
20,4325,0
1,4329,0
2,4329,0
3,4329,0
4,4329,0
5,4329,12000
6,4329,0
7,4329,0
8,4329,0
9,4329,0
10,4329,0
13,4329,0
14,4329,0
15,4329,0
16,4329,0
17,4329,0
18,4329,0
19,4329,0
20,4329,0
22,4329,0
25,4329,0
1,4332,0
2,4332,0
3,4332,0
4,4332,0
5,4332,0
6,4332,0
7,4332,0
8,4332,25000
9,4332,0
10,4332,5e+05
11,4332,0
12,4332,0
13,4332,0
14,4332,0
15,4332,0
16,4332,0
17,4332,0
18,4332,0
19,4332,0
20,4332,0
1,4335,30000
2,4335,0
3,4335,2e+05
4,4335,10000
5,4335,40000
6,4335,0
7,4335,0
8,4335,12000
9,4335,0
10,4335,0
11,4335,10000
12,4335,5000
13,4335,0
14,4335,20000
15,4335,0
16,4335,0
17,4335,10000
18,4335,5e+05
19,4335,0
20,4335,15000
1,4339,15000
2,4339,0
3,4339,0
4,4339,0
5,4339,0
6,4339,10000
7,4339,0
8,4339,0
9,4339,0
10,4339,0
11,4339,0
12,4339,0
13,4339,0
14,4339,0
15,4339,0
16,4339,50000
17,4339,0
18,4339,0
19,4339,0
21,4339,0
1,4342,50000
2,4342,0
3,4342,0
4,4342,40000
5,4342,2000
7,4342,0
8,4342,0
9,4342,0
10,4342,0
11,4342,0
12,4342,10000
14,4342,0
16,4342,5000
17,4342,0
18,4342,0
19,4342,36000
20,4342,0
22,4342,3000
23,4342,0
24,4342,40000
1,4345,0
2,4345,0
3,4345,0
4,4345,0
5,4345,0
6,4345,0
7,4345,6000
8,4345,0
9,4345,0
10,4345,6000
11,4345,0
12,4345,0
13,4345,0
14,4345,0
15,4345,0
16,4345,0
17,4345,0
18,4345,60000
19,4345,0
20,4345,0
1,4349,0
2,4349,0
3,4349,0
4,4349,0
5,4349,0
6,4349,0
7,4349,0
8,4349,0
9,4349,0
10,4349,0
11,4349,0
12,4349,0
13,4349,0
14,4349,0
15,4349,0
16,4349,0
17,4349,0
18,4349,0
19,4349,0
20,4349,0
1,4352,0
2,4352,0
3,4352,0
4,4352,0
5,4352,0
6,4352,0
7,4352,0
8,4352,0
9,4352,0
10,4352,0
11,4352,0
12,4352,0
13,4352,0
14,4352,0
15,4352,0
16,4352,0
17,4352,0
18,4352,0
19,4352,0
20,4352,0
1,4355,6000
2,4355,6000
3,4355,30000
4,4355,5000
5,4355,3800
6,4355,0
7,4355,3000
8,4355,150000
9,4355,13000
10,4355,8000
11,4355,3000
12,4355,6000
13,4355,6000
14,4355,0
15,4355,17200
16,4355,3000
17,4355,0
18,4355,6000
19,4355,6000
20,4355,6000
1,4359,0
2,4359,5000
3,4359,0
4,4359,20000
7,4359,0
8,4359,10000
9,4359,10000
10,4359,10000
11,4359,0
12,4359,0
13,4359,0
14,4359,0
15,4359,0
16,4359,10000
17,4359,0
18,4359,0
19,4359,0
20,4359,0
21,4359,15000
22,4359,30000
2,4362,0
3,4362,0
4,4362,0
5,4362,0
6,4362,0
7,4362,0
8,4362,0
9,4362,0
10,4362,0
11,4362,0
13,4362,0
14,4362,0
15,4362,0
16,4362,0
17,4362,0
18,4362,0
19,4362,0
20,4362,0
22,4362,0
25,4362,50000
1,4365,0
2,4365,60000
3,4365,20000
4,4365,0
5,4365,3000
6,4365,30000
7,4365,0
8,4365,4000
9,4365,10000
10,4365,4000
11,4365,0
12,4365,0
13,4365,0
14,4365,0
15,4365,0
16,4365,0
17,4365,1000
18,4365,0
19,4365,20000
20,4365,5000
1,4369,0
3,4369,0
5,4369,0
6,4369,0
7,4369,0
8,4369,14000
9,4369,0
10,4369,0
11,4369,0
13,4369,0
14,4369,0
15,4369,0
16,4369,0
17,4369,0
18,4369,0
19,4369,0
21,4369,0
22,4369,0
23,4369,0
24,4369,0
1,4372,5000
2,4372,5000
3,4372,0
4,4372,7000
5,4372,5000
6,4372,18000
7,4372,10000
8,4372,30000
9,4372,10000
10,4372,10000
11,4372,15000
12,4372,10000
13,4372,20000
14,4372,1000
16,4372,5000
17,4372,0
18,4372,10000
19,4372,3000
20,4372,0
21,4372,15000
1,4375,15000
2,4375,15000
3,4375,40000
4,4375,0
5,4375,50000
6,4375,67000
7,4375,0
8,4375,0
9,4375,0
10,4375,25000
11,4375,6000
12,4375,11000
13,4375,20000
14,4375,40000
15,4375,20000
16,4375,40000
17,4375,5000
18,4375,12000
19,4375,29000
20,4375,35000
1,4379,0
2,4379,10000
3,4379,8000
4,4379,30000
5,4379,12000
6,4379,0
7,4379,0
8,4379,0
9,4379,0
10,4379,0
11,4379,5000
12,4379,0
13,4379,4000
14,4379,14000
15,4379,0
16,4379,12000
17,4379,80000
18,4379,0
19,4379,50000
20,4379,1e+05
1,4382,5000
2,4382,13000
3,4382,0
4,4382,0
5,4382,16000
6,4382,5000
7,4382,0
8,4382,0
9,4382,2000
10,4382,0
11,4382,0
12,4382,0
13,4382,0
14,4382,0
15,4382,0
16,4382,5000
17,4382,0
18,4382,0
19,4382,6000
20,4382,0
1,4385,0
2,4385,0
3,4385,0
4,4385,0
5,4385,0
6,4385,0
7,4385,0
8,4385,0
9,4385,0
10,4385,0
11,4385,0
12,4385,4000
13,4385,0
14,4385,0
15,4385,0
16,4385,0
17,4385,4000
18,4385,2000
19,4385,2000
20,4385,3000
1,4389,0
2,4389,2000
3,4389,0
4,4389,10000
5,4389,560000
6,4389,0
7,4389,20000
8,4389,0
9,4389,8500
10,4389,0
11,4389,4000
12,4389,0
13,4389,0
14,4389,0
15,4389,40000
16,4389,10000
17,4389,20000
18,4389,25000
19,4389,150000
20,4389,50000
1,4392,0
2,4392,0
3,4392,0
4,4392,0
5,4392,20000
6,4392,0
7,4392,0
8,4392,0
9,4392,0
10,4392,0
11,4392,0
12,4392,0
13,4392,0
14,4392,0
15,4392,0
16,4392,0
17,4392,0
18,4392,0
19,4392,0
20,4392,0
1,4395,9000
2,4395,8200
3,4395,2000
4,4395,4200
5,4395,4600
6,4395,5000
7,4395,11200
8,4395,6000
9,4395,9000
10,4395,9000
11,4395,7200
12,4395,2700
13,4395,8000
14,4395,600
15,4395,0
16,4395,0
17,4395,0
18,4395,3000
19,4395,0
20,4395,0
1,4399,0
2,4399,0
3,4399,0
4,4399,0
5,4399,0
6,4399,0
7,4399,0
8,4399,0
9,4399,1e+05
10,4399,0
11,4399,0
12,4399,15000
13,4399,0
14,4399,0
15,4399,0
16,4399,0
17,4399,0
18,4399,10000
19,4399,0
20,4399,50000
1,4402,25000
2,4402,0
3,4402,0
4,4402,0
5,4402,2000
6,4402,0
7,4402,0
8,4402,0
9,4402,500
10,4402,0
11,4402,0
12,4402,0
13,4402,0
14,4402,4000
15,4402,7000
16,4402,10000
17,4402,5000
18,4402,20000
19,4402,25000
20,4402,71000
1,4405,6000
2,4405,6000
3,4405,4500
4,4405,6000
5,4405,6000
6,4405,6000
7,4405,3000
8,4405,6000
9,4405,4000
10,4405,20000
11,4405,20000
12,4405,6000
13,4405,1500
14,4405,4000
15,4405,0
16,4405,15000
17,4405,9000
18,4405,4000
19,4405,4000
20,4405,0
1,4408,6000
2,4408,4000
3,4408,0
4,4408,300
5,4408,3000
6,4408,8000
7,4408,15000
8,4408,40000
9,4408,12000
10,4408,0
11,4408,13500
12,4408,400
13,4408,6000
14,4408,3000
15,4408,8000
16,4408,5000
17,4408,5000
18,4408,8000
19,4408,6000
20,4408,13000
1,4412,15000
2,4412,10000
3,4412,6000
4,4412,26000
5,4412,38000
6,4412,35000
7,4412,18000
8,4412,15000
9,4412,114000
10,4412,17000
11,4412,32000
12,4412,1e+05
13,4412,8000
14,4412,15000
15,4412,7000
16,4412,3000
17,4412,10000
18,4412,112000
19,4412,5000
20,4412,20000
1,4415,10000
2,4415,10000
3,4415,20000
4,4415,75000
5,4415,2000
6,4415,40000
7,4415,50000
8,4415,5e+05
9,4415,180000
10,4415,0
11,4415,2000
12,4415,0
13,4415,5000
14,4415,7000
15,4415,12000
16,4415,12000
17,4415,12000
18,4415,16000
19,4415,12000
20,4415,6000
1,4419,0
2,4419,10000
3,4419,0
4,4419,0
6,4419,65000
7,4419,5000
8,4419,0
9,4419,0
10,4419,0
11,4419,0
15,4419,12000
16,4419,15000
17,4419,0
18,4419,0
19,4419,4000
20,4419,0
21,4419,0
22,4419,30000
23,4419,0
25,4419,0
1,4422,8000
2,4422,35000
3,4422,3000
4,4422,7000
5,4422,16000
6,4422,3000
7,4422,1000
8,4422,5000
9,4422,0
10,4422,0
11,4422,10000
12,4422,3000
13,4422,6000
14,4422,10000
15,4422,6000
16,4422,8000
17,4422,4000
18,4422,6000
19,4422,5000
20,4422,3000
1,4425,0
2,4425,0
3,4425,0
4,4425,0
5,4425,0
6,4425,0
7,4425,0
8,4425,0
9,4425,0
10,4425,0
11,4425,0
12,4425,0
13,4425,0
14,4425,5000
15,4425,6000
16,4425,0
17,4425,10000
18,4425,0
19,4425,0
20,4425,0
1,4429,0
2,4429,0
3,4429,0
4,4429,0
5,4429,0
6,4429,0
7,4429,0
8,4429,0
9,4429,0
10,4429,0
11,4429,0
13,4429,0
14,4429,0
15,4429,3000
16,4429,0
17,4429,0
18,4429,5000
19,4429,27000
20,4429,6000
25,4429,0
1,4433,0
2,4433,9000
3,4433,16000
4,4433,9000
5,4433,12000
6,4433,49500
7,4433,50000
8,4433,2000
9,4433,6000
10,4433,28500
11,4433,10000
12,4433,23000
13,4433,17000
14,4433,40000
15,4433,20000
16,4433,34000
17,4433,13000
18,4433,25000
19,4433,24000
20,4433,14500
1,4435,4000
3,4435,10000
4,4435,10000
6,4435,14000
7,4435,10000
8,4435,10000
9,4435,10000
10,4435,5000
11,4435,14000
12,4435,6000
13,4435,10000
14,4435,0
15,4435,0
16,4435,10000
17,4435,0
18,4435,2000
20,4435,6000
21,4435,14000
22,4435,3000
23,4435,10000
1,4439,0
2,4439,5000
3,4439,0
4,4439,0
6,4439,5000
7,4439,0
8,4439,0
9,4439,0
10,4439,0
11,4439,0
12,4439,0
13,4439,0
15,4439,0
16,4439,0
17,4439,0
18,4439,0
19,4439,0
20,4439,0
21,4439,0
24,4439,0
1,4442,0
2,4442,6000
4,4442,0
5,4442,80000
6,4442,0
7,4442,30000
8,4442,0
9,4442,0
11,4442,0
12,4442,6000
13,4442,16000
14,4442,0
15,4442,96000
16,4442,5000
17,4442,10000
18,4442,6000
19,4442,16000
20,4442,0
21,4442,0
24,4442,0
1,4445,0
2,4445,6000
3,4445,8000
4,4445,0
5,4445,0
6,4445,8000
7,4445,8000
8,4445,5000
9,4445,0
10,4445,16000
11,4445,0
12,4445,13000
13,4445,0
14,4445,16000
15,4445,1500
16,4445,8000
17,4445,6000
18,4445,0
19,4445,0
20,4445,8000
1,4449,0
2,4449,0
3,4449,0
4,4449,0
5,4449,0
6,4449,0
7,4449,0
8,4449,0
9,4449,0
10,4449,0
11,4449,0
12,4449,0
13,4449,0
14,4449,0
15,4449,0
16,4449,0
17,4449,0
18,4449,0
19,4449,0
20,4449,0
1,4452,10000
2,4452,5000
3,4452,6000
4,4452,35000
5,4452,0
6,4452,0
7,4452,0
8,4452,3000
9,4452,12000
10,4452,0
11,4452,0
12,4452,0
13,4452,0
14,4452,0
15,4452,0
16,4452,0
17,4452,0
18,4452,0
20,4452,0
22,4452,0
1,4455,8000
2,4455,6000
3,4455,0
4,4455,8000
5,4455,15000
6,4455,6000
7,4455,15000
8,4455,6000
9,4455,8000
10,4455,20000
11,4455,40000
12,4455,5000
13,4455,10000
14,4455,0
15,4455,6000
16,4455,10000
17,4455,10000
18,4455,8000
19,4455,15000
20,4455,10000
1,4459,6000
2,4459,10000
3,4459,15000
4,4459,28000
5,4459,13000
6,4459,15000
7,4459,10000
8,4459,13000
9,4459,0
10,4459,20000
11,4459,0
12,4459,6000
13,4459,9000
14,4459,5000
15,4459,46000
16,4459,3000
17,4459,3000
18,4459,14000
19,4459,6000
20,4459,10000
1,4462,0
2,4462,0
3,4462,0
4,4462,0
5,4462,0
6,4462,0
7,4462,0
8,4462,0
9,4462,0
10,4462,0
11,4462,0
12,4462,0
13,4462,0
14,4462,0
15,4462,0
16,4462,0
17,4462,0
18,4462,0
19,4462,0
20,4462,0
1,4465,7000
2,4465,0
3,4465,0
4,4465,0
5,4465,4000
6,4465,4000
7,4465,4000
8,4465,4000
9,4465,4000
10,4465,4000
11,4465,0
12,4465,4000
13,4465,0
14,4465,0
15,4465,0
16,4465,0
17,4465,4000
18,4465,0
19,4465,4000
20,4465,3500
1,4469,0
2,4469,0
3,4469,0
4,4469,0
5,4469,0
6,4469,0
7,4469,0
8,4469,0
9,4469,0
10,4469,0
11,4469,0
12,4469,0
13,4469,0
14,4469,0
15,4469,0
16,4469,0
17,4469,0
18,4469,1e+06
19,4469,0
20,4469,250000
1,4472,0
2,4472,20000
3,4472,2000
4,4472,0
5,4472,0
6,4472,0
7,4472,20000
8,4472,0
9,4472,0
10,4472,8000
11,4472,0
12,4472,0
13,4472,4000
14,4472,0
15,4472,0
17,4472,0
19,4472,0
20,4472,0
21,4472,0
23,4472,0
1,4475,0
2,4475,0
3,4475,0
4,4475,0
5,4475,0
6,4475,0
7,4475,0
8,4475,0
9,4475,0
10,4475,0
11,4475,0
12,4475,0
13,4475,0
14,4475,0
15,4475,0
16,4475,0
17,4475,0
18,4475,0
19,4475,0
20,4475,0
1,4479,10000
2,4479,0
3,4479,4000
4,4479,2000
5,4479,5000
6,4479,0
7,4479,20000
8,4479,15000
9,4479,0
10,4479,3000
11,4479,6000
12,4479,3000
13,4479,0
14,4479,0
15,4479,0
16,4479,2000
17,4479,0
18,4479,2000
19,4479,2000
20,4479,1000
1,4482,6000
2,4482,8000
3,4482,50000
4,4482,24000
5,4482,25000
6,4482,5000
7,4482,15000
8,4482,2000
9,4482,10000
10,4482,25000
11,4482,9000
12,4482,18000
13,4482,3000
14,4482,3000
15,4482,5000
16,4482,0
17,4482,9000
18,4482,3000
19,4482,10000
20,4482,0
1,4485,2000
2,4485,0
3,4485,0
4,4485,0
5,4485,0
6,4485,0
7,4485,0
8,4485,0
9,4485,0
10,4485,1000
11,4485,6000
12,4485,500
13,4485,3000
14,4485,6000
15,4485,10000
16,4485,0
17,4485,1000
18,4485,0
19,4485,6000
20,4485,30000
1,4489,25000
2,4489,12000
4,4489,0
6,4489,0
7,4489,4000
8,4489,0
9,4489,6000
10,4489,0
11,4489,6000
12,4489,0
13,4489,0
14,4489,0
15,4489,10000
16,4489,40000
17,4489,15000
18,4489,4000
19,4489,3000
20,4489,0
21,4489,4000
22,4489,4000
1,4492,5000
2,4492,0
3,4492,3000
4,4492,0
5,4492,12000
6,4492,0
7,4492,12000
8,4492,0
9,4492,0
10,4492,0
11,4492,0
12,4492,0
13,4492,0
14,4492,0
15,4492,0
16,4492,0
17,4492,0
18,4492,0
19,4492,0
20,4492,2000
1,4495,0
2,4495,0
3,4495,0
4,4495,0
5,4495,0
6,4495,0
7,4495,0
8,4495,0
9,4495,0
10,4495,0
11,4495,0
12,4495,0
13,4495,0
14,4495,0
15,4495,0
16,4495,0
17,4495,2000
18,4495,0
19,4495,0
20,4495,0
1,4499,0
2,4499,0
3,4499,4000
4,4499,0
5,4499,0
6,4499,0
7,4499,0
8,4499,0
10,4499,0
11,4499,0
12,4499,0
13,4499,0
14,4499,0
15,4499,0
16,4499,0
17,4499,0
18,4499,0
19,4499,0
20,4499,0
21,4499,0
1,4502,0
2,4502,0
3,4502,0
4,4502,0
5,4502,0
6,4502,0
7,4502,0
8,4502,0
9,4502,0
10,4502,0
11,4502,0
12,4502,0
13,4502,0
14,4502,0
15,4502,0
16,4502,0
17,4502,0
18,4502,0
19,4502,0
20,4502,0
2,4505,0
4,4505,0
5,4505,50000
6,4505,0
8,4505,0
9,4505,0
10,4505,0
11,4505,14000
12,4505,3000
13,4505,0
14,4505,0
15,4505,0
16,4505,5000
17,4505,0
18,4505,0
19,4505,0
20,4505,0
23,4505,5000
24,4505,0
25,4505,0
1,4509,2000
2,4509,5000
3,4509,3000
4,4509,3000
5,4509,3000
6,4509,2000
7,4509,5000
8,4509,3000
9,4509,84000
10,4509,7000
11,4509,2000
12,4509,2500
13,4509,2000
14,4509,3000
15,4509,3000
16,4509,5000
17,4509,4000
18,4509,2000
19,4509,5000
20,4509,3000
1,4512,2000
3,4512,2000
4,4512,2000
5,4512,0
6,4512,3000
7,4512,0
8,4512,3000
9,4512,1500
10,4512,10000
11,4512,35000
12,4512,1000
13,4512,1000
14,4512,1000
15,4512,0
17,4512,0
18,4512,1000
19,4512,2500
20,4512,2000
21,4512,1000
22,4512,0
1,4515,5000
2,4515,2000
3,4515,2000
4,4515,2000
5,4515,2400
6,4515,4000
7,4515,2000
8,4515,5000
9,4515,10000
10,4515,7000
11,4515,7000
12,4515,7000
13,4515,8000
14,4515,2000
15,4515,8000
16,4515,0
17,4515,5000
18,4515,18000
19,4515,20000
20,4515,0
1,4519,0
2,4519,0
3,4519,0
4,4519,0
5,4519,0
6,4519,5000
7,4519,0
8,4519,0
9,4519,0
10,4519,0
11,4519,7000
12,4519,0
13,4519,0
14,4519,0
15,4519,14500
16,4519,0
17,4519,0
18,4519,0
19,4519,0
20,4519,0
1,4522,0
2,4522,1000
3,4522,4000
4,4522,10000
5,4522,2500
6,4522,1500
7,4522,3500
8,4522,0
9,4522,3000
10,4522,0
11,4522,3500
12,4522,1500
13,4522,3000
14,4522,2500
15,4522,1500
16,4522,2500
17,4522,1500
18,4522,1500
19,4522,3500
20,4522,0
1,4525,0
2,4525,2000
3,4525,0
4,4525,3000
5,4525,0
6,4525,0
7,4525,0
8,4525,0
9,4525,0
10,4525,0
11,4525,0
12,4525,0
13,4525,0
14,4525,0
15,4525,30000
16,4525,0
17,4525,0
18,4525,0
19,4525,0
20,4525,0
1,4529,5000
2,4529,6000
3,4529,0
4,4529,4000
5,4529,0
6,4529,30000
7,4529,4000
8,4529,0
9,4529,0
10,4529,5000
11,4529,0
14,4529,0
15,4529,0
16,4529,0
17,4529,0
18,4529,0
19,4529,0
20,4529,0
21,4529,3000
22,4529,0
1,4532,0
2,4532,0
3,4532,0
4,4532,0
5,4532,0
6,4532,5000
7,4532,4000
8,4532,4000
9,4532,4000
10,4532,250000
11,4532,4000
12,4532,10000
13,4532,0
14,4532,0
15,4532,0
16,4532,0
17,4532,5000
18,4532,30000
19,4532,50000
20,4532,3000
1,4535,0
2,4535,0
3,4535,8000
4,4535,0
5,4535,0
6,4535,40000
7,4535,0
8,4535,0
9,4535,0
10,4535,50000
11,4535,0
12,4535,0
13,4535,0
14,4535,0
15,4535,10000
16,4535,5000
17,4535,0
18,4535,1000
19,4535,2500
20,4535,11500
1,4539,0
2,4539,0
3,4539,0
4,4539,0
5,4539,0
6,4539,0
7,4539,0
8,4539,0
9,4539,0
10,4539,0
11,4539,0
12,4539,0
13,4539,0
14,4539,0
15,4539,0
16,4539,0
17,4539,0
18,4539,0
19,4539,0
20,4539,0
1,4542,0
2,4542,2500
3,4542,5000
4,4542,3000
5,4542,6000
6,4542,5000
7,4542,2000
8,4542,9000
9,4542,1000
10,4542,1500
11,4542,4000
12,4542,1000
13,4542,4000
14,4542,2000
15,4542,5000
16,4542,1000
17,4542,0
18,4542,2000
19,4542,1000
20,4542,5000
1,4545,0
2,4545,0
3,4545,0
5,4545,0
6,4545,0
7,4545,0
8,4545,0
9,4545,0
10,4545,0
11,4545,0
12,4545,3000
13,4545,0
14,4545,0
15,4545,0
16,4545,0
17,4545,0
18,4545,0
19,4545,0
20,4545,0
21,4545,0
1,4549,0
2,4549,0
3,4549,0
4,4549,0
5,4549,0
6,4549,0
7,4549,10000
8,4549,0
9,4549,0
10,4549,0
11,4549,0
12,4549,0
13,4549,0
14,4549,0
15,4549,0
16,4549,0
17,4549,0
18,4549,0
19,4549,0
20,4549,0
1,4552,8000
2,4552,6000
3,4552,6500
4,4552,6500
5,4552,0
6,4552,8000
7,4552,5000
8,4552,7500
9,4552,6000
10,4552,6000
11,4552,6000
12,4552,6000
13,4552,3500
14,4552,0
15,4552,5000
16,4552,10000
17,4552,2000
18,4552,3500
19,4552,6800
20,4552,4500
1,4555,0
2,4555,1000
3,4555,0
4,4555,0
5,4555,0
6,4555,0
7,4555,0
8,4555,0
9,4555,0
10,4555,0
11,4555,0
12,4555,0
13,4555,0
14,4555,5000
15,4555,5000
16,4555,0
17,4555,0
18,4555,0
19,4555,0
20,4555,3e+05
1,4559,9500
2,4559,18000
3,4559,0
4,4559,10000
5,4559,5000
6,4559,3000
7,4559,10000
8,4559,0
9,4559,1000
10,4559,3000
11,4559,3000
12,4559,60000
13,4559,15000
14,4559,2000
15,4559,4000
16,4559,0
17,4559,5000
18,4559,20000
19,4559,0
20,4559,124000
1,4562,0
2,4562,0
3,4562,0
4,4562,0
5,4562,0
6,4562,0
7,4562,0
8,4562,0
9,4562,0
10,4562,0
11,4562,0
12,4562,0
13,4562,0
14,4562,0
15,4562,0
16,4562,0
17,4562,0
18,4562,0
19,4562,0
20,4562,0
1,4565,15000
2,4565,0
3,4565,0
5,4565,0
6,4565,0
7,4565,0
8,4565,0
9,4565,0
10,4565,0
11,4565,5000
12,4565,0
13,4565,0
14,4565,0
15,4565,15000
16,4565,0
17,4565,10000
18,4565,15000
19,4565,0
20,4565,20000
21,4565,0
1,4569,0
2,4569,0
3,4569,5000
4,4569,4000
5,4569,0
6,4569,0
7,4569,20000
8,4569,0
9,4569,0
10,4569,0
11,4569,0
12,4569,4000
13,4569,15000
14,4569,5000
15,4569,0
16,4569,2000
17,4569,3000
18,4569,2000
19,4569,0
20,4569,2000
1,4572,0
2,4572,0
3,4572,0
4,4572,0
5,4572,0
6,4572,0
7,4572,50000
8,4572,0
9,4572,0
10,4572,0
11,4572,0
12,4572,0
13,4572,0
14,4572,0
15,4572,0
16,4572,0
17,4572,0
18,4572,0
19,4572,0
20,4572,0
1,4575,0
2,4575,0
3,4575,0
4,4575,0
5,4575,0
6,4575,0
7,4575,0
8,4575,0
9,4575,0
10,4575,0
11,4575,0
12,4575,0
13,4575,0
14,4575,0
15,4575,0
16,4575,0
17,4575,0
18,4575,0
19,4575,0
20,4575,0
1,4579,2200
2,4579,2000
3,4579,0
5,4579,1500
6,4579,3000
7,4579,2000
8,4579,2000
9,4579,5000
10,4579,1000
11,4579,1000
12,4579,2000
13,4579,2000
15,4579,1000
16,4579,4000
17,4579,4000
18,4579,2000
19,4579,3000
20,4579,10000
21,4579,1000
22,4579,25000
1,4582,0
2,4582,0
3,4582,0
4,4582,0
5,4582,0
6,4582,0
7,4582,48000
8,4582,0
9,4582,0
10,4582,9200
11,4582,0
12,4582,0
13,4582,1200
14,4582,0
15,4582,12000
16,4582,0
17,4582,0
19,4582,0
20,4582,0
21,4582,0
1,4585,8000
2,4585,0
3,4585,0
4,4585,3000
5,4585,0
6,4585,0
7,4585,0
8,4585,0
9,4585,0
10,4585,4000
11,4585,4000
12,4585,0
13,4585,4000
14,4585,0
15,4585,1000
16,4585,2000
17,4585,0
18,4585,4000
19,4585,0
20,4585,0
1,4589,4000
2,4589,0
3,4589,0
4,4589,20000
7,4589,0
8,4589,2000
9,4589,2000
10,4589,4000
11,4589,0
12,4589,2000
13,4589,0
14,4589,4000
15,4589,0
16,4589,0
17,4589,4000
18,4589,6000
19,4589,4000
20,4589,2000
21,4589,8000
22,4589,2000
2,4592,0
3,4592,0
4,4592,0
5,4592,0
6,4592,0
7,4592,0
8,4592,0
9,4592,0
10,4592,0
12,4592,8000
13,4592,0
14,4592,0
15,4592,0
16,4592,0
17,4592,0
18,4592,0
19,4592,0
20,4592,0
24,4592,0
25,4592,18000
1,4595,0
2,4595,0
3,4595,0
4,4595,6000
5,4595,0
6,4595,0
7,4595,0
8,4595,0
9,4595,0
10,4595,0
11,4595,0
12,4595,48000
13,4595,0
14,4595,0
15,4595,0
16,4595,24000
17,4595,11000
18,4595,0
19,4595,180000
20,4595,0
1,4599,3000
3,4599,0
4,4599,2000
5,4599,1000
6,4599,3000
7,4599,1000
8,4599,2000
9,4599,1000
10,4599,2000
11,4599,2000
12,4599,1000
13,4599,2000
14,4599,12000
15,4599,0
16,4599,0
17,4599,1000
18,4599,3000
19,4599,3000
20,4599,4000
21,4599,1000
1,4602,0
2,4602,0
3,4602,0
4,4602,0
5,4602,0
6,4602,0
7,4602,0
8,4602,0
9,4602,0
10,4602,0
11,4602,0
12,4602,0
13,4602,0
14,4602,0
15,4602,0
16,4602,0
17,4602,0
18,4602,0
19,4602,0
20,4602,0
2,4605,0
4,4605,9000
5,4605,0
7,4605,12500
8,4605,21000
9,4605,5000
10,4605,0
11,4605,1500
14,4605,0
15,4605,2600
16,4605,0
17,4605,4200
18,4605,3000
19,4605,0
20,4605,0
21,4605,500
22,4605,2500
23,4605,2500
24,4605,2500
25,4605,0
1,4609,0
2,4609,2500
3,4609,0
4,4609,5000
5,4609,3000
6,4609,2500
7,4609,5000
8,4609,2500
9,4609,0
10,4609,2500
11,4609,6000
12,4609,5000
13,4609,2500
14,4609,8000
15,4609,10000
16,4609,2500
17,4609,1000
18,4609,3000
19,4609,1500
20,4609,2000
1,4612,6000
2,4612,16800
4,4612,12000
5,4612,6000
7,4612,6000
8,4612,6000
9,4612,10000
10,4612,10000
11,4612,16800
12,4612,6000
13,4612,10800
14,4612,0
15,4612,16000
16,4612,5000
17,4612,6000
18,4612,12000
19,4612,0
20,4612,6000
21,4612,60000
22,4612,18000
1,4615,0
2,4615,0
3,4615,0
4,4615,0
5,4615,0
7,4615,0
8,4615,0
9,4615,0
10,4615,0
11,4615,0
13,4615,0
14,4615,0
15,4615,0
16,4615,0
17,4615,0
19,4615,0
20,4615,0
21,4615,0
22,4615,0
23,4615,0
1,4619,6000
2,4619,6000
3,4619,4000
4,4619,4000
5,4619,4000
6,4619,10000
7,4619,0
8,4619,10000
9,4619,4000
10,4619,10000
11,4619,10000
12,4619,8000
13,4619,4000
14,4619,10000
15,4619,8000
16,4619,5000
17,4619,4000
18,4619,4000
19,4619,0
20,4619,6000
1,4622,5000
2,4622,0
3,4622,3000
4,4622,1500
5,4622,0
6,4622,1000
7,4622,4000
8,4622,0
9,4622,5000
10,4622,0
11,4622,1500
12,4622,0
13,4622,1500
14,4622,0
15,4622,0
16,4622,1500
17,4622,0
18,4622,0
19,4622,0
20,4622,0
1,4625,3000
2,4625,0
3,4625,13000
4,4625,50000
5,4625,3000
6,4625,8000
7,4625,8000
8,4625,0
9,4625,8000
10,4625,26000
11,4625,3000
12,4625,0
13,4625,8000
14,4625,3000
15,4625,3000
16,4625,8000
17,4625,3000
18,4625,6000
19,4625,80000
20,4625,0
1,4629,2400
2,4629,2400
4,4629,2400
5,4629,0
6,4629,2400
7,4629,2400
8,4629,6000
9,4629,2400
11,4629,2400
13,4629,2400
14,4629,2400
15,4629,2400
16,4629,2400
17,4629,2400
18,4629,2400
19,4629,2400
20,4629,2400
21,4629,2400
23,4629,2400
25,4629,2400
1,4632,0
2,4632,0
3,4632,0
4,4632,0
5,4632,0
6,4632,24000
7,4632,0
9,4632,0
12,4632,0
13,4632,0
14,4632,0
15,4632,0
16,4632,10000
17,4632,10000
18,4632,0
19,4632,0
20,4632,0
21,4632,6000
22,4632,0
24,4632,1000
1,4635,0
2,4635,0
3,4635,0
4,4635,0
5,4635,0
6,4635,0
7,4635,0
8,4635,0
9,4635,0
10,4635,0
11,4635,0
12,4635,0
13,4635,0
14,4635,0
15,4635,0
18,4635,0
19,4635,0
20,4635,0
21,4635,0
22,4635,0
1,4639,1000
2,4639,1200
3,4639,0
4,4639,0
5,4639,0
6,4639,0
7,4639,0
9,4639,0
10,4639,0
11,4639,10000
12,4639,1000
13,4639,0
14,4639,0
15,4639,0
16,4639,0
17,4639,0
18,4639,0
19,4639,0
20,4639,0
23,4639,0
1,4642,0
2,4642,0
3,4642,20000
4,4642,2000
5,4642,0
6,4642,0
7,4642,2500
8,4642,0
9,4642,0
10,4642,0
11,4642,0
12,4642,0
13,4642,0
14,4642,0
15,4642,0
16,4642,0
17,4642,0
18,4642,0
19,4642,0
20,4642,0
1,4645,0
2,4645,20000
4,4645,0
5,4645,140000
7,4645,6000
8,4645,0
9,4645,6000
10,4645,30000
11,4645,20000
12,4645,8000
13,4645,3000
15,4645,0
16,4645,1000
18,4645,2000
19,4645,20000
20,4645,10000
22,4645,8000
23,4645,2000
24,4645,10000
25,4645,10000
1,4649,0
2,4649,0
3,4649,0
4,4649,0
5,4649,0
6,4649,0
7,4649,0
8,4649,0
9,4649,0
10,4649,0
11,4649,0
12,4649,0
13,4649,0
14,4649,0
15,4649,0
16,4649,0
17,4649,0
18,4649,0
19,4649,0
20,4649,0
1,4652,8000
2,4652,0
3,4652,0
4,4652,0
5,4652,5000
6,4652,0
7,4652,0
8,4652,0
9,4652,10000
10,4652,0
11,4652,0
12,4652,2500
13,4652,2000
14,4652,0
15,4652,0
16,4652,0
17,4652,0
19,4652,10000
20,4652,5000
21,4652,0
1,4655,5000
2,4655,5000
3,4655,10000
4,4655,0
5,4655,5000
6,4655,0
7,4655,15000
8,4655,0
9,4655,5000
10,4655,0
11,4655,15000
12,4655,5000
13,4655,15000
14,4655,5000
15,4655,15000
16,4655,5000
17,4655,5000
18,4655,10000
19,4655,0
20,4655,5000
1,4659,0
2,4659,0
3,4659,0
4,4659,4000
5,4659,0
6,4659,0
7,4659,10000
8,4659,1500
9,4659,2000
10,4659,60000
11,4659,0
12,4659,0
13,4659,0
14,4659,0
15,4659,5000
16,4659,2000
17,4659,0
18,4659,2000
19,4659,0
20,4659,0
1,4662,0
2,4662,0
3,4662,0
4,4662,0
5,4662,0
6,4662,0
7,4662,0
8,4662,0
9,4662,0
11,4662,0
12,4662,0
13,4662,0
14,4662,0
15,4662,0
16,4662,0
17,4662,0
18,4662,0
19,4662,72000
20,4662,0
21,4662,0
1,4665,0
2,4665,0
3,4665,0
4,4665,0
5,4665,0
6,4665,0
7,4665,0
8,4665,0
9,4665,0
10,4665,0
11,4665,0
12,4665,0
13,4665,0
14,4665,0
15,4665,0
16,4665,0
17,4665,0
18,4665,0
19,4665,0
20,4665,0
1,4669,0
2,4669,0
3,4669,0
4,4669,0
5,4669,0
6,4669,0
7,4669,0
8,4669,0
9,4669,0
10,4669,0
11,4669,0
12,4669,0
13,4669,0
14,4669,0
15,4669,0
16,4669,0
17,4669,0
18,4669,0
20,4669,0
21,4669,0
1,4672,0
2,4672,0
3,4672,0
4,4672,0
5,4672,0
6,4672,0
7,4672,0
9,4672,0
10,4672,0
11,4672,0
12,4672,0
13,4672,0
14,4672,0
15,4672,0
16,4672,0
17,4672,0
18,4672,0
19,4672,0
20,4672,0
21,4672,0
1,4675,0
2,4675,0
3,4675,0
4,4675,0
5,4675,0
6,4675,0
7,4675,0
8,4675,0
9,4675,0
10,4675,0
11,4675,0
12,4675,0
13,4675,0
14,4675,0
15,4675,0
16,4675,0
18,4675,0
19,4675,0
20,4675,0
21,4675,0
1,4679,0
2,4679,0
4,4679,0
5,4679,0
6,4679,0
7,4679,2e+05
8,4679,0
9,4679,0
10,4679,0
11,4679,0
12,4679,0
13,4679,0
14,4679,0
15,4679,0
16,4679,0
17,4679,0
18,4679,0
19,4679,0
22,4679,0
24,4679,5000
1,4682,0
2,4682,0
3,4682,0
4,4682,0
5,4682,3e+06
6,4682,0
7,4682,0
8,4682,0
9,4682,0
10,4682,0
11,4682,5e+05
12,4682,0
13,4682,0
14,4682,0
15,4682,0
16,4682,0
17,4682,0
18,4682,0
19,4682,0
20,4682,0
1,4685,0
2,4685,20000
3,4685,0
5,4685,20000
6,4685,5000
7,4685,0
8,4685,4000
9,4685,1e+05
10,4685,10000
12,4685,0
13,4685,0
14,4685,0
15,4685,0
16,4685,0
17,4685,0
18,4685,0
19,4685,2000
23,4685,6000
24,4685,0
25,4685,0
1,4689,12000
2,4689,0
3,4689,0
4,4689,20000
5,4689,25000
6,4689,0
7,4689,5000
8,4689,0
9,4689,5000
10,4689,0
11,4689,0
12,4689,0
13,4689,20000
14,4689,0
15,4689,4800
16,4689,5000
18,4689,30000
19,4689,59000
20,4689,24000
21,4689,0
1,4692,0
2,4692,0
3,4692,0
4,4692,0
5,4692,0
6,4692,0
7,4692,0
8,4692,0
9,4692,0
10,4692,0
11,4692,0
12,4692,0
13,4692,1000
14,4692,4000
15,4692,0
16,4692,0
18,4692,0
19,4692,0
20,4692,0
21,4692,0
1,4695,0
2,4695,0
3,4695,0
4,4695,0
5,4695,10000
6,4695,0
7,4695,0
8,4695,0
9,4695,20000
10,4695,0
11,4695,0
12,4695,0
13,4695,0
14,4695,2000
16,4695,0
17,4695,0
18,4695,5000
19,4695,0
20,4695,0
22,4695,0
1,4699,0
2,4699,0
3,4699,20000
4,4699,0
5,4699,15000
6,4699,0
7,4699,0
8,4699,20000
9,4699,6000
10,4699,55000
11,4699,20000
12,4699,0
13,4699,6000
14,4699,0
15,4699,7000
16,4699,0
17,4699,5000
18,4699,20000
19,4699,2e+05
22,4699,15000
1,4702,0
3,4702,0
4,4702,0
5,4702,0
6,4702,0
7,4702,0
8,4702,0
10,4702,0
11,4702,0
12,4702,0
13,4702,0
14,4702,0
15,4702,0
17,4702,0
18,4702,0
20,4702,0
21,4702,0
22,4702,12000
23,4702,500
25,4702,0
1,4705,0
2,4705,0
3,4705,0
4,4705,0
5,4705,0
6,4705,0
7,4705,25000
8,4705,0
9,4705,0
10,4705,0
11,4705,0
12,4705,0
13,4705,40000
14,4705,0
15,4705,20000
16,4705,30000
17,4705,40000
18,4705,0
19,4705,0
20,4705,40000
1,4709,0
2,4709,0
3,4709,0
4,4709,0
5,4709,0
6,4709,0
7,4709,0
8,4709,1e+05
9,4709,0
10,4709,0
11,4709,0
12,4709,0
13,4709,0
14,4709,0
15,4709,0
16,4709,0
17,4709,6000
18,4709,0
19,4709,0
21,4709,0
1,4712,0
2,4712,0
3,4712,0
4,4712,0
5,4712,0
6,4712,0
7,4712,0
8,4712,0
9,4712,0
10,4712,0
11,4712,0
12,4712,0
13,4712,0
14,4712,0
15,4712,0
16,4712,0
17,4712,0
18,4712,0
19,4712,0
20,4712,0
1,4715,0
2,4715,20000
3,4715,10000
4,4715,0
5,4715,0
6,4715,0
7,4715,0
8,4715,20000
9,4715,480000
10,4715,0
11,4715,30000
12,4715,0
13,4715,0
14,4715,0
16,4715,0
17,4715,0
18,4715,25000
19,4715,20000
20,4715,0
21,4715,0
1,4719,0
2,4719,0
4,4719,0
6,4719,0
7,4719,0
8,4719,10000
9,4719,0
10,4719,0
11,4719,3000
12,4719,0
13,4719,0
14,4719,0
15,4719,0
16,4719,0
17,4719,0
18,4719,1000
19,4719,0
20,4719,0
22,4719,0
23,4719,0
1,4722,0
2,4722,0
3,4722,0
4,4722,0
5,4722,20000
6,4722,0
7,4722,0
8,4722,0
9,4722,0
10,4722,0
11,4722,0
12,4722,0
16,4722,0
17,4722,0
18,4722,50000
19,4722,0
20,4722,10000
21,4722,0
22,4722,0
25,4722,0
1,4725,0
2,4725,0
3,4725,0
4,4725,0
5,4725,0
6,4725,0
7,4725,0
8,4725,0
9,4725,0
10,4725,0
11,4725,0
12,4725,0
13,4725,0
14,4725,0
15,4725,0
16,4725,0
17,4725,0
18,4725,0
19,4725,0
24,4725,0
1,4729,0
3,4729,0
4,4729,0
5,4729,0
7,4729,5000
10,4729,0
11,4729,0
12,4729,0
13,4729,0
14,4729,0
15,4729,0
16,4729,0
17,4729,0
18,4729,0
19,4729,0
20,4729,0
21,4729,0
22,4729,0
23,4729,0
24,4729,0
1,4732,0
2,4732,0
3,4732,0
4,4732,0
5,4732,0
6,4732,0
7,4732,0
8,4732,0
9,4732,0
10,4732,0
11,4732,0
12,4732,0
13,4732,0
14,4732,0
15,4732,0
16,4732,0
17,4732,0
18,4732,0
19,4732,0
20,4732,0
1,4735,0
2,4735,0
3,4735,0
4,4735,0
5,4735,0
6,4735,0
7,4735,0
8,4735,0
9,4735,0
10,4735,0
11,4735,6000
14,4735,0
15,4735,0
16,4735,0
17,4735,0
18,4735,50000
19,4735,0
20,4735,0
22,4735,0
23,4735,0
1,4739,20000
2,4739,0
3,4739,0
4,4739,0
5,4739,0
7,4739,0
8,4739,5000
9,4739,0
10,4739,0
11,4739,0
12,4739,0
13,4739,0
14,4739,0
15,4739,0
16,4739,0
17,4739,4000
18,4739,0
19,4739,5000
20,4739,0
22,4739,10000
1,4742,0
2,4742,0
3,4742,0
4,4742,0
5,4742,0
6,4742,0
7,4742,0
8,4742,0
9,4742,0
10,4742,0
11,4742,0
12,4742,0
13,4742,0
14,4742,0
15,4742,0
16,4742,0
17,4742,0
18,4742,0
19,4742,0
20,4742,0
1,4745,0
2,4745,0
3,4745,0
4,4745,0
5,4745,0
6,4745,0
7,4745,0
8,4745,0
9,4745,0
10,4745,0
11,4745,0
12,4745,0
13,4745,0
14,4745,0
15,4745,0
17,4745,0
18,4745,0
19,4745,0
20,4745,0
21,4745,0
1,4750,0
3,4750,4000
5,4750,0
6,4750,0
7,4750,0
8,4750,0
9,4750,1000
10,4750,0
11,4750,1000
12,4750,5000
13,4750,0
14,4750,0
15,4750,0
16,4750,0
17,4750,0
18,4750,0
20,4750,0
22,4750,0
24,4750,0
25,4750,20000
1,4752,18250
2,4752,0
3,4752,0
4,4752,20000
5,4752,18000
6,4752,10000
8,4752,20000
9,4752,20000
10,4752,20000
11,4752,0
12,4752,0
13,4752,0
14,4752,0
15,4752,20000
16,4752,5000
17,4752,0
18,4752,0
19,4752,200
20,4752,0
22,4752,0
1,4755,0
2,4755,10000
3,4755,0
4,4755,0
5,4755,0
6,4755,0
7,4755,0
8,4755,0
9,4755,20000
10,4755,6000
11,4755,3000
12,4755,15000
13,4755,0
14,4755,10000
15,4755,10000
16,4755,0
17,4755,20000
18,4755,20000
19,4755,0
20,4755,21000
1,4759,0
2,4759,0
3,4759,0
4,4759,7000
5,4759,3000
6,4759,3000
7,4759,20000
8,4759,5000
9,4759,6000
10,4759,3000
11,4759,0
12,4759,10000
13,4759,0
14,4759,3000
15,4759,0
16,4759,7000
17,4759,0
18,4759,6000
19,4759,0
20,4759,4000
1,4762,5000
2,4762,0
3,4762,10000
4,4762,13000
5,4762,0
6,4762,0
9,4762,0
10,4762,0
11,4762,5500
12,4762,0
13,4762,0
14,4762,0
15,4762,5500
16,4762,0
17,4762,0
18,4762,0
19,4762,7000
20,4762,0
21,4762,5000
22,4762,0
1,4765,0
2,4765,0
3,4765,0
4,4765,0
5,4765,0
6,4765,0
7,4765,0
8,4765,0
9,4765,0
10,4765,0
11,4765,0
12,4765,0
14,4765,0
15,4765,0
16,4765,0
17,4765,0
20,4765,0
21,4765,0
22,4765,0
23,4765,0
1,4769,20000
2,4769,0
3,4769,10000
4,4769,5000
5,4769,0
6,4769,10000
7,4769,0
9,4769,10000
10,4769,0
11,4769,10000
12,4769,10000
13,4769,0
14,4769,0
16,4769,0
17,4769,10000
18,4769,10000
19,4769,20000
21,4769,0
22,4769,0
23,4769,0
1,4772,0
2,4772,0
3,4772,0
4,4772,0
5,4772,0
6,4772,0
7,4772,0
8,4772,0
9,4772,0
10,4772,0
11,4772,0
12,4772,0
13,4772,0
14,4772,0
15,4772,0
16,4772,0
17,4772,0
18,4772,0
19,4772,0
20,4772,0
1,4775,0
2,4775,0
3,4775,0
4,4775,0
5,4775,0
6,4775,0
7,4775,0
8,4775,0
9,4775,0
10,4775,0
11,4775,0
12,4775,0
13,4775,0
14,4775,0
15,4775,0
16,4775,0
17,4775,0
18,4775,0
19,4775,0
20,4775,0
1,4779,0
2,4779,30000
3,4779,25000
4,4779,30000
5,4779,10000
6,4779,10000
7,4779,50000
8,4779,5000
9,4779,5000
10,4779,12000
11,4779,3000
12,4779,0
13,4779,0
14,4779,0
15,4779,0
16,4779,35000
17,4779,0
18,4779,0
19,4779,0
20,4779,0
1,4782,3000
2,4782,0
3,4782,12000
4,4782,0
5,4782,4000
6,4782,60000
7,4782,6000
8,4782,2000
9,4782,0
10,4782,5000
11,4782,3000
12,4782,0
13,4782,2000
14,4782,5000
15,4782,10000
16,4782,3000
17,4782,0
18,4782,4000
19,4782,2000
20,4782,0
1,4785,5000
2,4785,10000
4,4785,5000
5,4785,20000
6,4785,10000
7,4785,2500
8,4785,0
10,4785,60000
11,4785,6000
12,4785,5000
13,4785,1200
14,4785,5000
15,4785,25000
16,4785,15000
17,4785,5000
19,4785,2000
20,4785,0
21,4785,2500
22,4785,2000
23,4785,5000
1,4790,6000
3,4790,3000
4,4790,0
7,4790,6000
8,4790,8000
9,4790,2000
10,4790,36000
11,4790,7000
12,4790,6000
14,4790,12000
16,4790,0
17,4790,0
18,4790,4000
19,4790,0
20,4790,0
21,4790,4000
22,4790,7000
23,4790,4000
24,4790,0
25,4790,0
1,4792,5000
2,4792,6500
3,4792,90000
4,4792,16000
5,4792,35000
6,4792,15000
7,4792,10000
8,4792,15000
9,4792,6900
10,4792,6000
11,4792,4000
12,4792,12500
13,4792,15000
14,4792,16000
15,4792,16000
16,4792,2000
17,4792,10000
18,4792,16000
19,4792,95000
20,4792,20000
1,4795,0
2,4795,0
3,4795,0
4,4795,0
5,4795,0
6,4795,0
7,4795,0
8,4795,0
9,4795,0
10,4795,0
11,4795,0
12,4795,0
13,4795,0
14,4795,0
15,4795,0
16,4795,0
17,4795,0
18,4795,0
19,4795,0
20,4795,0
1,4799,2000
2,4799,2000
3,4799,3000
4,4799,5000
5,4799,60000
6,4799,2000
7,4799,10000
8,4799,15000
9,4799,13000
10,4799,2000
11,4799,2000
12,4799,2000
13,4799,1000
14,4799,18000
15,4799,0
16,4799,2000
17,4799,1000
18,4799,4000
19,4799,2400
20,4799,10000
1,4802,0
2,4802,19000
3,4802,0
4,4802,5000
5,4802,5000
6,4802,0
7,4802,0
8,4802,0
9,4802,0
10,4802,6000
11,4802,0
12,4802,10000
13,4802,0
14,4802,0
15,4802,6000
16,4802,0
17,4802,0
18,4802,0
19,4802,10000
20,4802,0
1,4805,4000
2,4805,4000
3,4805,12000
4,4805,8000
5,4805,4000
6,4805,8000
7,4805,4000
8,4805,7000
9,4805,6000
10,4805,4000
11,4805,4000
12,4805,4000
13,4805,8000
14,4805,8000
15,4805,0
16,4805,8000
17,4805,4000
18,4805,6000
19,4805,8000
20,4805,4000
1,4809,0
2,4809,3000
3,4809,2500
4,4809,0
5,4809,500
6,4809,1500
7,4809,2000
9,4809,1500
10,4809,0
11,4809,0
12,4809,0
13,4809,0
14,4809,0
15,4809,0
16,4809,0
17,4809,0
18,4809,0
19,4809,0
20,4809,0
24,4809,0
1,4812,4500
2,4812,10000
3,4812,4500
4,4812,3000
5,4812,6000
6,4812,15000
7,4812,0
8,4812,4000
9,4812,0
10,4812,0
11,4812,0
12,4812,0
13,4812,0
14,4812,0
15,4812,0
16,4812,0
17,4812,0
18,4812,0
19,4812,0
20,4812,0
1,4815,10000
2,4815,0
3,4815,15000
4,4815,0
5,4815,0
6,4815,0
7,4815,0
8,4815,0
9,4815,20000
10,4815,30000
11,4815,0
12,4815,0
13,4815,13000
14,4815,4000
15,4815,0
16,4815,0
17,4815,10000
18,4815,1e+05
19,4815,3000
20,4815,20000
1,4819,1000
2,4819,0
3,4819,2000
4,4819,2000
5,4819,5000
6,4819,5000
7,4819,0
8,4819,10000
9,4819,0
10,4819,5000
11,4819,30000
12,4819,0
13,4819,50000
14,4819,0
15,4819,4000
16,4819,20000
17,4819,0
18,4819,0
19,4819,2000
20,4819,2000
1,4822,4000
2,4822,5000
3,4822,3000
4,4822,4000
5,4822,4000
6,4822,0
7,4822,6500
8,4822,0
9,4822,4000
10,4822,2000
11,4822,0
12,4822,2000
13,4822,2000
14,4822,0
15,4822,2000
16,4822,0
17,4822,0
18,4822,0
19,4822,0
20,4822,2000
1,4825,0
4,4825,0
5,4825,0
6,4825,0
7,4825,0
8,4825,0
9,4825,0
10,4825,0
11,4825,0
12,4825,0
13,4825,0
14,4825,0
15,4825,0
16,4825,0
17,4825,0
18,4825,0
19,4825,0
20,4825,0
21,4825,0
23,4825,0
1,4829,0
2,4829,0
3,4829,0
4,4829,0
5,4829,0
6,4829,0
7,4829,0
8,4829,0
9,4829,0
10,4829,0
11,4829,0
12,4829,0
13,4829,0
14,4829,0
15,4829,0
16,4829,0
17,4829,0
18,4829,0
19,4829,0
20,4829,0
1,4832,2000
2,4832,1000
3,4832,2000
4,4832,2000
5,4832,2000
6,4832,2000
7,4832,1000
8,4832,2000
9,4832,1000
10,4832,0
11,4832,1000
12,4832,1000
13,4832,2000
14,4832,1000
15,4832,0
16,4832,3000
17,4832,0
18,4832,2000
19,4832,1000
20,4832,2000
1,4835,5500
2,4835,1500
3,4835,0
4,4835,5000
5,4835,0
6,4835,1000
7,4835,2500
8,4835,5000
9,4835,0
10,4835,2000
11,4835,2000
12,4835,3000
13,4835,0
14,4835,0
15,4835,5500
16,4835,0
17,4835,2500
18,4835,8000
19,4835,0
20,4835,4000
1,4839,5000
2,4839,4000
3,4839,5000
4,4839,5000
5,4839,5000
6,4839,0
7,4839,10000
8,4839,0
9,4839,0
10,4839,10000
11,4839,5000
12,4839,0
13,4839,5000
14,4839,5000
15,4839,15000
16,4839,10000
17,4839,10000
18,4839,5000
19,4839,5000
20,4839,5000
1,4842,0
2,4842,0
3,4842,0
4,4842,0
5,4842,0
6,4842,0
7,4842,0
8,4842,0
9,4842,0
10,4842,0
11,4842,0
12,4842,0
13,4842,0
14,4842,0
15,4842,0
16,4842,0
17,4842,0
18,4842,0
19,4842,0
20,4842,0
1,4845,0
2,4845,0
3,4845,0
4,4845,0
6,4845,0
7,4845,0
8,4845,0
10,4845,0
11,4845,0
12,4845,0
13,4845,0
14,4845,0
15,4845,0
16,4845,0
17,4845,0
18,4845,0
19,4845,0
20,4845,0
23,4845,0
25,4845,0
1,4849,0
2,4849,6000
3,4849,0
4,4849,0
5,4849,1000
6,4849,0
7,4849,0
8,4849,0
9,4849,0
10,4849,10000
11,4849,4500
12,4849,4500
13,4849,0
14,4849,4500
15,4849,0
16,4849,0
17,4849,0
18,4849,4500
19,4849,4500
20,4849,4500
1,4852,0
2,4852,1000
3,4852,2000
4,4852,1000
5,4852,5000
6,4852,20000
7,4852,20000
8,4852,5000
9,4852,20000
10,4852,15000
11,4852,2000
12,4852,2000
13,4852,20000
14,4852,20000
15,4852,30000
16,4852,20000
17,4852,10000
18,4852,20000
19,4852,40000
20,4852,20000
1,4855,3000
2,4855,3000
3,4855,0
4,4855,0
5,4855,0
6,4855,0
7,4855,3000
8,4855,3000
9,4855,3000
10,4855,4000
11,4855,0
12,4855,0
13,4855,0
14,4855,0
15,4855,0
16,4855,0
17,4855,0
18,4855,0
19,4855,0
20,4855,0
1,4859,0
2,4859,0
3,4859,0
4,4859,0
5,4859,5000
6,4859,2000
7,4859,0
8,4859,0
9,4859,5000
10,4859,1000
11,4859,5000
12,4859,0
13,4859,2000
14,4859,10000
15,4859,0
16,4859,0
17,4859,5000
18,4859,5000
19,4859,5000
20,4859,7000
1,4862,4000
2,4862,5000
3,4862,0
4,4862,3000
5,4862,0
6,4862,1000
7,4862,4000
8,4862,2700
9,4862,4000
10,4862,2000
11,4862,2000
12,4862,8000
13,4862,2500
14,4862,5000
15,4862,2000
16,4862,14000
17,4862,3000
18,4862,4000
19,4862,200
20,4862,3000
1,4865,0
2,4865,0
3,4865,0
4,4865,0
5,4865,0
6,4865,0
7,4865,0
8,4865,0
9,4865,0
10,4865,0
11,4865,0
12,4865,0
13,4865,0
14,4865,0
15,4865,0
16,4865,0
17,4865,0
18,4865,0
19,4865,0
20,4865,0
1,4869,2500
2,4869,5000
3,4869,3000
4,4869,3000
5,4869,2000
6,4869,0
7,4869,5000
8,4869,0
9,4869,6000
10,4869,5000
11,4869,0
12,4869,0
13,4869,3000
14,4869,3000
15,4869,3000
16,4869,3000
17,4869,3000
18,4869,3000
19,4869,4000
20,4869,4000
1,4872,4000
2,4872,4000
3,4872,4000
4,4872,4000
5,4872,4000
6,4872,4000
7,4872,4000
8,4872,4000
9,4872,4000
10,4872,4000
11,4872,4000
12,4872,4000
13,4872,4000
14,4872,4000
15,4872,4000
16,4872,4000
17,4872,1000
18,4872,1000
19,4872,1000
20,4872,1000
1,4875,0
2,4875,0
3,4875,0
4,4875,0
5,4875,0
6,4875,0
7,4875,0
8,4875,0
9,4875,0
10,4875,0
11,4875,0
12,4875,0
13,4875,0
14,4875,0
15,4875,0
16,4875,0
17,4875,0
18,4875,0
19,4875,0
20,4875,0
1,4879,0
2,4879,2000
3,4879,5000
4,4879,4800
5,4879,2000
6,4879,3000
7,4879,3200
8,4879,2000
9,4879,2000
10,4879,1500
11,4879,2400
12,4879,2000
13,4879,2000
14,4879,1500
15,4879,1000
16,4879,2400
17,4879,1500
18,4879,2400
19,4879,2400
20,4879,3600
1,4882,1000
2,4882,1000
3,4882,1000
4,4882,1200
5,4882,1000
6,4882,1000
7,4882,1000
8,4882,1000
9,4882,1000
10,4882,0
11,4882,0
13,4882,1000
14,4882,1000
15,4882,24000
16,4882,2000
17,4882,0
18,4882,1200
19,4882,1000
20,4882,1200
21,4882,0
1,4885,0
2,4885,0
3,4885,0
4,4885,0
5,4885,0
6,4885,0
7,4885,0
8,4885,0
9,4885,0
10,4885,0
11,4885,0
12,4885,0
13,4885,0
14,4885,0
15,4885,0
16,4885,0
17,4885,0
18,4885,0
19,4885,0
20,4885,30000
1,4889,0
2,4889,0
3,4889,0
4,4889,0
5,4889,0
6,4889,0
7,4889,0
8,4889,0
9,4889,0
10,4889,0
11,4889,0
12,4889,0
13,4889,0
14,4889,0
15,4889,0
16,4889,0
17,4889,0
18,4889,0
19,4889,0
20,4889,0
1,4892,0
2,4892,0
3,4892,0
4,4892,0
5,4892,0
6,4892,0
7,4892,0
8,4892,0
9,4892,0
10,4892,0
11,4892,0
12,4892,0
13,4892,0
14,4892,0
15,4892,0
16,4892,0
17,4892,0
18,4892,0
19,4892,0
20,4892,0
1,4895,5000
2,4895,0
3,4895,0
4,4895,0
5,4895,0
6,4895,0
7,4895,0
8,4895,0
9,4895,0
10,4895,0
11,4895,0
12,4895,0
13,4895,0
14,4895,0
15,4895,0
16,4895,0
17,4895,0
18,4895,0
19,4895,0
20,4895,0
1,4899,0
2,4899,0
3,4899,0
4,4899,0
5,4899,0
6,4899,0
7,4899,0
8,4899,0
9,4899,0
10,4899,0
11,4899,0
12,4899,0
13,4899,0
14,4899,0
15,4899,0
16,4899,0
17,4899,0
18,4899,0
19,4899,0
20,4899,0
1,4902,0
2,4902,0
3,4902,0
4,4902,0
5,4902,0
6,4902,0
7,4902,0
8,4902,3000
9,4902,0
10,4902,0
11,4902,0
12,4902,0
13,4902,0
14,4902,0
15,4902,0
16,4902,0
17,4902,0
18,4902,0
19,4902,0
20,4902,0
1,4905,0
2,4905,0
3,4905,0
4,4905,5000
5,4905,0
6,4905,0
7,4905,0
8,4905,0
9,4905,0
10,4905,0
11,4905,0
12,4905,0
13,4905,0
14,4905,0
15,4905,0
16,4905,0
17,4905,0
18,4905,0
19,4905,0
20,4905,0
1,4909,0
2,4909,0
3,4909,0
4,4909,0
5,4909,0
6,4909,0
7,4909,0
8,4909,0
9,4909,0
10,4909,0
11,4909,0
12,4909,0
13,4909,0
14,4909,0
15,4909,0
16,4909,0
17,4909,0
18,4909,0
19,4909,0
20,4909,0
1,4912,0
2,4912,0
3,4912,0
4,4912,0
5,4912,0
6,4912,0
7,4912,0
8,4912,0
9,4912,0
10,4912,0
11,4912,0
12,4912,0
13,4912,0
14,4912,0
16,4912,0
17,4912,0
18,4912,0
19,4912,0
20,4912,0
21,4912,0
1,4915,0
2,4915,0
3,4915,0
4,4915,0
5,4915,0
6,4915,0
7,4915,0
8,4915,0
9,4915,0
10,4915,0
11,4915,0
12,4915,0
13,4915,0
14,4915,0
15,4915,0
16,4915,0
17,4915,0
18,4915,0
19,4915,0
20,4915,0
1,4919,0
2,4919,0
3,4919,0
4,4919,0
5,4919,0
6,4919,0
7,4919,0
8,4919,0
9,4919,0
10,4919,0
11,4919,0
12,4919,0
13,4919,0
14,4919,0
15,4919,0
16,4919,0
17,4919,0
18,4919,0
19,4919,0
20,4919,0
1,4922,0
2,4922,0
3,4922,0
4,4922,0
5,4922,0
6,4922,0
7,4922,0
8,4922,0
9,4922,0
10,4922,0
11,4922,0
12,4922,0
13,4922,0
14,4922,0
15,4922,0
16,4922,0
17,4922,0
18,4922,0
19,4922,0
20,4922,0
1,4925,0
2,4925,0
3,4925,0
4,4925,20000
5,4925,0
6,4925,0
7,4925,0
8,4925,0
9,4925,0
10,4925,0
11,4925,0
12,4925,0
13,4925,0
14,4925,0
15,4925,0
16,4925,0
17,4925,0
18,4925,0
19,4925,0
20,4925,0
1,4929,15000
2,4929,10000
3,4929,6000
4,4929,20000
5,4929,50000
6,4929,10000
7,4929,40000
8,4929,3500
9,4929,2000
10,4929,10000
11,4929,0
12,4929,5000
13,4929,10000
14,4929,3500
15,4929,10000
16,4929,10000
17,4929,1000
18,4929,5000
19,4929,6000
20,4929,20000
1,4932,0
2,4932,50000
3,4932,15000
4,4932,0
5,4932,0
6,4932,2000
7,4932,1000
8,4932,1000
10,4932,0
11,4932,0
12,4932,0
13,4932,0
14,4932,2500
15,4932,20000
16,4932,3000
17,4932,5000
18,4932,0
19,4932,0
20,4932,0
22,4932,2000
1,4935,0
2,4935,0
3,4935,0
4,4935,0
5,4935,0
6,4935,0
7,4935,0
8,4935,4500
9,4935,0
10,4935,0
11,4935,0
12,4935,0
13,4935,0
14,4935,0
15,4935,0
16,4935,0
17,4935,0
18,4935,0
19,4935,0
20,4935,0
1,4939,0
2,4939,0
3,4939,5000
4,4939,0
5,4939,10000
6,4939,0
7,4939,5000
8,4939,10000
9,4939,10000
10,4939,0
11,4939,10000
12,4939,0
13,4939,6000
14,4939,10000
15,4939,0
16,4939,18000
17,4939,10000
18,4939,0
19,4939,15000
20,4939,0
1,4942,13000
2,4942,40000
3,4942,7500
4,4942,7500
5,4942,0
6,4942,8000
7,4942,7500
8,4942,10000
9,4942,10000
10,4942,8000
11,4942,3000
12,4942,11000
13,4942,7500
14,4942,3000
15,4942,0
16,4942,0
17,4942,10000
18,4942,10000
19,4942,25000
20,4942,1000
1,4944,4000
2,4944,4000
3,4944,4000
4,4944,4000
5,4944,0
6,4944,4000
7,4944,8000
8,4944,4000
9,4944,4000
10,4944,4000
11,4944,4000
12,4944,12000
13,4944,0
14,4944,12000
15,4944,12000
16,4944,8000
17,4944,1600
18,4944,4000
19,4944,4000
20,4944,5000
1,4949,10000
2,4949,20000
3,4949,10000
4,4949,20000
5,4949,0
6,4949,10000
7,4949,5000
8,4949,15000
9,4949,40000
10,4949,0
11,4949,20000
12,4949,5000
13,4949,10000
14,4949,20000
15,4949,10000
16,4949,5000
17,4949,5000
18,4949,2000
19,4949,4000
20,4949,5000
1,4952,0
2,4952,0
3,4952,0
4,4952,0
5,4952,0
6,4952,0
7,4952,0
8,4952,0
9,4952,0
10,4952,0
11,4952,0
12,4952,0
13,4952,0
14,4952,0
15,4952,0
16,4952,0
17,4952,0
18,4952,0
19,4952,0
20,4952,0
1,4955,0
2,4955,0
3,4955,2000
4,4955,4000
5,4955,2000
6,4955,4000
7,4955,0
8,4955,2000
9,4955,2000
10,4955,2000
11,4955,2000
12,4955,3000
13,4955,4000
14,4955,5000
15,4955,3000
16,4955,4000
17,4955,0
18,4955,2000
19,4955,2000
20,4955,0
1,4959,0
2,4959,0
3,4959,0
4,4959,0
5,4959,0
6,4959,0
7,4959,0
8,4959,0
9,4959,0
10,4959,0
11,4959,0
12,4959,0
13,4959,0
14,4959,0
15,4959,0
16,4959,0
17,4959,0
18,4959,0
20,4959,0
21,4959,0
2,4962,0
3,4962,5000
4,4962,0
5,4962,0
6,4962,0
7,4962,0
8,4962,0
9,4962,0
10,4962,0
12,4962,0
13,4962,0
14,4962,0
15,4962,0
16,4962,0
17,4962,0
18,4962,0
19,4962,48000
20,4962,0
21,4962,0
23,4962,0
1,4965,0
2,4965,75000
3,4965,0
4,4965,0
5,4965,0
6,4965,10000
7,4965,2000
8,4965,5000
9,4965,0
10,4965,0
11,4965,0
12,4965,0
13,4965,75000
14,4965,40000
15,4965,14000
16,4965,0
17,4965,6000
18,4965,250000
19,4965,50000
22,4965,5000
1,4969,0
2,4969,0
3,4969,0
4,4969,0
5,4969,0
6,4969,0
7,4969,0
8,4969,0
9,4969,0
10,4969,0
11,4969,0
12,4969,0
13,4969,0
14,4969,0
15,4969,0
16,4969,10000
17,4969,12000
18,4969,0
19,4969,0
20,4969,0
1,4972,0
2,4972,0
3,4972,0
4,4972,0
5,4972,0
6,4972,0
7,4972,0
8,4972,0
9,4972,0
10,4972,0
11,4972,15000
12,4972,11000
13,4972,0
14,4972,0
15,4972,0
16,4972,8000
17,4972,4000
18,4972,0
19,4972,20000
20,4972,10000
1,4975,30000
2,4975,0
3,4975,0
4,4975,0
5,4975,0
6,4975,0
7,4975,0
8,4975,0
9,4975,0
10,4975,0
11,4975,0
12,4975,0
13,4975,0
14,4975,0
15,4975,0
16,4975,0
17,4975,0
18,4975,0
19,4975,0
20,4975,0
1,4979,10000
2,4979,10000
3,4979,20000
4,4979,10000
5,4979,10000
6,4979,14000
7,4979,14000
8,4979,10000
9,4979,10000
10,4979,24000
11,4979,10000
12,4979,10000
13,4979,4000
14,4979,14000
15,4979,10000
16,4979,24000
17,4979,10000
18,4979,4000
19,4979,10000
20,4979,10000
1,4982,30000
2,4982,20000
3,4982,10000
4,4982,10000
5,4982,7000
6,4982,5000
7,4982,20000
8,4982,4000
9,4982,20000
10,4982,20000
11,4982,10000
12,4982,5000
13,4982,0
14,4982,0
15,4982,5000
16,4982,0
17,4982,10000
18,4982,0
19,4982,0
20,4982,5000
1,4985,0
2,4985,0
3,4985,0
4,4985,0
6,4985,0
7,4985,2000
8,4985,0
9,4985,2000
10,4985,0
11,4985,0
12,4985,0
13,4985,0
14,4985,0
15,4985,0
16,4985,0
17,4985,0
18,4985,0
19,4985,0
20,4985,0
21,4985,0
1,4989,0
2,4989,0
3,4989,0
4,4989,0
5,4989,0
6,4989,0
7,4989,0
8,4989,0
9,4989,0
10,4989,0
11,4989,0
12,4989,0
13,4989,0
14,4989,0
15,4989,0
16,4989,0
17,4989,0
18,4989,0
19,4989,0
20,4989,0
1,4992,0
2,4992,0
3,4992,0
5,4992,0
6,4992,0
7,4992,0
8,4992,0
9,4992,0
10,4992,0
11,4992,0
12,4992,0
13,4992,0
14,4992,0
15,4992,0
16,4992,0
17,4992,0
18,4992,0
19,4992,0
20,4992,0
21,4992,0
1,4995,0
2,4995,30000
3,4995,0
4,4995,0
5,4995,25000
6,4995,18000
7,4995,0
10,4995,0
11,4995,0
12,4995,0
13,4995,0
14,4995,0
15,4995,0
16,4995,0
17,4995,2000
18,4995,0
19,4995,0
20,4995,50000
21,4995,2000
24,4995,0
1,4999,0
2,4999,0
3,4999,0
4,4999,0
5,4999,0
6,4999,0
7,4999,0
8,4999,0
9,4999,0
10,4999,35000
11,4999,0
12,4999,0
13,4999,0
14,4999,0
15,4999,0
16,4999,0
17,4999,0
18,4999,10000
19,4999,5000
20,4999,5000
