nh,clust,Does_enterprise3_own_item
4,4002,1
5,4002,1.74980057982641e+100
5,4002,1.74980057982641e+100
5,4002,1.74980057982641e+100
6,4002,1.74980057982641e+100
7,4002,1.74980057982641e+100
7,4002,1.74980057982641e+100
9,4002,2
12,4002,1.74980057982641e+100
15,4002,1.74980057982641e+100
18,4002,1.74980057982641e+100
18,4002,1.74980057982641e+100
1,4005,1
4,4005,1
4,4005,2
4,4005,1
6,4005,1
6,4005,1.74980057982641e+100
7,4005,1
9,4005,2
9,4005,2
10,4005,1.74980057982641e+100
11,4005,1.74980057982641e+100
13,4005,1.74980057982641e+100
14,4005,1.74980057982641e+100
14,4005,1.74980057982641e+100
14,4005,1
14,4005,1
15,4005,1.74980057982641e+100
15,4005,2
18,4005,1
18,4005,1.74980057982641e+100
20,4005,1.74980057982641e+100
20,4005,1
5,4009,1.74980057982641e+100
7,4009,1.74980057982641e+100
7,4009,1.74980057982641e+100
12,4009,1.74980057982641e+100
12,4009,1.74980057982641e+100
15,4009,1
19,4009,1.74980057982641e+100
19,4009,1.74980057982641e+100
21,4009,2
6,4012,1.74980057982641e+100
7,4012,1.74980057982641e+100
12,4012,1.74980057982641e+100
18,4012,1.74980057982641e+100
19,4012,1.74980057982641e+100
20,4012,1.74980057982641e+100
2,4015,1.74980057982641e+100
2,4015,1.74980057982641e+100
4,4015,1.74980057982641e+100
5,4015,1.74980057982641e+100
7,4015,1.74980057982641e+100
12,4015,1.74980057982641e+100
13,4015,1.74980057982641e+100
14,4015,1.74980057982641e+100
19,4015,1.74980057982641e+100
19,4015,1.74980057982641e+100
21,4015,1.74980057982641e+100
7,4019,1
9,4019,1
10,4019,1
14,4019,2
18,4019,1
20,4019,1
2,4022,1
2,4022,1.74980057982641e+100
4,4022,1
4,4022,1
5,4022,2
6,4022,1.74980057982641e+100
6,4022,1.74980057982641e+100
9,4022,1.74980057982641e+100
10,4022,1.74980057982641e+100
11,4022,1.74980057982641e+100
11,4022,1
11,4022,1.74980057982641e+100
13,4022,1
13,4022,1
16,4022,2
17,4022,1
17,4022,1
19,4022,2
19,4022,1
19,4022,2
5,4025,1.74980057982641e+100
5,4025,1.74980057982641e+100
5,4025,1.74980057982641e+100
5,4025,1.74980057982641e+100
5,4025,1.74980057982641e+100
5,4025,1.74980057982641e+100
5,4025,1.74980057982641e+100
5,4025,1.74980057982641e+100
5,4025,1.74980057982641e+100
8,4025,1
9,4025,1.74980057982641e+100
10,4025,2
11,4025,1.74980057982641e+100
12,4025,1
18,4025,1
20,4025,1
1,4029,1
1,4029,1.74980057982641e+100
8,4029,1
8,4029,1.74980057982641e+100
11,4029,1
11,4029,2
14,4029,1.74980057982641e+100
18,4029,1.74980057982641e+100
3,4032,2
4,4032,1
7,4032,2
8,4032,2
9,4032,2
10,4032,2
12,4032,2
15,4032,2
17,4032,2
19,4032,2
20,4032,1.74980057982641e+100
2,4035,2
14,4035,1.74980057982641e+100
15,4035,1.74980057982641e+100
16,4035,1.74980057982641e+100
19,4035,1.74980057982641e+100
3,4039,1
4,4039,1.74980057982641e+100
5,4039,1
9,4039,1.74980057982641e+100
9,4039,1
10,4039,1.74980057982641e+100
13,4039,1.74980057982641e+100
14,4039,1.74980057982641e+100
16,4039,1.74980057982641e+100
1,4042,1
1,4042,1
2,4042,1.74980057982641e+100
3,4042,1.74980057982641e+100
3,4042,1.74980057982641e+100
5,4042,2
9,4042,1.74980057982641e+100
9,4042,1
9,4042,1
11,4042,1.74980057982641e+100
12,4042,2
13,4042,1.74980057982641e+100
15,4042,1.74980057982641e+100
16,4042,2
20,4042,2
3,4044,1.74980057982641e+100
8,4044,1.74980057982641e+100
8,4044,1.74980057982641e+100
10,4044,1.74980057982641e+100
17,4044,1.74980057982641e+100
1,4049,1.74980057982641e+100
5,4049,1.74980057982641e+100
10,4049,1
10,4049,1.74980057982641e+100
12,4049,1
12,4049,1.74980057982641e+100
13,4049,1
15,4049,1.74980057982641e+100
16,4049,2
17,4049,1.74980057982641e+100
18,4049,2
18,4049,1
19,4049,1.74980057982641e+100
20,4049,1.74980057982641e+100
1,4052,1.74980057982641e+100
3,4052,1.74980057982641e+100
5,4052,1.74980057982641e+100
6,4052,1.74980057982641e+100
9,4052,1.74980057982641e+100
10,4052,1.74980057982641e+100
11,4052,1
12,4052,1
12,4052,1.74980057982641e+100
15,4052,1.74980057982641e+100
16,4052,1.74980057982641e+100
17,4052,2
17,4052,1.74980057982641e+100
19,4052,1.74980057982641e+100
20,4052,1
1,4055,1
11,4055,1.74980057982641e+100
11,4055,1.74980057982641e+100
15,4055,1.74980057982641e+100
17,4055,1.74980057982641e+100
17,4055,1.74980057982641e+100
20,4055,1.74980057982641e+100
20,4055,1.74980057982641e+100
2,4059,1
5,4059,2
8,4059,1.74980057982641e+100
15,4059,2
19,4059,2
20,4059,2
1,4062,1.74980057982641e+100
1,4062,1.74980057982641e+100
2,4062,1.74980057982641e+100
2,4062,1.74980057982641e+100
4,4062,2
5,4062,1
5,4062,1
6,4062,1.74980057982641e+100
7,4062,2
8,4062,1.74980057982641e+100
8,4062,1.74980057982641e+100
13,4062,1
19,4062,1.74980057982641e+100
19,4062,1.74980057982641e+100
20,4062,2
20,4062,1.74980057982641e+100
20,4062,1.74980057982641e+100
3,4065,1
10,4065,1
17,4065,1
17,4065,1.74980057982641e+100
7,4069,1.74980057982641e+100
14,4069,2
1,4072,1.74980057982641e+100
1,4072,1.74980057982641e+100
5,4072,1.74980057982641e+100
11,4072,2
4,4075,1.74980057982641e+100
6,4075,1.74980057982641e+100
9,4075,1.74980057982641e+100
16,4075,1.74980057982641e+100
18,4075,1.74980057982641e+100
20,4075,1.74980057982641e+100
20,4075,1.74980057982641e+100
1,4079,2
2,4079,1
3,4079,2
3,4079,2
5,4079,2
6,4079,1
6,4079,2
7,4079,2
7,4079,2
7,4079,2
8,4079,2
9,4079,2
11,4079,2
12,4079,2
13,4079,2
14,4079,2
16,4079,2
18,4079,2
19,4079,1
20,4079,2
20,4079,2
1,4081,1.74980057982641e+100
2,4081,1.74980057982641e+100
3,4081,1.74980057982641e+100
6,4081,1.74980057982641e+100
12,4081,1.74980057982641e+100
19,4081,1.74980057982641e+100
3,4084,1.74980057982641e+100
3,4084,1
3,4084,1.74980057982641e+100
3,4084,1.74980057982641e+100
3,4084,1.74980057982641e+100
9,4084,2
9,4084,1.74980057982641e+100
9,4084,1.74980057982641e+100
10,4084,1.74980057982641e+100
10,4084,1
11,4084,2
13,4084,2
14,4084,2
16,4084,1.74980057982641e+100
20,4084,1.74980057982641e+100
20,4084,1.74980057982641e+100
1,4089,2
4,4089,2
7,4089,2
9,4089,2
12,4089,2
14,4089,2
16,4089,2
19,4089,2
1,4092,1.74980057982641e+100
1,4092,1.74980057982641e+100
1,4092,1
2,4092,1
4,4092,1.74980057982641e+100
4,4092,1
4,4092,1.74980057982641e+100
4,4092,1.74980057982641e+100
6,4092,1.74980057982641e+100
6,4092,1.74980057982641e+100
6,4092,1.74980057982641e+100
6,4092,1.74980057982641e+100
7,4092,1.74980057982641e+100
7,4092,1
8,4092,1.74980057982641e+100
10,4092,1.74980057982641e+100
10,4092,1.74980057982641e+100
10,4092,1.74980057982641e+100
11,4092,1.74980057982641e+100
12,4092,1.74980057982641e+100
13,4092,1.74980057982641e+100
13,4092,1.74980057982641e+100
13,4092,1.74980057982641e+100
13,4092,1.74980057982641e+100
14,4092,1.74980057982641e+100
14,4092,1.74980057982641e+100
15,4092,1.74980057982641e+100
15,4092,1.74980057982641e+100
15,4092,1.74980057982641e+100
15,4092,1.74980057982641e+100
16,4092,1.74980057982641e+100
16,4092,1.74980057982641e+100
18,4092,1.74980057982641e+100
18,4092,1.74980057982641e+100
18,4092,1
19,4092,1.74980057982641e+100
19,4092,1.74980057982641e+100
19,4092,1.74980057982641e+100
20,4092,1.74980057982641e+100
20,4092,1.74980057982641e+100
8,4095,1.74980057982641e+100
10,4095,1.74980057982641e+100
6,4099,1.74980057982641e+100
6,4099,1.74980057982641e+100
7,4099,1.74980057982641e+100
7,4099,1.74980057982641e+100
8,4099,1.74980057982641e+100
8,4099,1.74980057982641e+100
11,4099,1.74980057982641e+100
11,4099,1.74980057982641e+100
11,4099,1.74980057982641e+100
11,4099,1.74980057982641e+100
11,4099,1
11,4099,1
11,4099,1
12,4099,1.74980057982641e+100
13,4099,1
19,4099,1
1,4102,1
1,4102,2
1,4102,2
4,4102,1.74980057982641e+100
7,4102,1.74980057982641e+100
8,4102,1
8,4102,1.74980057982641e+100
9,4102,1.74980057982641e+100
10,4102,2
11,4102,2
11,4102,1.74980057982641e+100
11,4102,1.74980057982641e+100
12,4102,1.74980057982641e+100
14,4102,1.74980057982641e+100
14,4102,1.74980057982641e+100
14,4102,1
16,4102,1.74980057982641e+100
16,4102,1.74980057982641e+100
17,4102,1.74980057982641e+100
19,4102,1.74980057982641e+100
19,4102,1.74980057982641e+100
21,4102,1.74980057982641e+100
21,4102,1.74980057982641e+100
3,4105,1
3,4105,1
4,4105,1
5,4105,1
6,4105,1.74980057982641e+100
6,4105,1
6,4105,2
11,4105,1
11,4105,2
14,4105,1.74980057982641e+100
14,4105,1.74980057982641e+100
18,4105,2
21,4105,1.74980057982641e+100
21,4105,1
21,4105,1
1,4109,1.74980057982641e+100
6,4109,1.74980057982641e+100
10,4109,1.74980057982641e+100
14,4109,1
18,4109,2
18,4109,1.74980057982641e+100
1,4112,1.74980057982641e+100
2,4112,1
3,4112,1
3,4112,2
6,4112,1.74980057982641e+100
6,4112,1
8,4112,1
12,4112,2
15,4112,1
19,4112,1
20,4112,2
20,4112,1
1,4115,1
4,4115,1.74980057982641e+100
4,4115,1.74980057982641e+100
9,4115,1
15,4115,1.74980057982641e+100
17,4115,1.74980057982641e+100
19,4115,2
4,4119,1.74980057982641e+100
8,4119,1.74980057982641e+100
8,4119,1
11,4119,1.74980057982641e+100
15,4119,1
17,4119,2
17,4119,2
1,4122,1.74980057982641e+100
5,4122,1.74980057982641e+100
6,4122,1.74980057982641e+100
8,4122,1.74980057982641e+100
12,4122,1.74980057982641e+100
15,4122,1.74980057982641e+100
16,4122,2
6,4125,1
6,4125,2
7,4125,2
8,4125,2
11,4125,1
14,4125,1
17,4125,1
18,4125,2
1,4129,1
1,4129,1.74980057982641e+100
3,4129,1
3,4129,1.74980057982641e+100
7,4129,1
9,4129,1
15,4129,1
16,4129,1
12,4132,1.74980057982641e+100
12,4132,1.74980057982641e+100
15,4132,1.74980057982641e+100
10,4134,2
2,4139,1.74980057982641e+100
2,4139,1.74980057982641e+100
2,4139,1.74980057982641e+100
3,4139,1.74980057982641e+100
3,4139,1
6,4139,1.74980057982641e+100
7,4139,2
7,4139,1
9,4139,1
10,4139,1
10,4139,2
11,4139,1.74980057982641e+100
12,4139,1
12,4139,1.74980057982641e+100
13,4139,1.74980057982641e+100
14,4139,1
15,4139,1
16,4139,2
16,4139,2
16,4139,1
17,4139,2
17,4139,1
17,4139,1.74980057982641e+100
17,4139,2
18,4139,1.74980057982641e+100
19,4139,1
19,4139,1
20,4139,1
20,4139,1
20,4139,2
20,4139,1
5,4142,2
6,4142,1
6,4142,2
6,4142,2
8,4142,1.74980057982641e+100
9,4142,1.74980057982641e+100
11,4142,2
17,4142,1.74980057982641e+100
18,4142,1.74980057982641e+100
22,4142,2
8,4152,1.74980057982641e+100
10,4152,1.74980057982641e+100
10,4152,1.74980057982641e+100
19,4152,2
1,4155,2
2,4155,2
2,4155,2
3,4155,2
5,4155,2
5,4155,2
6,4155,2
6,4155,2
7,4155,2
8,4155,2
9,4155,2
10,4155,2
12,4155,2
12,4155,2
13,4155,1.74980057982641e+100
14,4155,2
15,4155,2
17,4155,2
18,4155,2
5,4159,1.74980057982641e+100
5,4159,1.74980057982641e+100
5,4159,1.74980057982641e+100
6,4159,1.74980057982641e+100
7,4159,1.74980057982641e+100
7,4159,1.74980057982641e+100
7,4159,1.74980057982641e+100
8,4159,1.74980057982641e+100
8,4159,1.74980057982641e+100
10,4159,1.74980057982641e+100
10,4159,1.74980057982641e+100
11,4159,1.74980057982641e+100
12,4159,1.74980057982641e+100
13,4159,1.74980057982641e+100
14,4159,1.74980057982641e+100
14,4159,1.74980057982641e+100
15,4159,1.74980057982641e+100
17,4159,1.74980057982641e+100
17,4159,1.74980057982641e+100
17,4159,1.74980057982641e+100
19,4159,1.74980057982641e+100
4,4162,2
5,4162,1.74980057982641e+100
6,4162,1.74980057982641e+100
8,4162,1.74980057982641e+100
14,4162,1.74980057982641e+100
20,4162,1.74980057982641e+100
20,4162,1.74980057982641e+100
20,4162,1.74980057982641e+100
20,4162,1.74980057982641e+100
2,4165,1.74980057982641e+100
3,4165,2
3,4165,1.74980057982641e+100
6,4165,1.74980057982641e+100
16,4165,1.74980057982641e+100
16,4165,1
17,4165,1
19,4165,1.74980057982641e+100
20,4165,1
5,4169,2
8,4169,1.74980057982641e+100
13,4169,1.74980057982641e+100
13,4169,1.74980057982641e+100
17,4169,1.74980057982641e+100
17,4169,1
18,4169,1.74980057982641e+100
20,4169,1.74980057982641e+100
3,4172,1
18,4172,2
19,4172,2
1,4175,1
1,4175,1
2,4175,1.74980057982641e+100
2,4175,1.74980057982641e+100
2,4175,1.74980057982641e+100
4,4175,1
6,4175,1.74980057982641e+100
9,4175,2
12,4175,1
13,4175,1
14,4175,1.74980057982641e+100
16,4175,2
17,4175,2
18,4175,1
20,4175,1.74980057982641e+100
3,4179,2
4,4179,2
4,4179,1.74980057982641e+100
5,4179,1.74980057982641e+100
6,4179,1.74980057982641e+100
6,4179,1.74980057982641e+100
8,4179,2
8,4179,1
9,4179,1.74980057982641e+100
9,4179,1.74980057982641e+100
9,4179,1.74980057982641e+100
11,4179,2
12,4179,1.74980057982641e+100
13,4179,1.74980057982641e+100
13,4179,1.74980057982641e+100
15,4179,1.74980057982641e+100
16,4179,1.74980057982641e+100
16,4179,1.74980057982641e+100
17,4179,1.74980057982641e+100
17,4179,1.74980057982641e+100
18,4179,1
18,4179,2
18,4179,2
20,4179,1.74980057982641e+100
20,4179,1.74980057982641e+100
1,4182,1.74980057982641e+100
2,4182,1
3,4182,1.74980057982641e+100
4,4182,1
6,4182,1.74980057982641e+100
6,4182,1
8,4182,1
10,4182,2
10,4182,2
14,4182,1
15,4182,1.74980057982641e+100
16,4182,1.74980057982641e+100
17,4182,1.74980057982641e+100
20,4182,1.74980057982641e+100
20,4182,1
6,4185,1
10,4185,1
14,4185,1.74980057982641e+100
16,4185,1.74980057982641e+100
18,4185,1
1,4189,1
3,4189,1.74980057982641e+100
6,4189,1
7,4189,1
8,4189,2
8,4189,1.74980057982641e+100
9,4189,1.74980057982641e+100
9,4189,1
10,4189,1
10,4189,1.74980057982641e+100
11,4189,2
13,4189,2
15,4189,2
16,4189,2
19,4189,1.74980057982641e+100
19,4189,2
20,4189,2
3,4192,1
3,4192,1
4,4192,1.74980057982641e+100
7,4192,1.74980057982641e+100
10,4192,1.74980057982641e+100
10,4192,1
14,4192,1
15,4192,1.74980057982641e+100
16,4192,1.74980057982641e+100
17,4192,1
17,4192,2
18,4192,2
18,4192,1.74980057982641e+100
18,4192,1
19,4192,1
19,4192,1.74980057982641e+100
2,4195,1.74980057982641e+100
3,4195,1.74980057982641e+100
8,4195,1.74980057982641e+100
9,4195,1.74980057982641e+100
10,4195,1.74980057982641e+100
11,4195,1.74980057982641e+100
12,4195,1.74980057982641e+100
16,4195,1.74980057982641e+100
17,4195,1.74980057982641e+100
17,4195,1
24,4195,1.74980057982641e+100
2,4199,1.74980057982641e+100
2,4199,1.74980057982641e+100
7,4199,1.74980057982641e+100
9,4199,1.74980057982641e+100
13,4199,1
13,4199,2
14,4199,2
16,4199,1.74980057982641e+100
17,4199,1.74980057982641e+100
18,4199,1
18,4199,1
1,4202,2
1,4202,1
3,4202,1.74980057982641e+100
4,4202,1.74980057982641e+100
4,4202,2
5,4202,2
5,4202,1
7,4202,1.74980057982641e+100
8,4202,1.74980057982641e+100
8,4202,1.74980057982641e+100
9,4202,1.74980057982641e+100
9,4202,2
10,4202,1.74980057982641e+100
10,4202,1
11,4202,1.74980057982641e+100
11,4202,1.74980057982641e+100
12,4202,1.74980057982641e+100
12,4202,1
14,4202,1.74980057982641e+100
17,4202,2
17,4202,1
18,4202,1.74980057982641e+100
18,4202,2
19,4202,1
19,4202,1
22,4202,2
22,4202,2
1,4205,1
1,4205,2
1,4205,1.74980057982641e+100
1,4205,1.74980057982641e+100
4,4205,1.74980057982641e+100
5,4205,1
6,4205,1
7,4205,1.74980057982641e+100
11,4205,1.74980057982641e+100
11,4205,1
13,4205,1
14,4205,2
14,4205,1.74980057982641e+100
5,4209,2
7,4209,2
8,4209,1
9,4209,2
12,4209,1
13,4209,2
14,4209,1
16,4209,2
20,4209,2
1,4212,2
9,4212,1.74980057982641e+100
9,4212,2
13,4212,1.74980057982641e+100
15,4212,1.74980057982641e+100
1,4215,1.74980057982641e+100
2,4215,1
5,4215,1.74980057982641e+100
5,4215,1.74980057982641e+100
6,4215,1.74980057982641e+100
10,4215,2
15,4215,1.74980057982641e+100
16,4215,1
16,4215,1.74980057982641e+100
18,4215,2
20,4215,1
5,4219,1.74980057982641e+100
5,4219,2
7,4219,1.74980057982641e+100
7,4219,1.74980057982641e+100
10,4219,2
12,4219,2
12,4219,1.74980057982641e+100
17,4219,1.74980057982641e+100
17,4219,1.74980057982641e+100
3,4222,1.74980057982641e+100
5,4222,1.74980057982641e+100
5,4222,1.74980057982641e+100
9,4222,1.74980057982641e+100
9,4222,1.74980057982641e+100
12,4222,1.74980057982641e+100
12,4222,1.74980057982641e+100
13,4222,1.74980057982641e+100
13,4222,1.74980057982641e+100
13,4222,2
17,4222,1.74980057982641e+100
18,4222,1.74980057982641e+100
2,4225,2
2,4225,1.74980057982641e+100
4,4225,1
4,4225,1
9,4225,1
9,4225,1.74980057982641e+100
12,4225,2
15,4225,1.74980057982641e+100
15,4225,1.74980057982641e+100
16,4225,1.74980057982641e+100
23,4225,1
23,4225,1.74980057982641e+100
2,4229,1.74980057982641e+100
4,4229,1.74980057982641e+100
4,4229,1.74980057982641e+100
7,4229,2
7,4229,1.74980057982641e+100
10,4229,2
11,4229,1.74980057982641e+100
13,4229,1.74980057982641e+100
20,4229,1.74980057982641e+100
1,4232,1.74980057982641e+100
13,4232,1.74980057982641e+100
13,4232,1.74980057982641e+100
13,4232,1.74980057982641e+100
16,4232,2
16,4232,2
20,4232,1.74980057982641e+100
1,4235,1
1,4235,1.74980057982641e+100
7,4235,1.74980057982641e+100
9,4235,1.74980057982641e+100
10,4235,1.74980057982641e+100
10,4235,1
10,4235,1
10,4235,1.74980057982641e+100
11,4235,1.74980057982641e+100
12,4235,1.74980057982641e+100
15,4235,1.74980057982641e+100
16,4235,1
18,4235,1.74980057982641e+100
18,4235,1.74980057982641e+100
19,4235,1
1,4239,1.74980057982641e+100
1,4239,1.74980057982641e+100
1,4239,1
1,4239,1.74980057982641e+100
3,4239,1.74980057982641e+100
3,4239,1.74980057982641e+100
4,4239,1
5,4239,1
10,4239,1.74980057982641e+100
10,4239,1
10,4239,1
18,4239,1.74980057982641e+100
1,4242,1.74980057982641e+100
4,4242,1
5,4242,1.74980057982641e+100
5,4242,1
6,4242,1.74980057982641e+100
7,4242,1.74980057982641e+100
7,4242,1.74980057982641e+100
14,4242,1.74980057982641e+100
15,4242,1.74980057982641e+100
18,4242,1.74980057982641e+100
24,4242,1.74980057982641e+100
2,4245,1.74980057982641e+100
3,4245,1.74980057982641e+100
3,4245,1.74980057982641e+100
3,4245,2
3,4245,1.74980057982641e+100
7,4245,2
8,4245,2
11,4245,2
11,4245,1.74980057982641e+100
13,4245,1
13,4245,2
14,4245,1
14,4245,2
21,4245,1.74980057982641e+100
2,4249,1
3,4249,1
14,4249,1
17,4249,2
19,4249,2
1,4252,1.74980057982641e+100
3,4252,2
7,4252,1.74980057982641e+100
11,4252,2
11,4252,1.74980057982641e+100
12,4252,2
14,4252,2
17,4252,1.74980057982641e+100
17,4252,1.74980057982641e+100
1,4255,1.74980057982641e+100
2,4255,1.74980057982641e+100
9,4255,1
5,4259,1.74980057982641e+100
8,4259,1.74980057982641e+100
19,4259,1.74980057982641e+100
5,4262,1
8,4262,1
11,4262,2
16,4262,2
19,4262,2
19,4262,2
19,4262,2
20,4262,2
2,4265,1
3,4265,1
9,4265,1
11,4265,2
15,4265,1
17,4265,1.74980057982641e+100
20,4265,1
14,4269,1.74980057982641e+100
15,4269,1.74980057982641e+100
16,4269,1.74980057982641e+100
5,4272,1.74980057982641e+100
5,4272,2
5,4272,1
7,4272,2
8,4272,1
9,4272,1.74980057982641e+100
12,4272,1
13,4272,1.74980057982641e+100
15,4272,1.74980057982641e+100
16,4272,2
17,4272,1.74980057982641e+100
20,4272,1.74980057982641e+100
1,4275,1.74980057982641e+100
4,4275,1.74980057982641e+100
4,4275,1.74980057982641e+100
4,4275,1.74980057982641e+100
7,4275,1.74980057982641e+100
8,4275,1.74980057982641e+100
10,4275,1
11,4275,1.74980057982641e+100
13,4275,1.74980057982641e+100
16,4275,1.74980057982641e+100
16,4275,1.74980057982641e+100
16,4275,1.74980057982641e+100
16,4275,1.74980057982641e+100
17,4275,1.74980057982641e+100
17,4275,1.74980057982641e+100
17,4275,1.74980057982641e+100
17,4275,1.74980057982641e+100
17,4275,1.74980057982641e+100
21,4275,1.74980057982641e+100
3,4279,2
5,4279,1.74980057982641e+100
6,4279,1
6,4279,2
8,4279,1
9,4279,1.74980057982641e+100
10,4279,1
10,4279,2
11,4279,2
14,4279,1
16,4279,1.74980057982641e+100
19,4279,2
20,4279,1
2,4285,1.74980057982641e+100
3,4285,1.74980057982641e+100
5,4285,1.74980057982641e+100
5,4285,1
5,4285,1.74980057982641e+100
6,4285,1.74980057982641e+100
6,4285,1.74980057982641e+100
8,4285,1.74980057982641e+100
9,4285,1.74980057982641e+100
9,4285,1.74980057982641e+100
10,4285,1.74980057982641e+100
12,4285,1.74980057982641e+100
13,4285,1.74980057982641e+100
13,4285,1.74980057982641e+100
17,4285,1.74980057982641e+100
17,4285,1.74980057982641e+100
19,4285,1.74980057982641e+100
1,4289,1.74980057982641e+100
4,4289,1.74980057982641e+100
5,4289,1.74980057982641e+100
6,4289,1.74980057982641e+100
8,4289,1.74980057982641e+100
10,4289,1.74980057982641e+100
12,4289,1.74980057982641e+100
13,4289,1.74980057982641e+100
14,4289,1.74980057982641e+100
17,4289,1.74980057982641e+100
18,4289,1.74980057982641e+100
1,4292,1.74980057982641e+100
2,4292,1.74980057982641e+100
3,4292,1.74980057982641e+100
4,4292,1.74980057982641e+100
4,4292,1.74980057982641e+100
5,4292,1.74980057982641e+100
11,4292,1.74980057982641e+100
14,4292,1.74980057982641e+100
14,4292,1.74980057982641e+100
14,4292,1.74980057982641e+100
16,4292,1.74980057982641e+100
16,4292,1.74980057982641e+100
17,4292,1.74980057982641e+100
17,4292,1.74980057982641e+100
18,4292,1.74980057982641e+100
19,4292,1.74980057982641e+100
20,4292,1.74980057982641e+100
20,4292,1.74980057982641e+100
22,4292,1.74980057982641e+100
1,4295,1
4,4295,1.74980057982641e+100
4,4295,1.74980057982641e+100
5,4295,1.74980057982641e+100
8,4295,1.74980057982641e+100
18,4295,1.74980057982641e+100
20,4295,1
20,4295,1.74980057982641e+100
7,4299,1
9,4299,1.74980057982641e+100
12,4299,1
16,4299,1
18,4299,1.74980057982641e+100
18,4299,2
20,4299,1.74980057982641e+100
2,4302,1
4,4302,1.74980057982641e+100
5,4302,1
7,4302,1
8,4302,1.74980057982641e+100
9,4302,1.74980057982641e+100
9,4302,1.74980057982641e+100
10,4302,1.74980057982641e+100
10,4302,1.74980057982641e+100
18,4302,1.74980057982641e+100
1,4305,2
7,4305,1.74980057982641e+100
8,4305,1.74980057982641e+100
12,4305,2
14,4305,2
14,4305,2
15,4305,1.74980057982641e+100
17,4305,1.74980057982641e+100
20,4305,2
20,4305,2
4,4309,1.74980057982641e+100
12,4309,1.74980057982641e+100
13,4309,1.74980057982641e+100
17,4309,1.74980057982641e+100
17,4309,1.74980057982641e+100
18,4309,1.74980057982641e+100
20,4309,1.74980057982641e+100
20,4309,1
23,4309,1.74980057982641e+100
23,4309,1.74980057982641e+100
9,4312,1.74980057982641e+100
9,4312,1.74980057982641e+100
17,4312,1.74980057982641e+100
19,4312,1.74980057982641e+100
20,4312,1.74980057982641e+100
21,4312,1.74980057982641e+100
3,4315,1
4,4315,2
6,4315,2
7,4315,2
7,4315,1
8,4315,2
9,4315,1.74980057982641e+100
9,4315,1.74980057982641e+100
9,4315,2
9,4315,2
13,4315,1.74980057982641e+100
17,4315,1.74980057982641e+100
17,4315,1.74980057982641e+100
18,4315,1
18,4315,2
2,4319,1.74980057982641e+100
2,4319,1.74980057982641e+100
4,4319,2
6,4319,1.74980057982641e+100
7,4319,1.74980057982641e+100
10,4319,1
12,4319,1.74980057982641e+100
13,4319,1
13,4319,1.74980057982641e+100
17,4319,1.74980057982641e+100
19,4319,2
23,4319,1.74980057982641e+100
16,4322,1
4,4325,1.74980057982641e+100
13,4325,1
15,4325,1.74980057982641e+100
17,4325,1.74980057982641e+100
3,4329,1.74980057982641e+100
20,4329,1.74980057982641e+100
2,4332,1.74980057982641e+100
4,4332,2
5,4332,1.74980057982641e+100
5,4332,1
8,4332,2
8,4332,1.74980057982641e+100
11,4332,1.74980057982641e+100
13,4332,1.74980057982641e+100
15,4332,1.74980057982641e+100
15,4332,1
15,4332,2
17,4332,2
19,4332,1.74980057982641e+100
20,4332,1
3,4335,1.74980057982641e+100
11,4335,1
11,4335,2
16,4335,1.74980057982641e+100
18,4335,2
20,4335,1.74980057982641e+100
1,4339,1.74980057982641e+100
3,4339,2
3,4339,1.74980057982641e+100
6,4339,2
6,4339,1.74980057982641e+100
8,4339,1.74980057982641e+100
8,4339,1
8,4339,1.74980057982641e+100
9,4339,1.74980057982641e+100
10,4339,2
12,4339,1.74980057982641e+100
19,4339,1.74980057982641e+100
1,4342,1
1,4342,1.74980057982641e+100
4,4342,1.74980057982641e+100
4,4342,1.74980057982641e+100
5,4342,1.74980057982641e+100
11,4342,2
12,4342,2
18,4342,1.74980057982641e+100
18,4342,1.74980057982641e+100
24,4342,2
2,4345,1
6,4345,2
7,4345,1
20,4345,1.74980057982641e+100
2,4349,2
3,4349,2
4,4349,2
4,4349,2
4,4349,1
9,4349,2
9,4349,1
10,4349,2
13,4349,2
13,4349,1
14,4349,2
14,4349,2
20,4349,2
20,4349,2
4,4352,1.74980057982641e+100
4,4352,1.74980057982641e+100
4,4352,1.74980057982641e+100
6,4352,1.74980057982641e+100
10,4352,1.74980057982641e+100
12,4352,1.74980057982641e+100
12,4352,1.74980057982641e+100
15,4352,1.74980057982641e+100
20,4352,1.74980057982641e+100
3,4355,1.74980057982641e+100
3,4355,1.74980057982641e+100
3,4355,1.74980057982641e+100
3,4355,1.74980057982641e+100
11,4355,1.74980057982641e+100
14,4355,1.74980057982641e+100
16,4355,1.74980057982641e+100
18,4355,1.74980057982641e+100
19,4355,1.74980057982641e+100
20,4355,1.74980057982641e+100
3,4359,1
3,4359,1.74980057982641e+100
8,4359,1
15,4359,2
15,4359,1
16,4359,2
18,4359,2
20,4359,2
2,4362,1.74980057982641e+100
2,4362,1.74980057982641e+100
2,4362,1.74980057982641e+100
3,4362,1
4,4362,2
5,4362,2
6,4362,1.74980057982641e+100
7,4362,2
8,4362,1.74980057982641e+100
9,4362,1
11,4362,1.74980057982641e+100
11,4362,2
13,4362,2
15,4362,1.74980057982641e+100
16,4362,2
17,4362,1
18,4362,2
7,4365,2
12,4365,2
17,4365,1.74980057982641e+100
17,4365,1.74980057982641e+100
19,4365,1.74980057982641e+100
19,4365,1.74980057982641e+100
19,4365,1.74980057982641e+100
20,4365,1.74980057982641e+100
20,4365,2
6,4369,1.74980057982641e+100
6,4369,1.74980057982641e+100
13,4369,1.74980057982641e+100
13,4369,1.74980057982641e+100
18,4369,1.74980057982641e+100
19,4369,1.74980057982641e+100
22,4369,1.74980057982641e+100
2,4372,1.74980057982641e+100
2,4372,2
4,4372,2
5,4372,1.74980057982641e+100
7,4372,1.74980057982641e+100
7,4372,1.74980057982641e+100
7,4372,1.74980057982641e+100
8,4372,1.74980057982641e+100
13,4372,2
21,4372,1.74980057982641e+100
1,4375,1.74980057982641e+100
2,4375,1.74980057982641e+100
2,4375,2
3,4375,2
3,4375,1.74980057982641e+100
3,4375,1.74980057982641e+100
3,4375,1.74980057982641e+100
4,4375,2
5,4375,2
8,4375,1.74980057982641e+100
8,4375,1.74980057982641e+100
12,4375,1.74980057982641e+100
13,4375,2
13,4375,2
14,4375,2
15,4375,1.74980057982641e+100
16,4375,1.74980057982641e+100
16,4375,1.74980057982641e+100
16,4375,1
20,4375,2
8,4379,1
8,4379,2
9,4379,1
14,4379,1
14,4379,2
16,4379,1.74980057982641e+100
16,4379,1.74980057982641e+100
19,4379,2
20,4379,1.74980057982641e+100
20,4379,1.74980057982641e+100
2,4382,1.74980057982641e+100
2,4382,1.74980057982641e+100
5,4382,2
5,4382,1.74980057982641e+100
5,4382,1.74980057982641e+100
13,4382,1.74980057982641e+100
13,4382,1.74980057982641e+100
13,4382,2
20,4382,1.74980057982641e+100
20,4382,1
20,4382,1.74980057982641e+100
2,4385,1.74980057982641e+100
7,4385,1.74980057982641e+100
10,4385,1.74980057982641e+100
12,4385,1
12,4385,1.74980057982641e+100
16,4385,2
18,4385,1.74980057982641e+100
18,4385,1.74980057982641e+100
1,4389,1.74980057982641e+100
2,4389,1.74980057982641e+100
13,4389,1.74980057982641e+100
16,4389,1.74980057982641e+100
18,4389,1.74980057982641e+100
19,4389,2
5,4392,1.74980057982641e+100
5,4392,1
6,4392,1
7,4392,1.74980057982641e+100
10,4392,1.74980057982641e+100
12,4392,1
14,4392,1
14,4392,2
15,4392,1
15,4392,1.74980057982641e+100
16,4392,2
16,4392,1.74980057982641e+100
17,4392,1.74980057982641e+100
20,4392,1.74980057982641e+100
2,4395,1
2,4395,1.74980057982641e+100
2,4395,1.74980057982641e+100
5,4395,1.74980057982641e+100
6,4395,2
7,4395,2
7,4395,1
8,4395,1.74980057982641e+100
9,4395,1
9,4395,1.74980057982641e+100
11,4395,1.74980057982641e+100
12,4395,2
13,4395,2
14,4395,1.74980057982641e+100
16,4395,2
17,4395,1.74980057982641e+100
4,4399,2
6,4399,1.74980057982641e+100
9,4399,1.74980057982641e+100
13,4399,2
14,4399,1.74980057982641e+100
18,4399,1.74980057982641e+100
18,4399,1.74980057982641e+100
18,4399,2
18,4399,1.74980057982641e+100
18,4399,1
1,4402,1
4,4402,1
7,4402,1
8,4402,1
9,4402,1
12,4402,1
12,4402,1.74980057982641e+100
12,4402,1.74980057982641e+100
16,4402,1
16,4402,1
16,4402,1
17,4402,1
17,4402,2
18,4402,1
18,4402,1.74980057982641e+100
20,4402,1
11,4405,1.74980057982641e+100
11,4405,1.74980057982641e+100
11,4405,1.74980057982641e+100
11,4405,1.74980057982641e+100
11,4405,1.74980057982641e+100
11,4405,1.74980057982641e+100
11,4405,1.74980057982641e+100
11,4405,1.74980057982641e+100
11,4405,1.74980057982641e+100
19,4405,2
20,4405,1.74980057982641e+100
3,4408,1.74980057982641e+100
4,4408,1
4,4408,1
5,4408,2
6,4408,2
7,4408,2
8,4408,2
10,4408,2
12,4408,2
13,4408,2
14,4408,1
15,4408,1
16,4408,2
17,4408,1
17,4408,2
18,4408,2
20,4408,2
3,4412,1.74980057982641e+100
3,4412,1
3,4412,1.74980057982641e+100
8,4412,1
9,4412,1.74980057982641e+100
18,4412,1.74980057982641e+100
8,4419,1.74980057982641e+100
9,4419,1.74980057982641e+100
15,4419,1.74980057982641e+100
16,4419,1.74980057982641e+100
20,4419,1.74980057982641e+100
21,4419,1.74980057982641e+100
21,4419,1
22,4419,1
22,4419,1.74980057982641e+100
5,4425,1.74980057982641e+100
9,4425,1.74980057982641e+100
12,4425,1.74980057982641e+100
13,4425,1.74980057982641e+100
13,4425,1.74980057982641e+100
14,4425,2
15,4425,2
18,4425,1.74980057982641e+100
1,4429,1.74980057982641e+100
3,4429,1.74980057982641e+100
5,4429,1.74980057982641e+100
7,4429,1.74980057982641e+100
8,4429,1.74980057982641e+100
8,4429,1.74980057982641e+100
9,4429,1.74980057982641e+100
15,4429,2
1,4433,1
6,4433,2
9,4433,1.74980057982641e+100
10,4433,1.74980057982641e+100
12,4433,1.74980057982641e+100
13,4433,2
14,4433,1
16,4433,1.74980057982641e+100
17,4433,2
3,4435,1.74980057982641e+100
9,4435,1.74980057982641e+100
9,4435,1.74980057982641e+100
21,4435,1.74980057982641e+100
22,4435,1.74980057982641e+100
23,4435,1.74980057982641e+100
1,4439,2
7,4439,1
7,4439,1.74980057982641e+100
8,4439,1
10,4439,1
12,4439,1
13,4439,2
15,4439,2
19,4439,1
21,4439,1.74980057982641e+100
5,4442,1.74980057982641e+100
13,4442,1.74980057982641e+100
14,4442,2
15,4442,1.74980057982641e+100
19,4442,1.74980057982641e+100
21,4442,1.74980057982641e+100
21,4442,1.74980057982641e+100
1,4445,1
2,4445,1.74980057982641e+100
17,4445,1.74980057982641e+100
1,4449,1.74980057982641e+100
7,4449,1.74980057982641e+100
7,4449,1.74980057982641e+100
8,4449,1.74980057982641e+100
13,4449,1.74980057982641e+100
15,4449,1.74980057982641e+100
4,4452,1.74980057982641e+100
4,4452,1.74980057982641e+100
5,4452,1.74980057982641e+100
6,4452,1.74980057982641e+100
8,4452,1.74980057982641e+100
9,4452,1.74980057982641e+100
9,4452,1.74980057982641e+100
9,4452,1.74980057982641e+100
10,4452,1.74980057982641e+100
13,4452,1.74980057982641e+100
14,4452,1.74980057982641e+100
15,4452,1.74980057982641e+100
15,4452,1.74980057982641e+100
16,4452,1.74980057982641e+100
18,4452,1.74980057982641e+100
18,4452,1.74980057982641e+100
18,4452,1.74980057982641e+100
22,4452,1.74980057982641e+100
1,4455,2
15,4455,2
15,4455,2
10,4459,2
12,4459,1
14,4459,1
15,4459,1.74980057982641e+100
15,4459,1.74980057982641e+100
1,4462,1.74980057982641e+100
10,4462,2
10,4462,1.74980057982641e+100
13,4462,1.74980057982641e+100
18,4462,1.74980057982641e+100
12,4465,1.74980057982641e+100
1,4469,1.74980057982641e+100
4,4469,1
7,4469,1.74980057982641e+100
7,4469,1
9,4469,1.74980057982641e+100
9,4469,1
10,4469,1.74980057982641e+100
10,4469,2
13,4469,2
14,4469,1.74980057982641e+100
15,4469,2
17,4469,2
18,4469,1.74980057982641e+100
18,4469,1.74980057982641e+100
18,4469,1
19,4469,1.74980057982641e+100
19,4469,2
20,4469,1.74980057982641e+100
20,4469,1.74980057982641e+100
1,4472,1.74980057982641e+100
2,4472,1.74980057982641e+100
2,4472,1.74980057982641e+100
3,4472,1.74980057982641e+100
3,4472,1.74980057982641e+100
4,4472,1.74980057982641e+100
5,4472,1.74980057982641e+100
7,4472,2
9,4472,1.74980057982641e+100
10,4472,1
11,4472,1.74980057982641e+100
13,4472,1.74980057982641e+100
13,4472,1.74980057982641e+100
17,4472,1.74980057982641e+100
20,4472,1.74980057982641e+100
20,4472,1.74980057982641e+100
20,4472,1.74980057982641e+100
20,4472,1
20,4472,2
21,4472,1.74980057982641e+100
21,4472,2
21,4472,1.74980057982641e+100
23,4472,2
3,4475,1
4,4475,2
7,4475,1.74980057982641e+100
10,4475,2
11,4475,2
13,4475,1
15,4475,2
16,4475,2
17,4475,1.74980057982641e+100
18,4475,2
19,4475,2
3,4479,1.74980057982641e+100
4,4479,1.74980057982641e+100
4,4479,1.74980057982641e+100
5,4479,1.74980057982641e+100
5,4479,1.74980057982641e+100
8,4479,1.74980057982641e+100
8,4479,1.74980057982641e+100
10,4479,1.74980057982641e+100
10,4479,1.74980057982641e+100
11,4479,1.74980057982641e+100
13,4479,1.74980057982641e+100
1,4482,1.74980057982641e+100
4,4482,1.74980057982641e+100
16,4482,1.74980057982641e+100
19,4482,1
20,4482,2
4,4485,1.74980057982641e+100
5,4485,1.74980057982641e+100
5,4485,1.74980057982641e+100
6,4485,1.74980057982641e+100
6,4485,1.74980057982641e+100
6,4485,1.74980057982641e+100
8,4485,1.74980057982641e+100
9,4485,1.74980057982641e+100
11,4485,1.74980057982641e+100
11,4485,1.74980057982641e+100
12,4485,1.74980057982641e+100
13,4485,1.74980057982641e+100
13,4485,1.74980057982641e+100
15,4485,1.74980057982641e+100
15,4485,1.74980057982641e+100
16,4485,1.74980057982641e+100
17,4485,1.74980057982641e+100
17,4485,1.74980057982641e+100
11,4489,1.74980057982641e+100
11,4489,1.74980057982641e+100
19,4489,1.74980057982641e+100
20,4489,2
2,4492,2
3,4492,2
4,4492,1.74980057982641e+100
7,4492,2
14,4492,1.74980057982641e+100
14,4492,1
14,4492,1.74980057982641e+100
16,4492,1.74980057982641e+100
18,4492,1.74980057982641e+100
19,4492,2
19,4492,1.74980057982641e+100
4,4495,2
7,4495,1.74980057982641e+100
17,4495,1.74980057982641e+100
4,4499,1.74980057982641e+100
5,4499,1.74980057982641e+100
11,4499,1.74980057982641e+100
11,4499,1
11,4499,1.74980057982641e+100
12,4499,1
12,4499,2
12,4499,1.74980057982641e+100
14,4499,1.74980057982641e+100
15,4499,1.74980057982641e+100
2,4502,1.74980057982641e+100
2,4502,1.74980057982641e+100
7,4502,1.74980057982641e+100
9,4502,1.74980057982641e+100
9,4502,1.74980057982641e+100
12,4502,1.74980057982641e+100
12,4502,1.74980057982641e+100
13,4502,1.74980057982641e+100
15,4502,1.74980057982641e+100
15,4502,1.74980057982641e+100
15,4502,1.74980057982641e+100
16,4502,1.74980057982641e+100
18,4502,1.74980057982641e+100
19,4502,1.74980057982641e+100
20,4502,1.74980057982641e+100
10,4505,2
15,4505,1.74980057982641e+100
20,4505,1.74980057982641e+100
24,4505,1
25,4505,1.74980057982641e+100
25,4505,1.74980057982641e+100
25,4505,1.74980057982641e+100
3,4509,1
12,4509,2
17,4509,1
3,4512,1
3,4512,1.74980057982641e+100
5,4512,1
6,4512,1
7,4512,1.74980057982641e+100
7,4512,1
7,4512,1.74980057982641e+100
9,4512,1.74980057982641e+100
9,4512,1
13,4512,1
17,4512,1.74980057982641e+100
20,4512,1
22,4512,1
1,4515,1
8,4515,1
9,4515,1
9,4515,1.74980057982641e+100
12,4515,1.74980057982641e+100
12,4515,1.74980057982641e+100
17,4515,1
17,4515,1.74980057982641e+100
9,4519,1
15,4519,1
11,4522,1.74980057982641e+100
8,4525,1.74980057982641e+100
8,4525,1
15,4525,1.74980057982641e+100
15,4525,1
9,4529,1.74980057982641e+100
15,4529,1
17,4529,1
17,4529,1.74980057982641e+100
22,4529,1.74980057982641e+100
8,4532,1.74980057982641e+100
18,4532,1.74980057982641e+100
1,4535,1
1,4535,1.74980057982641e+100
2,4535,1.74980057982641e+100
3,4535,1.74980057982641e+100
14,4535,1.74980057982641e+100
14,4535,1.74980057982641e+100
19,4535,1.74980057982641e+100
20,4535,1.74980057982641e+100
20,4535,1.74980057982641e+100
20,4535,1.74980057982641e+100
5,4539,1
6,4539,1.74980057982641e+100
7,4539,2
7,4539,2
8,4539,1.74980057982641e+100
15,4539,2
15,4539,2
18,4539,1
19,4539,2
20,4539,1.74980057982641e+100
2,4542,2
3,4542,2
6,4542,2
7,4542,1.74980057982641e+100
7,4542,1.74980057982641e+100
7,4542,1.74980057982641e+100
8,4542,1
8,4542,1.74980057982641e+100
11,4542,1
14,4542,2
16,4542,2
17,4542,2
17,4542,1.74980057982641e+100
20,4542,1.74980057982641e+100
11,4549,2
7,4552,2
2,4555,1.74980057982641e+100
6,4555,2
11,4555,1.74980057982641e+100
12,4555,2
18,4555,1.74980057982641e+100
18,4555,1.74980057982641e+100
18,4555,1.74980057982641e+100
18,4555,1.74980057982641e+100
20,4555,2
20,4555,1.74980057982641e+100
1,4559,1.74980057982641e+100
1,4559,1.74980057982641e+100
1,4559,1.74980057982641e+100
1,4559,1
1,4559,1.74980057982641e+100
2,4559,1.74980057982641e+100
2,4559,1
2,4559,1.74980057982641e+100
8,4559,1.74980057982641e+100
10,4559,1.74980057982641e+100
13,4559,1
19,4559,1.74980057982641e+100
19,4559,1
11,4562,1.74980057982641e+100
11,4562,1.74980057982641e+100
12,4562,1.74980057982641e+100
1,4565,1.74980057982641e+100
1,4565,2
2,4565,2
5,4565,1.74980057982641e+100
9,4565,1
17,4565,1.74980057982641e+100
20,4565,2
3,4569,1.74980057982641e+100
6,4569,1
6,4569,1
6,4569,1
6,4569,1
8,4569,1
8,4569,1
10,4569,1
13,4569,1
13,4569,1
15,4569,2
15,4569,1
17,4569,1
18,4569,1
2,4572,1.74980057982641e+100
4,4572,1
4,4572,1.74980057982641e+100
5,4572,1.74980057982641e+100
6,4572,1
6,4572,1
6,4572,1.74980057982641e+100
6,4572,1.74980057982641e+100
7,4572,1
9,4572,1.74980057982641e+100
10,4572,1.74980057982641e+100
10,4572,1.74980057982641e+100
10,4572,1.74980057982641e+100
11,4572,1
11,4572,1.74980057982641e+100
13,4572,1.74980057982641e+100
15,4572,1.74980057982641e+100
16,4572,1.74980057982641e+100
16,4572,1
16,4572,1.74980057982641e+100
19,4572,1.74980057982641e+100
20,4572,1
20,4572,1
20,4572,1
1,4575,2
2,4575,1.74980057982641e+100
3,4575,1.74980057982641e+100
5,4575,2
7,4575,1
9,4575,1
9,4575,2
14,4575,1
15,4575,1.74980057982641e+100
16,4575,1.74980057982641e+100
17,4575,2
19,4575,2
2,4579,1.74980057982641e+100
21,4579,1.74980057982641e+100
8,4582,1.74980057982641e+100
8,4582,1.74980057982641e+100
8,4582,1.74980057982641e+100
13,4582,1.74980057982641e+100
19,4582,1.74980057982641e+100
11,4585,1.74980057982641e+100
15,4585,1.74980057982641e+100
21,4589,1.74980057982641e+100
4,4592,1.74980057982641e+100
12,4592,1.74980057982641e+100
18,4592,1.74980057982641e+100
24,4592,2
7,4595,1
9,4595,1.74980057982641e+100
3,4599,1.74980057982641e+100
4,4599,1.74980057982641e+100
12,4599,2
13,4599,1
13,4599,1
15,4599,1.74980057982641e+100
15,4599,1.74980057982641e+100
16,4599,1.74980057982641e+100
19,4599,1.74980057982641e+100
3,4602,1.74980057982641e+100
3,4602,1.74980057982641e+100
4,4602,1.74980057982641e+100
5,4602,1.74980057982641e+100
9,4602,1
2,4605,1
2,4605,1.74980057982641e+100
4,4605,1.74980057982641e+100
9,4605,1
10,4605,1.74980057982641e+100
11,4605,1
11,4605,1
17,4605,1
17,4605,1
17,4605,1
17,4605,1
17,4605,1.74980057982641e+100
18,4605,1
20,4605,1.74980057982641e+100
21,4605,1.74980057982641e+100
21,4605,1.74980057982641e+100
23,4605,1
23,4605,1
23,4605,1
24,4605,1
24,4605,1
25,4605,1.74980057982641e+100
25,4605,1
4,4612,1.74980057982641e+100
5,4612,1.74980057982641e+100
9,4612,1.74980057982641e+100
9,4612,1
16,4612,1
16,4612,1
1,4615,1.74980057982641e+100
2,4615,2
2,4615,1.74980057982641e+100
2,4615,2
7,4615,2
8,4615,2
11,4615,2
11,4615,1.74980057982641e+100
14,4615,1.74980057982641e+100
17,4615,2
23,4615,1.74980057982641e+100
2,4619,1.74980057982641e+100
1,4622,2
5,4622,1.74980057982641e+100
9,4622,2
11,4622,1.74980057982641e+100
17,4622,1.74980057982641e+100
17,4622,2
19,4622,1.74980057982641e+100
20,4622,2
7,4625,1
13,4625,1.74980057982641e+100
14,4625,1
5,4629,2
20,4629,1.74980057982641e+100
6,4632,2
16,4632,1.74980057982641e+100
16,4632,1.74980057982641e+100
16,4632,1.74980057982641e+100
20,4632,1.74980057982641e+100
20,4632,1.74980057982641e+100
24,4632,1.74980057982641e+100
3,4635,1.74980057982641e+100
6,4635,1.74980057982641e+100
1,4639,1.74980057982641e+100
1,4639,1.74980057982641e+100
1,4642,1
1,4642,1.74980057982641e+100
11,4642,1.74980057982641e+100
16,4642,2
2,4645,1
2,4645,1
2,4645,1
9,4645,1.74980057982641e+100
10,4645,1.74980057982641e+100
10,4645,1.74980057982641e+100
10,4645,1.74980057982641e+100
11,4645,1.74980057982641e+100
12,4645,1.74980057982641e+100
13,4645,1.74980057982641e+100
13,4645,1.74980057982641e+100
20,4645,1.74980057982641e+100
22,4645,1
25,4645,1.74980057982641e+100
25,4645,1
25,4645,2
6,4649,2
1,4652,1.74980057982641e+100
6,4652,1.74980057982641e+100
6,4652,1.74980057982641e+100
14,4652,1.74980057982641e+100
14,4652,1.74980057982641e+100
10,4655,1
18,4655,1
18,4655,2
1,4659,1
1,4659,2
1,4659,1.74980057982641e+100
4,4659,1
4,4659,2
4,4659,1.74980057982641e+100
4,4659,2
5,4659,1.74980057982641e+100
6,4659,1
10,4659,2
10,4659,1.74980057982641e+100
11,4659,1.74980057982641e+100
11,4659,1.74980057982641e+100
11,4659,1.74980057982641e+100
12,4659,1
13,4659,1.74980057982641e+100
13,4659,1.74980057982641e+100
16,4659,2
16,4659,1
17,4659,1.74980057982641e+100
17,4659,1
17,4659,1.74980057982641e+100
19,4659,1.74980057982641e+100
2,4662,1.74980057982641e+100
2,4662,1
2,4662,1
2,4662,1.74980057982641e+100
5,4662,2
6,4662,1.74980057982641e+100
6,4662,1.74980057982641e+100
7,4662,1.74980057982641e+100
11,4662,1.74980057982641e+100
12,4662,1.74980057982641e+100
13,4662,1.74980057982641e+100
16,4662,1.74980057982641e+100
16,4662,1.74980057982641e+100
19,4662,1.74980057982641e+100
20,4662,1
1,4665,1.74980057982641e+100
3,4665,1.74980057982641e+100
5,4665,1.74980057982641e+100
5,4665,1.74980057982641e+100
6,4665,1.74980057982641e+100
7,4665,1.74980057982641e+100
7,4665,1.74980057982641e+100
8,4665,1.74980057982641e+100
8,4665,1.74980057982641e+100
10,4665,1.74980057982641e+100
13,4665,2
14,4665,1.74980057982641e+100
15,4665,1.74980057982641e+100
15,4665,1.74980057982641e+100
16,4665,1.74980057982641e+100
18,4665,1.74980057982641e+100
19,4665,1.74980057982641e+100
20,4665,1.74980057982641e+100
1,4669,1.74980057982641e+100
2,4669,2
2,4669,1.74980057982641e+100
2,4669,1
3,4669,1.74980057982641e+100
4,4669,1
5,4669,1
5,4669,1.74980057982641e+100
5,4669,1
6,4669,1.74980057982641e+100
7,4669,2
8,4669,2
10,4669,2
10,4669,1.74980057982641e+100
10,4669,2
12,4669,1
12,4669,1
13,4669,1
13,4669,1.74980057982641e+100
14,4669,1
16,4669,1
16,4669,1.74980057982641e+100
17,4669,1
17,4669,1
21,4669,1.74980057982641e+100
3,4672,1.74980057982641e+100
5,4672,2
6,4672,1
6,4672,1.74980057982641e+100
7,4672,1.74980057982641e+100
9,4672,2
19,4672,1
21,4672,1.74980057982641e+100
5,4675,1.74980057982641e+100
7,4675,1.74980057982641e+100
18,4675,1.74980057982641e+100
1,4679,1.74980057982641e+100
4,4679,2
4,4679,1.74980057982641e+100
6,4679,1
6,4679,1
6,4679,1.74980057982641e+100
7,4679,2
8,4679,1
9,4679,1.74980057982641e+100
10,4679,2
12,4679,1.74980057982641e+100
14,4679,1.74980057982641e+100
15,4679,1.74980057982641e+100
16,4679,2
19,4679,1
24,4679,1.74980057982641e+100
3,4682,1.74980057982641e+100
3,4682,1.74980057982641e+100
13,4682,1
1,4685,1.74980057982641e+100
2,4685,1.74980057982641e+100
3,4685,2
3,4685,1.74980057982641e+100
6,4685,1.74980057982641e+100
9,4685,1
9,4685,1.74980057982641e+100
13,4685,1.74980057982641e+100
15,4685,2
19,4685,1.74980057982641e+100
19,4685,2
19,4685,2
23,4685,2
24,4685,1.74980057982641e+100
1,4689,1.74980057982641e+100
2,4689,1.74980057982641e+100
3,4689,1.74980057982641e+100
4,4689,1.74980057982641e+100
13,4689,1.74980057982641e+100
14,4689,1.74980057982641e+100
15,4689,1.74980057982641e+100
16,4689,1.74980057982641e+100
18,4689,1.74980057982641e+100
19,4689,2
5,4692,1
18,4692,1.74980057982641e+100
1,4695,1.74980057982641e+100
2,4695,1.74980057982641e+100
3,4695,1.74980057982641e+100
4,4695,1.74980057982641e+100
5,4695,1.74980057982641e+100
6,4695,1.74980057982641e+100
7,4695,1.74980057982641e+100
8,4695,2
8,4695,1.74980057982641e+100
10,4695,1.74980057982641e+100
10,4695,1.74980057982641e+100
10,4695,1.74980057982641e+100
11,4695,1.74980057982641e+100
12,4695,1.74980057982641e+100
13,4695,1.74980057982641e+100
13,4695,1.74980057982641e+100
14,4695,1.74980057982641e+100
14,4695,1.74980057982641e+100
16,4695,1.74980057982641e+100
18,4695,1.74980057982641e+100
18,4695,1.74980057982641e+100
19,4695,1.74980057982641e+100
20,4695,1.74980057982641e+100
22,4695,1.74980057982641e+100
1,4699,1.74980057982641e+100
1,4699,1
1,4699,1.74980057982641e+100
1,4699,1.74980057982641e+100
4,4699,1.74980057982641e+100
4,4699,1
5,4699,1
5,4699,1.74980057982641e+100
8,4699,1
8,4699,1
9,4699,1.74980057982641e+100
9,4699,1.74980057982641e+100
9,4699,1.74980057982641e+100
10,4699,1.74980057982641e+100
11,4699,1.74980057982641e+100
11,4699,1.74980057982641e+100
12,4699,1
12,4699,1
13,4699,1.74980057982641e+100
13,4699,1
14,4699,1
14,4699,1
15,4699,1.74980057982641e+100
15,4699,1.74980057982641e+100
16,4699,1.74980057982641e+100
19,4699,1.74980057982641e+100
19,4699,1.74980057982641e+100
22,4699,1
6,4702,2
7,4702,2
13,4702,1.74980057982641e+100
14,4702,2
14,4702,2
17,4702,2
20,4702,2
21,4702,1.74980057982641e+100
25,4702,1.74980057982641e+100
25,4702,1.74980057982641e+100
25,4702,1
5,4705,1.74980057982641e+100
5,4705,1
8,4705,1.74980057982641e+100
11,4705,2
12,4705,1.74980057982641e+100
12,4705,2
13,4705,1.74980057982641e+100
13,4705,1.74980057982641e+100
14,4705,1.74980057982641e+100
14,4705,1
16,4705,1.74980057982641e+100
17,4705,1
19,4705,1.74980057982641e+100
19,4705,2
19,4705,1
20,4705,1.74980057982641e+100
2,4709,1
2,4709,1.74980057982641e+100
3,4709,1
3,4709,1.74980057982641e+100
4,4709,2
8,4709,2
9,4709,2
9,4709,1.74980057982641e+100
10,4709,1.74980057982641e+100
13,4709,1.74980057982641e+100
14,4709,1.74980057982641e+100
14,4709,2
15,4709,1.74980057982641e+100
16,4709,1.74980057982641e+100
19,4709,2
19,4709,1.74980057982641e+100
2,4712,2
3,4712,1
4,4712,2
5,4712,1
6,4712,2
7,4712,1.74980057982641e+100
8,4712,1
8,4712,1.74980057982641e+100
9,4712,1
12,4712,1.74980057982641e+100
13,4712,1
14,4712,1
19,4712,1
19,4712,2
20,4712,2
4,4715,1
5,4715,2
6,4715,2
9,4715,1.74980057982641e+100
10,4715,1.74980057982641e+100
10,4715,2
10,4715,1.74980057982641e+100
11,4715,2
11,4715,1
16,4715,2
17,4715,1
18,4715,1.74980057982641e+100
2,4719,1
7,4719,1
8,4719,1
10,4719,1
11,4719,2
12,4719,2
13,4719,1.74980057982641e+100
13,4719,1
14,4719,1
20,4719,1
2,4722,1
4,4722,1
6,4722,1
7,4722,1.74980057982641e+100
9,4722,1.74980057982641e+100
10,4722,1
12,4722,1.74980057982641e+100
18,4722,1
18,4722,1.74980057982641e+100
1,4725,1.74980057982641e+100
4,4725,1.74980057982641e+100
5,4725,1
9,4725,1
10,4725,1.74980057982641e+100
12,4725,1
12,4725,1.74980057982641e+100
12,4725,1
12,4725,1.74980057982641e+100
17,4725,1.74980057982641e+100
17,4725,1
7,4729,1
7,4729,1.74980057982641e+100
12,4729,1.74980057982641e+100
13,4729,1.74980057982641e+100
13,4729,1.74980057982641e+100
17,4729,2
21,4729,1.74980057982641e+100
22,4729,1
2,4732,1.74980057982641e+100
7,4732,2
7,4732,1
9,4732,1.74980057982641e+100
9,4732,1.74980057982641e+100
11,4732,1
13,4732,1.74980057982641e+100
15,4732,1
16,4732,1.74980057982641e+100
16,4732,1.74980057982641e+100
18,4732,1
19,4732,1.74980057982641e+100
19,4732,1
20,4732,1
20,4732,1.74980057982641e+100
4,4735,1.74980057982641e+100
5,4735,1.74980057982641e+100
7,4735,1
7,4735,2
9,4735,1.74980057982641e+100
10,4735,1
11,4735,1.74980057982641e+100
11,4735,2
11,4735,2
17,4735,1.74980057982641e+100
17,4735,1
22,4735,1.74980057982641e+100
1,4739,2
3,4739,1.74980057982641e+100
5,4739,2
10,4739,1.74980057982641e+100
12,4739,2
13,4739,2
16,4739,2
17,4739,1.74980057982641e+100
18,4739,1.74980057982641e+100
19,4739,1.74980057982641e+100
20,4739,2
2,4742,1.74980057982641e+100
5,4742,1.74980057982641e+100
6,4742,1.74980057982641e+100
10,4742,1.74980057982641e+100
11,4742,1.74980057982641e+100
12,4742,1.74980057982641e+100
15,4742,1.74980057982641e+100
15,4742,1
20,4742,1.74980057982641e+100
3,4745,1.74980057982641e+100
5,4745,1.74980057982641e+100
6,4745,1.74980057982641e+100
6,4745,1.74980057982641e+100
9,4745,1.74980057982641e+100
9,4745,1.74980057982641e+100
10,4745,1.74980057982641e+100
10,4745,2
10,4745,2
10,4745,1.74980057982641e+100
11,4745,1.74980057982641e+100
14,4745,1.74980057982641e+100
19,4745,1
21,4745,1.74980057982641e+100
21,4745,1.74980057982641e+100
3,4750,1.74980057982641e+100
6,4750,1.74980057982641e+100
15,4750,1
15,4750,1
15,4750,2
16,4750,2
16,4750,2
17,4750,1.74980057982641e+100
25,4750,1.74980057982641e+100
25,4750,1.74980057982641e+100
25,4750,2
2,4752,1
5,4752,1.74980057982641e+100
9,4752,1
10,4752,1.74980057982641e+100
19,4752,1
2,4755,1.74980057982641e+100
2,4755,1.74980057982641e+100
2,4755,1.74980057982641e+100
2,4755,1.74980057982641e+100
6,4755,1.74980057982641e+100
6,4755,1.74980057982641e+100
7,4755,2
7,4755,1.74980057982641e+100
8,4755,1.74980057982641e+100
10,4755,1.74980057982641e+100
11,4755,1.74980057982641e+100
11,4755,1.74980057982641e+100
13,4755,1
16,4755,1.74980057982641e+100
16,4755,2
16,4755,1.74980057982641e+100
19,4755,1.74980057982641e+100
19,4755,1.74980057982641e+100
2,4759,2
2,4759,1
3,4759,2
4,4759,1.74980057982641e+100
5,4759,2
6,4759,2
7,4759,1
8,4759,1.74980057982641e+100
9,4759,1.74980057982641e+100
10,4759,1
10,4759,1.74980057982641e+100
11,4759,1.74980057982641e+100
11,4759,2
13,4759,2
14,4759,1
14,4759,1.74980057982641e+100
15,4759,2
18,4759,1
17,4762,1.74980057982641e+100
17,4762,2
19,4762,2
5,4765,1
6,4765,2
6,4765,1.74980057982641e+100
7,4765,2
8,4765,2
8,4765,1.74980057982641e+100
8,4765,1
9,4765,1
12,4765,1
12,4765,1
14,4765,2
14,4765,2
15,4765,1
16,4765,2
20,4765,1
21,4765,1.74980057982641e+100
21,4765,1
22,4765,2
3,4769,1
5,4769,1.74980057982641e+100
5,4769,2
6,4769,1.74980057982641e+100
7,4769,1
10,4769,1
11,4769,1
11,4769,1.74980057982641e+100
11,4769,1
22,4769,1.74980057982641e+100
22,4769,1.74980057982641e+100
1,4772,2
1,4772,1
6,4772,2
9,4772,1
10,4772,1
12,4772,1
19,4772,1.74980057982641e+100
19,4772,1
6,4775,1.74980057982641e+100
10,4775,2
15,4775,2
18,4775,1
18,4775,1.74980057982641e+100
5,4779,1
7,4779,1.74980057982641e+100
7,4779,1.74980057982641e+100
7,4779,1.74980057982641e+100
12,4779,2
13,4779,1
14,4779,2
14,4779,1.74980057982641e+100
16,4779,1.74980057982641e+100
19,4779,1
19,4779,1.74980057982641e+100
2,4782,1.74980057982641e+100
6,4782,1.74980057982641e+100
8,4782,1.74980057982641e+100
8,4782,1.74980057982641e+100
11,4782,1.74980057982641e+100
18,4782,1.74980057982641e+100
6,4785,1
6,4785,2
14,4785,1
19,4785,1.74980057982641e+100
20,4785,2
21,4785,1
22,4785,1
23,4785,2
4,4790,1.74980057982641e+100
8,4790,1.74980057982641e+100
9,4790,1.74980057982641e+100
19,4790,1.74980057982641e+100
4,4792,1.74980057982641e+100
6,4792,1.74980057982641e+100
7,4792,1
8,4792,1
12,4792,1.74980057982641e+100
17,4792,1.74980057982641e+100
17,4792,1.74980057982641e+100
17,4792,1.74980057982641e+100
18,4792,2
18,4792,1.74980057982641e+100
19,4792,1.74980057982641e+100
7,4795,1.74980057982641e+100
9,4795,1.74980057982641e+100
10,4795,1.74980057982641e+100
15,4795,1.74980057982641e+100
18,4795,1.74980057982641e+100
18,4795,1.74980057982641e+100
19,4795,1.74980057982641e+100
19,4795,1.74980057982641e+100
19,4795,1.74980057982641e+100
20,4795,1.74980057982641e+100
20,4795,1.74980057982641e+100
1,4799,1.74980057982641e+100
3,4799,1.74980057982641e+100
9,4799,1.74980057982641e+100
10,4799,1.74980057982641e+100
12,4799,1.74980057982641e+100
15,4799,1.74980057982641e+100
16,4799,1.74980057982641e+100
18,4799,1.74980057982641e+100
19,4799,1.74980057982641e+100
20,4799,1
3,4802,1.74980057982641e+100
6,4802,2
7,4802,2
11,4802,1.74980057982641e+100
20,4802,1.74980057982641e+100
3,4805,1.74980057982641e+100
6,4805,1.74980057982641e+100
7,4805,1.74980057982641e+100
10,4805,1.74980057982641e+100
14,4805,1.74980057982641e+100
16,4805,2
17,4805,1.74980057982641e+100
19,4805,1.74980057982641e+100
19,4805,1.74980057982641e+100
1,4809,1.74980057982641e+100
4,4809,1.74980057982641e+100
12,4809,1.74980057982641e+100
14,4809,1.74980057982641e+100
14,4809,1.74980057982641e+100
20,4809,1.74980057982641e+100
1,4812,1.74980057982641e+100
2,4812,1
8,4812,1.74980057982641e+100
12,4812,1.74980057982641e+100
14,4812,1.74980057982641e+100
16,4812,1.74980057982641e+100
16,4812,1.74980057982641e+100
16,4812,1.74980057982641e+100
18,4812,1.74980057982641e+100
18,4812,1.74980057982641e+100
18,4812,1.74980057982641e+100
3,4815,1
3,4815,1
3,4815,1.74980057982641e+100
3,4815,1.74980057982641e+100
5,4815,1
5,4815,1
7,4815,1
7,4815,1
8,4815,1.74980057982641e+100
8,4815,1.74980057982641e+100
8,4815,1
11,4815,1.74980057982641e+100
13,4815,1.74980057982641e+100
13,4815,1.74980057982641e+100
14,4815,1.74980057982641e+100
14,4815,1
16,4815,1.74980057982641e+100
16,4815,1
17,4815,1
20,4815,1.74980057982641e+100
20,4815,1.74980057982641e+100
20,4815,1.74980057982641e+100
14,4819,1.74980057982641e+100
1,4822,1.74980057982641e+100
1,4822,1.74980057982641e+100
5,4822,1.74980057982641e+100
7,4822,1.74980057982641e+100
5,4825,1
8,4825,2
11,4825,1.74980057982641e+100
11,4825,1.74980057982641e+100
13,4825,1
14,4825,1
15,4825,1.74980057982641e+100
15,4825,2
20,4825,2
2,4829,2
7,4829,1
8,4829,1.74980057982641e+100
3,4832,1
5,4832,2
9,4832,1
16,4832,2
2,4839,1.74980057982641e+100
14,4839,1.74980057982641e+100
19,4839,1
19,4839,1.74980057982641e+100
3,4842,1.74980057982641e+100
10,4842,1.74980057982641e+100
11,4842,2
13,4842,1.74980057982641e+100
20,4842,1
20,4842,2
1,4845,1
7,4845,1
10,4845,1.74980057982641e+100
12,4845,1
13,4845,1
13,4845,1
15,4845,1
20,4845,1
20,4845,1
25,4845,1.74980057982641e+100
11,4852,1.74980057982641e+100
12,4852,1.74980057982641e+100
12,4852,1.74980057982641e+100
12,4852,1.74980057982641e+100
14,4852,1.74980057982641e+100
14,4852,1.74980057982641e+100
18,4852,1.74980057982641e+100
18,4852,1.74980057982641e+100
20,4852,1.74980057982641e+100
20,4852,1.74980057982641e+100
1,4855,1.74980057982641e+100
2,4855,1.74980057982641e+100
3,4855,1.74980057982641e+100
7,4855,1.74980057982641e+100
8,4855,1.74980057982641e+100
8,4855,1.74980057982641e+100
9,4855,1.74980057982641e+100
9,4855,1.74980057982641e+100
11,4855,1.74980057982641e+100
19,4855,1.74980057982641e+100
2,4865,1.74980057982641e+100
13,4865,1.74980057982641e+100
3,4869,1.74980057982641e+100
9,4869,1.74980057982641e+100
12,4869,1.74980057982641e+100
20,4869,1.74980057982641e+100
4,4872,1.74980057982641e+100
18,4875,1.74980057982641e+100
18,4875,1.74980057982641e+100
18,4875,1.74980057982641e+100
15,4882,1.74980057982641e+100
15,4882,1.74980057982641e+100
19,4882,1.74980057982641e+100
1,4892,1.74980057982641e+100
2,4892,1.74980057982641e+100
4,4892,1.74980057982641e+100
4,4892,1.74980057982641e+100
7,4892,1.74980057982641e+100
8,4892,1.74980057982641e+100
8,4892,1.74980057982641e+100
12,4892,1.74980057982641e+100
13,4892,1.74980057982641e+100
13,4892,1.74980057982641e+100
14,4892,1.74980057982641e+100
16,4892,1.74980057982641e+100
16,4892,1.74980057982641e+100
18,4892,1.74980057982641e+100
18,4892,1.74980057982641e+100
18,4892,1.74980057982641e+100
18,4892,1.74980057982641e+100
19,4892,1.74980057982641e+100
3,4899,1.74980057982641e+100
6,4899,1.74980057982641e+100
1,4902,1.74980057982641e+100
2,4902,1.74980057982641e+100
6,4902,1.74980057982641e+100
10,4902,1.74980057982641e+100
11,4902,1.74980057982641e+100
18,4902,1.74980057982641e+100
19,4902,1.74980057982641e+100
9,4909,1.74980057982641e+100
16,4909,1.74980057982641e+100
1,4912,1.74980057982641e+100
3,4912,2
21,4912,1.74980057982641e+100
1,4922,1.74980057982641e+100
5,4922,1.74980057982641e+100
5,4922,1.74980057982641e+100
6,4922,1.74980057982641e+100
6,4922,1.74980057982641e+100
8,4922,1.74980057982641e+100
10,4922,1.74980057982641e+100
10,4922,1.74980057982641e+100
2,4929,1
2,4929,1.74980057982641e+100
2,4929,1
4,4929,1.74980057982641e+100
4,4929,1
6,4929,1.74980057982641e+100
7,4929,1.74980057982641e+100
8,4929,1.74980057982641e+100
8,4929,1
9,4929,1.74980057982641e+100
9,4929,1.74980057982641e+100
13,4929,1.74980057982641e+100
13,4929,1
15,4929,1.74980057982641e+100
16,4929,1.74980057982641e+100
16,4929,1.74980057982641e+100
17,4929,1.74980057982641e+100
19,4929,1.74980057982641e+100
19,4929,1
2,4932,1.74980057982641e+100
2,4932,1.74980057982641e+100
3,4932,1.74980057982641e+100
3,4932,1.74980057982641e+100
3,4932,1.74980057982641e+100
3,4932,1.74980057982641e+100
3,4932,1.74980057982641e+100
5,4932,2
5,4932,2
5,4932,1.74980057982641e+100
5,4932,1.74980057982641e+100
7,4932,1.74980057982641e+100
8,4932,1.74980057982641e+100
11,4932,1.74980057982641e+100
17,4932,1.74980057982641e+100
19,4932,1.74980057982641e+100
20,4932,1.74980057982641e+100
22,4932,1.74980057982641e+100
2,4935,1.74980057982641e+100
8,4935,1.74980057982641e+100
14,4935,1.74980057982641e+100
16,4935,1.74980057982641e+100
19,4935,1.74980057982641e+100
20,4935,1.74980057982641e+100
20,4935,1.74980057982641e+100
15,4939,1.74980057982641e+100
15,4939,1.74980057982641e+100
18,4939,2
20,4939,2
20,4939,1.74980057982641e+100
12,4949,1.74980057982641e+100
6,4952,1.74980057982641e+100
6,4952,1.74980057982641e+100
11,4952,1.74980057982641e+100
12,4952,1.74980057982641e+100
12,4952,1.74980057982641e+100
13,4952,1.74980057982641e+100
14,4952,1.74980057982641e+100
15,4952,1.74980057982641e+100
16,4952,1.74980057982641e+100
17,4952,1.74980057982641e+100
20,4952,1.74980057982641e+100
4,4959,1.74980057982641e+100
4,4959,1.74980057982641e+100
6,4959,1.74980057982641e+100
6,4959,1.74980057982641e+100
10,4959,1.74980057982641e+100
11,4959,1.74980057982641e+100
15,4959,1.74980057982641e+100
16,4959,1.74980057982641e+100
17,4959,1.74980057982641e+100
18,4959,1.74980057982641e+100
18,4959,2
20,4959,1.74980057982641e+100
20,4959,1.74980057982641e+100
20,4959,1.74980057982641e+100
21,4959,1.74980057982641e+100
21,4959,1.74980057982641e+100
21,4959,1.74980057982641e+100
10,4962,1.74980057982641e+100
1,4965,2
2,4965,1
2,4965,2
3,4965,1
4,4965,1.74980057982641e+100
4,4965,1.74980057982641e+100
6,4965,1.74980057982641e+100
7,4965,1
7,4965,2
8,4965,2
8,4965,2
10,4965,2
13,4965,1.74980057982641e+100
13,4965,1.74980057982641e+100
13,4965,1.74980057982641e+100
14,4965,1.74980057982641e+100
14,4965,1.74980057982641e+100
15,4965,1.74980057982641e+100
17,4965,1.74980057982641e+100
18,4965,1.74980057982641e+100
19,4965,1.74980057982641e+100
19,4965,1.74980057982641e+100
22,4965,1.74980057982641e+100
22,4965,1.74980057982641e+100
2,4969,1.74980057982641e+100
2,4969,1.74980057982641e+100
4,4969,1.74980057982641e+100
5,4969,1.74980057982641e+100
13,4969,1.74980057982641e+100
15,4969,1.74980057982641e+100
16,4969,1.74980057982641e+100
6,4972,2
7,4972,2
12,4972,1.74980057982641e+100
19,4972,2
19,4972,1.74980057982641e+100
20,4972,1.74980057982641e+100
2,4975,1.74980057982641e+100
2,4975,1
2,4975,1.74980057982641e+100
3,4975,1.74980057982641e+100
3,4975,2
5,4975,1
5,4975,1.74980057982641e+100
11,4975,1.74980057982641e+100
11,4975,1
11,4975,1.74980057982641e+100
13,4975,1.74980057982641e+100
13,4975,1.74980057982641e+100
14,4975,1.74980057982641e+100
18,4975,1.74980057982641e+100
19,4975,2
19,4975,1.74980057982641e+100
1,4979,1.74980057982641e+100
2,4979,1
3,4979,1.74980057982641e+100
3,4979,1.74980057982641e+100
3,4979,1.74980057982641e+100
3,4979,1.74980057982641e+100
4,4979,1.74980057982641e+100
6,4979,1.74980057982641e+100
6,4979,1.74980057982641e+100
6,4979,1.74980057982641e+100
6,4979,1.74980057982641e+100
6,4979,1.74980057982641e+100
7,4979,1.74980057982641e+100
9,4979,1
10,4979,1.74980057982641e+100
11,4979,1
11,4979,1.74980057982641e+100
12,4979,1.74980057982641e+100
14,4979,1.74980057982641e+100
18,4979,1.74980057982641e+100
19,4979,1.74980057982641e+100
19,4979,1
19,4979,1
19,4979,1.74980057982641e+100
19,4979,1
20,4979,1.74980057982641e+100
14,4982,1.74980057982641e+100
14,4982,1.74980057982641e+100
16,4982,1.74980057982641e+100
17,4982,1.74980057982641e+100
1,4985,1.74980057982641e+100
7,4985,1.74980057982641e+100
12,4985,1.74980057982641e+100
12,4985,1.74980057982641e+100
13,4985,1.74980057982641e+100
15,4985,1.74980057982641e+100
1,4989,1.74980057982641e+100
1,4989,1.74980057982641e+100
5,4989,1.74980057982641e+100
6,4992,1.74980057982641e+100
9,4992,1.74980057982641e+100
10,4992,1
11,4992,1.74980057982641e+100
12,4992,1.74980057982641e+100
14,4992,1.74980057982641e+100
2,4995,2
2,4995,1.74980057982641e+100
2,4995,2
12,4995,1.74980057982641e+100
12,4995,1.74980057982641e+100
17,4995,1.74980057982641e+100
21,4995,1.74980057982641e+100
21,4995,2
1,4999,1.74980057982641e+100
2,4999,2
2,4999,1.74980057982641e+100
3,4999,2
3,4999,1.74980057982641e+100
6,4999,2
9,4999,1.74980057982641e+100
9,4999,1.74980057982641e+100
11,4999,2
11,4999,1.74980057982641e+100
11,4999,2
14,4999,1.74980057982641e+100
17,4999,2
19,4999,1.74980057982641e+100
19,4999,1
19,4999,1.74980057982641e+100
20,4999,1
