nh,clust,Amount_withdrawn_from_savings
1,4002,1.74980057982641e+100
2,4002,1.74980057982641e+100
3,4002,1.74980057982641e+100
4,4002,0
4,4002,0
5,4002,0
6,4002,0
7,4002,1.74980057982641e+100
8,4002,1.74980057982641e+100
9,4002,1.74980057982641e+100
9,4002,1.74980057982641e+100
10,4002,1.74980057982641e+100
11,4002,1.74980057982641e+100
12,4002,0
13,4002,1.74980057982641e+100
14,4002,1.74980057982641e+100
15,4002,1.74980057982641e+100
16,4002,1.74980057982641e+100
16,4002,1.74980057982641e+100
17,4002,0
18,4002,1.74980057982641e+100
19,4002,1.74980057982641e+100
20,4002,1.74980057982641e+100
1,4005,1.74980057982641e+100
2,4005,1.74980057982641e+100
3,4005,1.74980057982641e+100
4,4005,1.74980057982641e+100
5,4005,1.74980057982641e+100
6,4005,1.74980057982641e+100
7,4005,6e+05
8,4005,0
9,4005,0
10,4005,1.74980057982641e+100
11,4005,0
12,4005,1.74980057982641e+100
13,4005,350000
14,4005,1.4e+07
15,4005,1.74980057982641e+100
16,4005,0
17,4005,0
18,4005,1.74980057982641e+100
20,4005,8e+05
20,4005,0
1,4009,1.74980057982641e+100
2,4009,1.74980057982641e+100
3,4009,1.74980057982641e+100
4,4009,1.74980057982641e+100
5,4009,0
6,4009,1.74980057982641e+100
7,4009,10000
8,4009,1.74980057982641e+100
9,4009,1.74980057982641e+100
11,4009,1.74980057982641e+100
12,4009,1.74980057982641e+100
13,4009,1.74980057982641e+100
14,4009,1.74980057982641e+100
15,4009,150000
16,4009,1.74980057982641e+100
17,4009,1.74980057982641e+100
18,4009,1.74980057982641e+100
19,4009,1.74980057982641e+100
20,4009,0
21,4009,0
1,4012,0
2,4012,360000
3,4012,1.74980057982641e+100
5,4012,0
6,4012,0
7,4012,0
8,4012,1.74980057982641e+100
9,4012,1.74980057982641e+100
10,4012,1.74980057982641e+100
11,4012,1.74980057982641e+100
12,4012,1080000
13,4012,1.74980057982641e+100
14,4012,1.74980057982641e+100
15,4012,1.74980057982641e+100
16,4012,1.74980057982641e+100
17,4012,1.74980057982641e+100
18,4012,1.74980057982641e+100
19,4012,1.74980057982641e+100
20,4012,1.74980057982641e+100
2,4015,4e+05
4,4015,5e+05
11,4015,0
13,4015,3e+05
15,4015,0
17,4015,0
19,4015,0
20,4015,3e+05
1,4019,0
9,4022,80000
15,4022,30000
15,4022,40000
1,4025,0
2,4025,1.74980057982641e+100
2,4025,1.74980057982641e+100
5,4025,10000
8,4025,0
20,4025,0
4,4032,0
10,4032,0
10,4032,0
15,4032,90000
15,4032,0
1,4035,0
2,4035,70000
11,4035,0
11,4035,8e+05
11,4035,0
19,4035,0
5,4039,30000
8,4039,0
1,4042,0
7,4042,0
9,4042,115000
10,4042,2e+05
10,4042,140000
12,4042,4e+05
4,4049,0
9,4049,0
10,4049,1e+05
16,4049,0
17,4049,0
18,4049,1e+05
20,4049,45000
6,4052,5e+05
11,4052,340000
11,4052,680000
12,4052,520000
17,4052,9e+05
19,4052,480000
11,4055,0
25,4055,1e+06
3,4059,8e+06
6,4059,780000
16,4059,780000
20,4059,0
1,4062,60000
3,4062,0
5,4062,3e+05
11,4062,504000
14,4062,6e+05
17,4062,0
17,4065,50000
2,4069,50000
7,4069,8e+05
10,4069,0
12,4069,1e+05
14,4069,0
16,4069,45000
10,4072,80000
11,4072,1400000
15,4072,0
16,4072,0
18,4072,0
5,4075,0
2,4079,60000
3,4079,308000
7,4079,4e+05
9,4079,54000
11,4079,140000
12,4079,0
14,4079,280000
16,4079,470000
20,4079,120000
20,4079,60000
1,4081,80000
4,4081,0
6,4081,0
10,4081,0
15,4081,0
11,4084,0
4,4092,0
6,4092,120000
13,4092,1e+05
13,4092,80000
13,4092,120000
2,4099,880000
7,4099,1500000
15,4099,0
1,4102,1.74980057982641e+100
2,4102,1.74980057982641e+100
3,4102,1.74980057982641e+100
4,4102,1.74980057982641e+100
5,4102,1.74980057982641e+100
6,4102,1.74980057982641e+100
7,4102,1.74980057982641e+100
8,4102,0
8,4102,0
9,4102,1.74980057982641e+100
10,4102,0
11,4102,1.74980057982641e+100
12,4102,1.74980057982641e+100
12,4102,1.74980057982641e+100
14,4102,60000
15,4102,1.74980057982641e+100
16,4102,1.74980057982641e+100
17,4102,1.74980057982641e+100
18,4102,1.74980057982641e+100
19,4102,1.74980057982641e+100
20,4102,1.74980057982641e+100
21,4102,360000
1,4105,3e+05
2,4105,1.74980057982641e+100
3,4105,1.74980057982641e+100
4,4105,1.74980057982641e+100
5,4105,1.74980057982641e+100
6,4105,1e+06
7,4105,1.74980057982641e+100
8,4105,1.74980057982641e+100
9,4105,1.74980057982641e+100
10,4105,1.74980057982641e+100
11,4105,360000
13,4105,1.74980057982641e+100
16,4105,1.74980057982641e+100
17,4105,1.74980057982641e+100
18,4105,1.74980057982641e+100
19,4105,1800000
20,4105,110000
21,4105,1.74980057982641e+100
22,4105,1.74980057982641e+100
1,4109,1.74980057982641e+100
2,4109,1200000
2,4109,3e+05
3,4109,1.74980057982641e+100
4,4109,5e+05
5,4109,0
10,4109,1.74980057982641e+100
10,4109,1.74980057982641e+100
13,4109,240000
16,4109,4e+05
18,4109,1e+06
19,4109,1.74980057982641e+100
20,4109,6e+05
3,4112,0
16,4112,30000
15,4115,80000
16,4115,40000
1,4119,0
3,4119,0
15,4119,0
11,4125,40000
14,4125,5000
14,4125,500
16,4129,0
17,4129,150000
18,4129,0
19,4129,120000
3,4132,0
14,4132,0
15,4134,0
16,4134,35000
20,4134,160000
4,4139,4e+05
4,4139,30000
4,4139,0
6,4139,20000
7,4139,0
9,4139,0
10,4139,0
12,4139,0
13,4139,0
13,4139,0
15,4139,0
15,4139,0
16,4139,0
18,4139,0
20,4139,0
20,4139,0
2,4142,0
10,4142,0
11,4142,1e+05
13,4142,6e+05
15,4142,5e+06
21,4142,3e+05
2,4145,2137500
3,4145,250000
4,4145,1e+05
5,4145,150000
19,4145,282000
1,4149,0
6,4149,20000
10,4149,20000
12,4149,50000
13,4149,2e+05
20,4149,0
20,4149,349000
1,4152,5e+05
2,4152,4e+05
3,4152,5e+05
4,4152,7e+05
6,4152,120000
8,4152,60000
9,4152,3e+05
10,4152,1e+05
12,4152,0
14,4152,3e+05
15,4152,0
17,4152,350000
18,4152,20000
18,4152,0
19,4152,0
20,4152,5e+05
5,4155,580000
8,4155,340000
2,4159,15000
8,4159,320000
10,4159,0
14,4159,0
17,4159,20000
1,4162,1e+05
2,4162,1.74980057982641e+100
3,4162,1.74980057982641e+100
4,4162,1e+05
4,4162,7e+05
5,4162,7e+05
6,4162,1e+05
7,4162,0
8,4162,0
8,4162,20000
9,4162,1.74980057982641e+100
10,4162,5000
11,4162,1.74980057982641e+100
12,4162,1.74980057982641e+100
13,4162,5e+05
14,4162,2e+05
15,4162,1.74980057982641e+100
16,4162,1.74980057982641e+100
17,4162,1.74980057982641e+100
18,4162,1.74980057982641e+100
19,4162,1.74980057982641e+100
20,4162,0
2,4165,0
2,4165,1600000
2,4165,0
2,4165,0
2,4165,0
2,4165,0
3,4165,0
3,4165,1e+06
4,4165,1200000
5,4165,1600000
6,4165,1150000
7,4165,4e+05
8,4165,1.74980057982641e+100
9,4165,1500000
10,4165,1.74980057982641e+100
11,4165,1.74980057982641e+100
12,4165,50000
13,4165,0
14,4165,1800000
15,4165,2400000
16,4165,0
16,4165,1e+05
17,4165,2e+05
17,4165,54000
17,4165,0
17,4165,0
17,4165,0
19,4165,1.74980057982641e+100
20,4165,0
20,4165,660000
21,4165,1.74980057982641e+100
22,4165,3e+06
1,4169,330000
2,4169,360000
3,4169,1.74980057982641e+100
4,4169,1.74980057982641e+100
5,4169,1800000
6,4169,1.74980057982641e+100
7,4169,1.74980057982641e+100
8,4169,0
9,4169,0
10,4169,1.74980057982641e+100
11,4169,1.74980057982641e+100
12,4169,1.74980057982641e+100
13,4169,1.74980057982641e+100
14,4169,1.74980057982641e+100
15,4169,1.74980057982641e+100
16,4169,1.74980057982641e+100
17,4169,1.74980057982641e+100
18,4169,1.74980057982641e+100
19,4169,1.74980057982641e+100
20,4169,1.74980057982641e+100
2,4172,0
3,4172,150000
6,4172,1.74980057982641e+100
11,4172,1.74980057982641e+100
12,4172,1e+06
16,4172,2e+05
19,4172,1.74980057982641e+100
3,4175,0
4,4175,1.74980057982641e+100
12,4175,0
17,4175,420000
4,4182,0
6,4182,0
9,4182,0
10,4182,10000
14,4182,0
17,4182,0
20,4182,0
20,4182,0
2,4185,0
9,4185,0
10,4185,0
13,4185,0
20,4185,0
3,4189,0
6,4189,3e+05
8,4189,0
11,4189,0
12,4189,0
15,4189,0
4,4192,0
8,4192,0
12,4192,5e+05
12,4192,40000
13,4192,5e+05
13,4192,40000
14,4192,295000
17,4192,31000
18,4192,343000
18,4192,39000
19,4192,3e+05
13,4195,120000
7,4199,120000
8,4199,25000
10,4199,431000
10,4199,0
11,4199,0
20,4199,0
3,4202,0
9,4202,0
10,4202,0
11,4202,0
13,4202,0
15,4202,0
18,4202,0
1,4205,0
8,4205,640000
8,4205,2e+05
14,4205,20000
17,4205,0
19,4205,0
2,4209,180000
6,4209,350000
6,4209,250000
7,4209,0
8,4209,2250000
8,4209,9e+05
9,4209,0
13,4209,0
17,4209,0
18,4209,0
19,4209,0
1,4212,3e+06
6,4212,0
8,4212,0
9,4212,5e+06
12,4212,0
13,4212,0
13,4212,1e+06
15,4212,6e+05
16,4212,0
17,4212,0
1,4215,1500000
3,4215,4e+05
7,4215,6e+05
9,4215,6e+05
15,4215,1e+06
16,4215,7e+05
16,4215,5e+05
18,4215,3e+05
1,4219,0
3,4219,845000
6,4219,1700000
7,4219,7e+05
8,4219,4e+05
10,4219,2e+05
11,4219,0
14,4219,0
16,4219,4e+05
17,4219,0
17,4219,350000
17,4219,5e+05
9,4222,2e+06
8,4225,180000
8,4225,1200000
10,4225,5e+06
10,4225,2e+06
17,4225,6e+06
17,4225,2500000
19,4225,1500000
19,4225,1e+06
3,4232,0
3,4232,0
4,4232,1e+05
6,4232,2e+05
8,4232,40000
10,4232,0
13,4232,2e+05
16,4232,0
16,4232,3e+05
1,4235,7e+05
1,4235,2e+05
7,4235,8e+05
10,4235,1500000
3,4239,3e+05
4,4239,2e+06
5,4239,8e+05
8,4239,2e+06
10,4239,4e+05
12,4239,8e+05
14,4239,8e+05
1,4242,0
1,4242,0
2,4242,1e+05
3,4242,1350000
5,4242,3e+07
6,4242,180000
7,4242,2e+05
8,4242,0
8,4242,0
10,4242,0
12,4242,0
14,4242,3e+06
15,4242,0
16,4242,0
19,4242,11700000
20,4242,480000
3,4245,720000
3,4245,1e+06
8,4245,1300000
9,4245,720000
15,4245,0
18,4245,0
20,4245,1e+05
22,4245,0
25,4245,5e+05
4,4249,0
15,4249,332000
17,4249,319000
17,4249,0
17,4249,1700000
18,4249,0
20,4249,240000
3,4252,430000
7,4252,360000
14,4255,0
15,4255,0
1,4259,0
3,4259,1.74980057982641e+100
4,4259,0
5,4259,0
11,4259,150000
12,4259,0
14,4259,5e+05
17,4259,0
18,4259,1.74980057982641e+100
19,4259,0
20,4259,1.74980057982641e+100
2,4262,1400000
5,4262,275000
7,4262,0
8,4262,1e+05
11,4262,550000
14,4262,150000
18,4262,40
19,4262,8e+05
19,4262,120000
21,4262,50000
21,4262,5e+05
22,4262,190000
2,4265,1100000
3,4265,350000
9,4265,2e+05
11,4265,6e+05
14,4265,3e+05
1,4269,0
6,4269,0
6,4269,0
10,4269,7e+05
17,4269,0
20,4269,150000
1,4272,0
2,4272,5e+05
7,4272,2e+05
8,4272,448000
11,4272,140000
15,4272,2e+05
16,4272,2e+05
17,4272,4e+05
18,4272,1e+05
20,4272,720000
4,4275,2e+06
10,4275,4e+05
13,4275,0
14,4275,0
15,4275,2e+05
6,4279,0
7,4279,171500
10,4279,0
11,4279,0
12,4279,690000
17,4279,1e+06
1,4282,0
3,4282,6e+05
9,4282,0
11,4282,0
12,4282,0
13,4282,0
13,4282,0
14,4282,0
16,4282,0
20,4282,0
2,4285,4e+06
3,4285,0
3,4285,0
4,4285,7e+05
5,4285,350000
6,4285,5e+05
6,4285,6e+05
11,4285,0
12,4285,4e+05
13,4285,20000
14,4285,0
1,4289,150000
2,4289,8e+05
3,4289,1500000
4,4289,1800000
5,4289,4800000
6,4289,3600000
7,4289,2e+05
8,4289,0
11,4289,0
15,4289,2400000
16,4289,150000
17,4289,250000
19,4289,0
20,4289,120000
2,4292,40000
2,4292,0
3,4292,0
4,4292,0
12,4292,0
13,4292,0
17,4292,5e+05
17,4292,0
19,4292,6e+06
20,4292,0
22,4292,0
2,4295,0
3,4295,1080000
3,4295,3e+05
4,4295,0
6,4295,650000
7,4295,1e+05
8,4295,0
8,4295,0
9,4295,0
11,4295,0
19,4295,5e+05
4,4299,0
5,4299,0
7,4299,0
9,4299,0
9,4299,290000
9,4299,0
10,4299,0
11,4299,1e+05
12,4299,0
13,4299,0
15,4299,50000
17,4299,80000
18,4299,0
19,4299,1e+05
20,4299,0
3,4302,0
3,4302,0
8,4302,0
9,4302,0
13,4302,0
14,4302,0
19,4302,0
1,4305,0
4,4305,0
5,4305,0
8,4305,1e+05
8,4305,0
9,4305,0
11,4305,2e+05
19,4305,6e+05
19,4305,650000
20,4305,0
9,4309,2e+05
10,4309,2e+06
12,4309,3e+05
13,4309,0
18,4309,950000
20,4309,1.74980057982641e+100
2,4312,50000
3,4312,4e+05
3,4312,0
4,4312,8e+05
8,4312,1e+07
8,4312,2e+06
14,4312,2e+06
16,4312,4e+05
16,4312,50000
20,4312,3e+05
20,4312,4e+05
22,4312,3e+05
2,4315,0
2,4315,550000
3,4315,240000
6,4315,5e+05
7,4315,0
10,4315,5e+05
10,4315,1e+06
11,4315,50000
2,4319,140000
11,4319,4e+05
12,4319,80000
13,4322,2e+06
1,4325,0
4,4325,9e+05
6,4325,0
7,4325,20000
8,4325,0
15,4325,3e+06
16,4325,0
3,4329,335000
18,4329,339000
8,4332,5e+05
10,4332,5e+05
12,4332,4e+05
15,4332,5e+05
18,4332,70000
3,4335,1700000
7,4335,0
8,4335,12000
8,4335,50000
9,4335,3e+05
9,4335,5e+05
10,4335,5e+05
11,4335,30000
11,4335,0
14,4335,5e+05
15,4335,90000
18,4335,8e+05
19,4335,2e+05
20,4335,350000
1,4339,50000
7,4339,0
8,4339,0
10,4339,0
14,4339,0
17,4339,0
21,4339,0
21,4339,0
1,4342,250000
2,4342,1e+06
8,4342,0
16,4342,10000
23,4342,120000
23,4342,0
4,4345,5e+05
6,4345,70000
14,4345,0
3,4349,2e+05
9,4349,210000
13,4349,60000
13,4349,30000
14,4349,0
15,4349,0
16,4349,0
16,4349,0
4,4352,0
6,4352,4500000
7,4352,754000
10,4352,0
11,4352,0
13,4352,314000
17,4352,0
18,4352,1e+05
19,4352,20000
1,4355,0
2,4355,0
2,4355,1e+05
3,4355,5e+05
6,4355,0
8,4355,1.74980057982641e+100
15,4355,0
17,4355,0
18,4355,0
19,4355,1.74980057982641e+100
20,4355,0
4,4359,30000
7,4359,1.74980057982641e+100
9,4359,15000
15,4359,0
16,4359,1e+05
17,4359,10000
18,4359,0
20,4359,0
22,4359,0
3,4362,0
4,4362,0
6,4362,80000
9,4362,2e+05
13,4362,0
14,4362,0
16,4362,1.74980057982641e+100
17,4362,0
18,4362,0
19,4362,1.74980057982641e+100
22,4362,4e+05
1,4365,1200000
3,4365,5000
10,4365,0
11,4365,520000
14,4365,1.74980057982641e+100
3,4369,60000
5,4369,350000
6,4369,250000
6,4369,1e+05
7,4369,0
11,4369,5e+05
13,4369,2e+05
13,4369,0
14,4369,3e+05
15,4369,0
16,4369,0
17,4369,1e+05
21,4369,4e+05
22,4369,0
22,4369,150000
23,4369,150000
23,4369,0
24,4369,0
1,4372,1e+06
2,4372,5e+06
4,4372,80000
6,4372,0
10,4372,2e+05
10,4372,0
11,4372,0
17,4372,0
18,4372,1e+05
21,4372,1500000
1,4375,0
2,4375,0
2,4375,0
4,4375,0
5,4375,0
6,4375,0
11,4375,0
13,4375,620000
13,4375,2506500
16,4375,0
17,4375,1.74980057982641e+100
18,4375,0
20,4375,10000
1,4379,1.74980057982641e+100
2,4379,1.74980057982641e+100
3,4379,50000
4,4379,1950000
5,4379,1300000
6,4379,1.74980057982641e+100
7,4379,1.74980057982641e+100
8,4379,1.74980057982641e+100
9,4379,1.74980057982641e+100
12,4379,1.74980057982641e+100
15,4379,208000
17,4379,1600000
18,4379,6500000
19,4379,1e+06
19,4379,5e+05
20,4379,3e+06
20,4379,0
1,4382,0
2,4382,0
4,4382,1e+05
5,4382,14200000
5,4382,2e+05
6,4382,60000
7,4382,1.74980057982641e+100
9,4382,0
10,4382,0
11,4382,1.74980057982641e+100
13,4382,6e+05
14,4382,830000
18,4382,0
1,4385,1785000
1,4385,1550000
2,4385,0
3,4385,5e+05
5,4385,2345000
5,4385,350000
8,4385,1.74980057982641e+100
9,4385,0
10,4385,0
12,4385,80000
13,4385,2e+05
13,4385,0
14,4385,380000
17,4385,5e+06
19,4385,1500000
20,4385,350000
2,4389,3e+05
4,4389,4e+05
5,4389,2350000
7,4389,3e+06
8,4389,0
9,4389,0
11,4389,40000
14,4389,3e+05
15,4389,650000
16,4389,0
18,4389,1.74980057982641e+100
19,4389,0
19,4389,0
20,4389,150000
20,4389,0
20,4389,0
20,4389,150000
5,4392,2e+05
6,4392,0
9,4392,120000
9,4392,125000
12,4392,0
17,4392,0
18,4392,820000
1,4395,0
2,4395,0
5,4395,0
6,4395,170000
7,4395,8e+05
8,4395,1e+05
9,4395,0
10,4395,0
11,4395,70000
12,4395,0
13,4395,95000
14,4395,2e+05
15,4395,1560000
17,4395,280000
18,4395,50000
1,4399,0
2,4399,50000
6,4399,0
9,4399,0
12,4399,220000
13,4399,10000
16,4399,0
19,4399,0
20,4399,0
1,4402,2e+05
3,4402,0
6,4402,15000
8,4402,0
8,4402,0
9,4402,0
10,4402,150000
11,4402,80000
12,4402,10000
13,4402,0
14,4402,0
15,4402,172000
15,4402,70000
16,4402,0
16,4402,0
17,4402,0
20,4402,48000
20,4402,0
1,4405,50000
2,4405,0
3,4405,0
4,4405,1e+05
5,4405,0
6,4405,0
7,4405,0
8,4405,50000
9,4405,0
10,4405,2e+05
11,4405,250000
12,4405,50000
13,4405,0
17,4405,0
18,4405,0
20,4405,0
2,4408,0
6,4408,0
8,4408,9000
8,4408,10000
9,4408,0
9,4408,1656000
10,4408,0
14,4408,0
17,4408,3e+05
20,4408,0
20,4408,0
1,4412,3e+05
2,4412,0
4,4412,0
9,4412,0
11,4412,0
12,4412,0
19,4412,4e+05
1,4415,1800000
1,4415,106000
3,4415,0
3,4415,0
4,4415,1e+06
4,4415,0
5,4415,0
6,4415,0
6,4415,0
7,4415,0
7,4415,0
8,4415,0
9,4415,7e+05
11,4415,0
12,4415,0
16,4415,0
20,4415,0
6,4419,1300000
6,4419,0
21,4419,0
1,4422,0
2,4422,6e+05
4,4422,0
15,4422,0
2,4425,250000
16,4425,0
5,4429,0
6,4429,0
8,4429,60000
11,4429,80000
19,4429,3e+05
20,4429,0
20,4429,0
4,4433,0
7,4433,0
9,4433,430000
11,4433,110000
14,4433,0
16,4433,70000
16,4433,0
18,4433,2400000
18,4433,0
1,4435,0
3,4435,0
6,4435,0
6,4435,0
9,4435,130000
13,4435,1e+05
14,4435,90000
15,4435,285000
17,4435,0
18,4435,1e+05
20,4435,0
22,4435,0
2,4439,0
7,4439,0
10,4439,240000
15,4439,3e+05
1,4442,1.74980057982641e+100
1,4442,1.74980057982641e+100
1,4442,1.74980057982641e+100
1,4442,1.74980057982641e+100
1,4442,1.74980057982641e+100
1,4442,1.74980057982641e+100
2,4442,1e+05
2,4442,1.74980057982641e+100
2,4442,1.74980057982641e+100
2,4442,1.74980057982641e+100
2,4442,1.74980057982641e+100
2,4442,1.74980057982641e+100
6,4442,1.74980057982641e+100
6,4442,1.74980057982641e+100
6,4442,1.74980057982641e+100
6,4442,1.74980057982641e+100
6,4442,1.74980057982641e+100
6,4442,1.74980057982641e+100
12,4442,6e+05
13,4442,0
15,4442,250000
16,4442,25000
21,4442,0
24,4442,60000
16,4445,205000
12,4449,6e+06
5,4452,50000
16,4452,0
18,4452,0
6,4455,0
15,4455,0
19,4455,350000
12,4459,50000
15,4459,0
16,4459,3e+05
9,4462,0
10,4462,5e+05
12,4462,2e+06
13,4462,1e+06
17,4462,0
3,4465,960000
5,4465,0
6,4465,0
13,4465,3e+05
14,4465,650000
15,4465,0
17,4465,8e+05
20,4465,0
2,4469,1e+06
5,4469,480000
7,4469,1400000
9,4469,3e+06
9,4469,8e+05
10,4469,1e+05
11,4469,750000
13,4469,3500000
13,4469,4e+05
14,4469,1e+06
18,4469,6e+06
18,4469,3e+06
18,4469,6e+06
19,4469,850000
20,4469,3e+06
2,4472,2e+05
3,4472,0
6,4472,1510000
7,4472,0
9,4472,350000
17,4472,0
20,4472,20000
21,4472,60000
2,4475,0
3,4475,60000
3,4475,0
4,4475,1e+05
6,4475,90000
6,4475,1e+05
10,4475,0
16,4475,250000
18,4475,52000
19,4475,60000
3,4479,1300000
7,4479,0
8,4479,494000
8,4479,2e+06
9,4479,0
10,4479,7e+05
11,4479,3e+05
12,4479,905000
12,4479,7e+05
14,4479,35000
16,4479,1e+05
17,4479,325800
11,4482,4e+05
17,4482,0
3,4485,0
9,4485,0
11,4485,0
13,4485,0
18,4485,0
20,4485,0
2,4489,0
7,4489,290000
9,4489,350000
16,4489,4e+06
19,4489,60000
4,4492,0
5,4492,4e+05
7,4492,0
13,4492,0
16,4492,0
19,4492,1.74980057982641e+100
20,4492,590000
1,4495,350000
3,4495,1100000
4,4495,5e+05
4,4495,50000
5,4495,2e+06
5,4495,5e+05
10,4495,7e+05
10,4495,150000
10,4495,2e+05
11,4495,0
12,4495,0
13,4495,150000
14,4495,0
15,4495,70000
17,4495,4e+05
20,4495,0
5,4499,0
11,4499,0
14,4499,0
15,4499,0
16,4499,20000
19,4499,0
1,4502,0
2,4502,0
2,4502,0
5,4502,4e+05
8,4502,4e+05
8,4502,360000
12,4502,3e+05
13,4502,0
15,4502,0
15,4502,0
10,4505,0
2,4509,355000
2,4509,2e+05
4,4509,0
4,4509,1e+05
7,4509,0
10,4509,240000
12,4509,150000
20,4509,0
1,4512,0
5,4512,0
12,4515,2e+06
1,4519,2e+05
11,4519,7e+05
11,4519,1356000
16,4519,0
1,4522,80000
4,4522,0
7,4522,250000
9,4522,3e+05
10,4522,0
11,4522,1e+05
11,4522,5e+05
13,4522,0
13,4522,0
16,4522,0
19,4522,0
20,4522,0
3,4525,0
5,4525,20000
8,4525,0
12,4525,50000
14,4525,10000
15,4525,2e+05
17,4525,55000
1,4529,0
7,4529,0
8,4529,0
11,4529,0
20,4529,0
10,4532,8e+05
18,4532,0
19,4532,0
1,4535,1200000
1,4535,4e+05
2,4535,0
5,4535,1.74980057982641e+100
6,4535,0
8,4535,0
11,4535,0
11,4535,0
18,4535,0
19,4535,20000
20,4535,0
1,4539,180000
2,4539,0
3,4539,120000
4,4539,2e+05
4,4539,5e+05
6,4539,350000
6,4539,80000
8,4539,5e+05
9,4539,3e+05
10,4539,120000
10,4539,240000
12,4539,250000
13,4539,150000
15,4539,2e+05
16,4539,850000
16,4539,3e+05
19,4539,0
19,4539,8e+05
19,4539,350000
20,4539,3e+05
2,4542,1e+05
6,4542,0
7,4542,3e+05
13,4542,0
3,4545,44000
7,4545,0
13,4545,0
14,4545,1e+06
11,4549,3e+05
3,4552,1e+05
6,4552,40000
9,4552,0
9,4552,58000
12,4552,130000
12,4552,80000
16,4552,0
16,4552,0
18,4552,0
19,4552,650000
19,4552,3e+05
1,4555,0
9,4555,1.74980057982641e+100
18,4555,0
20,4555,7e+05
1,4559,1800000
2,4559,85000
4,4559,1.74980057982641e+100
5,4559,1.74980057982641e+100
7,4559,1500000
10,4559,0
11,4559,1.74980057982641e+100
15,4559,0
6,4562,1.74980057982641e+100
11,4562,0
16,4562,0
1,4565,50000
5,4565,0
7,4565,0
12,4565,150000
13,4565,0
14,4565,0
15,4565,1.74980057982641e+100
16,4565,1.74980057982641e+100
19,4565,1.74980057982641e+100
20,4565,0
20,4565,0
21,4565,0
7,4569,0
12,4569,0
4,4572,90000
4,4572,3e+05
8,4572,0
9,4572,250000
10,4572,240000
11,4572,150000
12,4572,0
15,4572,90000
12,4575,0
14,4575,0
15,4575,0
15,4575,8e+05
19,4575,50000
1,4579,0
6,4579,60000
17,4579,0
22,4579,0
22,4579,0
1,4582,0
7,4582,30000
9,4582,0
10,4582,0
11,4582,0
14,4582,0
15,4582,0
20,4582,1.4e+07
1,4585,0
3,4585,80000
11,4585,0
14,4585,0
18,4585,0
9,4589,0
12,4589,3e+05
14,4589,15000
21,4589,3e+05
21,4589,60000
12,4592,0
15,4592,0
17,4592,360000
18,4592,0
19,4592,0
4,4595,30000
5,4595,70000
8,4595,1e+06
8,4595,0
9,4595,790000
12,4595,40000
15,4595,40000
16,4595,4e+05
19,4595,0
19,4595,0
20,4595,0
1,4599,0
6,4599,0
6,4599,0
11,4599,5e+05
11,4599,0
12,4599,4e+05
15,4599,0
16,4599,0
19,4599,50000
20,4599,0
20,4599,0
20,4599,0
3,4602,0
5,4602,15000
9,4602,1e+05
8,4605,0
9,4605,3200000
10,4605,80000
16,4605,55000
16,4605,0
18,4605,1e+05
20,4605,50000
20,4605,1e+05
23,4605,0
25,4605,3e+05
1,4609,0
14,4609,30000
2,4612,0
7,4612,50000
13,4612,650000
16,4612,0
17,4612,2e+05
22,4612,2e+06
2,4615,0
3,4615,5e+05
4,4615,0
4,4615,6e+05
8,4615,0
14,4615,9e+05
14,4615,0
14,4615,0
14,4615,0
14,4615,650000
14,4615,50000
15,4615,40000
20,4615,0
22,4615,140000
23,4615,0
11,4619,5e+05
14,4619,35000
1,4622,8e+05
3,4622,5e+05
4,4622,0
5,4622,5500000
7,4622,280000
7,4622,75000
10,4622,2e+05
11,4622,220000
14,4622,0
14,4622,450000
15,4622,0
17,4622,0
18,4622,1500000
6,4625,120000
7,4625,0
16,4625,50000
17,4625,104000
19,4625,0
6,4629,3e+05
9,4629,180000
13,4629,0
15,4629,90000
16,4629,180000
18,4629,0
18,4629,0
19,4629,0
21,4629,0
25,4629,0
1,4632,210000
7,4632,360000
13,4632,0
16,4632,5200000
16,4632,0
3,4635,162000
9,4635,30000
11,4635,250000
13,4635,3345000
20,4635,708000
1,4639,150000
10,4639,2e+05
11,4639,0
12,4639,0
23,4639,0
2,4642,2200000
4,4642,0
7,4642,1445800
12,4642,0
12,4642,0
4,4645,0
4,4645,5600000
7,4645,0
8,4645,0
8,4645,0
9,4645,2e+05
13,4645,0
13,4645,0
15,4645,0
19,4645,0
20,4645,0
24,4645,0
25,4645,3500000
3,4649,2e+06
6,4649,1e+05
6,4649,4e+05
7,4649,350000
10,4649,8e+05
15,4649,6e+05
15,4649,80000
16,4649,0
3,4652,550000
20,4652,450000
21,4652,1.74980057982641e+100
1,4655,0
10,4655,68000
14,4655,160000
17,4655,5e+05
20,4655,80000
1,4659,1.74980057982641e+100
3,4659,1.74980057982641e+100
5,4659,0
6,4659,3e+05
7,4659,5e+05
8,4659,360000
10,4659,5e+06
12,4659,35000
15,4659,2300000
18,4659,6e+05
20,4659,60000
1,4662,1.74980057982641e+100
2,4662,0
5,4662,1.74980057982641e+100
18,4662,0
19,4662,720000
21,4662,1.74980057982641e+100
5,4665,1e+05
6,4665,1.74980057982641e+100
7,4665,0
8,4665,66000
10,4665,0
10,4665,2e+05
12,4665,50000
13,4665,0
17,4665,5200000
14,4669,4e+05
16,4669,65000
17,4669,1e+05
21,4669,150000
2,4672,40000
3,4672,0
3,4672,0
6,4672,0
7,4672,0
11,4672,0
12,4672,11000
12,4672,180000
13,4672,4e+05
13,4672,50000
13,4672,0
14,4672,1e+05
14,4672,45000
16,4672,470000
17,4672,0
19,4672,0
19,4672,0
20,4672,5e+05
6,4675,0
7,4675,820000
7,4675,180000
8,4675,0
9,4675,120000
10,4675,0
13,4675,150000
14,4675,160000
14,4675,0
15,4675,470000
4,4679,2e+05
5,4679,120000
6,4679,1e+05
9,4679,0
11,4679,8e+05
12,4679,140000
1,4682,943440
5,4682,6e+05
8,4682,15000
8,4682,1e+06
9,4682,3e+05
11,4682,2e+05
16,4682,0
18,4682,345000
2,4685,0
3,4685,4e+05
5,4685,1e+06
6,4685,350000
9,4685,0
13,4685,1e+06
14,4685,150000
14,4685,20000
15,4685,4e+05
17,4685,20000
23,4685,5e+05
24,4685,2e+05
1,4689,0
4,4689,20000
6,4689,2e+05
7,4689,220000
9,4689,5e+05
10,4689,360000
11,4689,0
12,4689,0
19,4689,1200000
20,4689,875000
21,4689,250000
6,4692,0
11,4692,0
13,4692,355000
18,4692,1e+05
20,4692,0
1,4695,0
9,4695,1e+06
10,4695,0
13,4695,2e+05
22,4695,0
1,4699,70000
2,4699,0
3,4699,0
4,4699,50000
5,4699,250000
7,4699,110000
7,4699,0
8,4699,2e+06
8,4699,0
8,4699,0
10,4699,60000
11,4699,3470000
12,4699,1500000
13,4699,1500000
15,4699,120000
16,4699,4050000
17,4699,3e+05
17,4699,1e+05
18,4699,1450000
19,4699,3500000
22,4699,1800000
8,4702,0
10,4702,0
12,4702,70000
15,4702,0
25,4702,240000
1,4705,4e+05
2,4705,6e+05
5,4705,1e+06
9,4705,0
13,4705,2e+06
16,4705,730000
17,4705,2450000
20,4705,1200000
3,4709,5e+05
4,4709,1800000
4,4709,3e+05
5,4709,4e+05
6,4709,5e+05
7,4709,1200000
8,4709,0
8,4709,0
9,4709,4e+05
11,4709,0
12,4709,7e+06
12,4709,250000
14,4709,0
16,4709,0
19,4709,44000
2,4712,77000
3,4712,0
6,4712,80000
8,4712,35000
10,4712,80000
14,4712,0
16,4712,80000
19,4712,250000
19,4712,70000
20,4712,120000
3,4715,6e+05
3,4715,3e+05
7,4715,5e+05
8,4715,0
10,4715,5e+05
12,4715,0
14,4715,0
1,4719,0
2,4719,360000
4,4719,3e+06
6,4719,660000
7,4719,660000
8,4719,656000
8,4719,190000
9,4719,326000
13,4719,605000
13,4719,2e+06
14,4719,660000
15,4719,0
16,4719,660000
17,4719,0
20,4719,0
22,4719,2400000
2,4722,87000
2,4722,50000
2,4722,80000
2,4722,35000
3,4722,0
3,4722,0
12,4722,660000
17,4722,0
18,4722,4e+05
21,4722,0
1,4725,0
3,4725,0
4,4725,210000
6,4725,656000
12,4725,0
13,4725,0
16,4725,0
17,4725,3100000
19,4725,1e+05
19,4725,0
24,4725,5e+05
1,4729,0
1,4729,0
3,4729,80000
10,4729,0
11,4729,1580000
13,4729,360000
14,4729,3e+05
15,4729,0
16,4729,180000
20,4729,5500000
21,4729,0
24,4729,150000
1,4732,2e+05
2,4732,0
3,4732,60000
5,4732,0
7,4732,0
9,4732,5e+05
10,4732,3e+05
11,4732,0
13,4732,140000
14,4732,42000
17,4732,0
18,4732,0
19,4732,0
20,4732,0
5,4735,0
9,4735,0
10,4735,0
14,4735,0
15,4735,1e+05
16,4735,0
18,4735,0
1,4739,0
4,4739,0
7,4739,0
9,4739,0
13,4739,0
14,4739,0
15,4739,0
17,4739,0
19,4739,0
20,4739,0
15,4742,2400000
1,4745,0
2,4745,0
6,4745,0
9,4745,3e+05
15,4745,0
19,4745,120000
20,4745,0
21,4745,0
1,4750,750000
1,4750,2684000
3,4750,2e+05
3,4750,90000
6,4750,255000
11,4750,1610
14,4750,5e+05
17,4750,0
18,4750,1e+06
20,4750,1e+05
22,4750,0
22,4750,10000
24,4750,1e+05
25,4750,0
25,4750,0
4,4752,0
6,4752,2e+05
9,4752,590000
9,4752,690000
12,4752,580000
13,4752,290000
15,4752,550000
18,4752,540000
18,4752,70000
1,4755,0
2,4755,205000
5,4755,2e+05
6,4755,2e+05
8,4755,0
8,4755,0
8,4755,0
9,4755,9e+05
9,4755,0
11,4755,0
12,4755,5e+05
12,4755,0
14,4755,4e+05
14,4755,150000
15,4755,0
16,4755,1e+05
16,4755,3e+05
16,4755,30000
17,4755,3e+05
17,4755,4e+05
18,4755,6e+05
18,4755,640000
1,4759,1.74980057982641e+100
3,4759,0
5,4759,0
6,4759,0
9,4762,0
16,4762,0
17,4762,0
18,4762,1.74980057982641e+100
1,4765,78000
5,4765,30000
6,4765,55000
7,4765,1.74980057982641e+100
8,4765,0
9,4765,0
10,4765,0
12,4765,0
12,4765,0
14,4765,1e+05
15,4765,120000
16,4765,0
21,4765,0
22,4765,21000
1,4769,6e+05
2,4769,1250000
3,4769,7500000
4,4769,1200000
12,4769,2228000
14,4769,2.9e+07
17,4769,6e+05
19,4769,7e+05
1,4772,30000
4,4772,64000
5,4772,25000
6,4772,30000
7,4772,6000
8,4772,68000
9,4772,3e+05
10,4772,50000
12,4772,0
13,4772,68000
18,4772,60000
19,4772,0
19,4772,0
20,4772,50000
20,4772,0
3,4779,3e+05
8,4779,250000
14,4779,25000
16,4779,1e+05
17,4779,30000
19,4779,20000
19,4779,60000
4,4782,1e+05
4,4782,7e+05
10,4782,5000
11,4782,0
14,4782,0
17,4782,0
4,4785,20000
5,4785,240000
6,4785,0
6,4785,0
13,4785,0
19,4785,0
23,4785,0
1,4790,0
3,4790,1.74980057982641e+100
3,4790,1.74980057982641e+100
3,4790,1.74980057982641e+100
3,4790,1.74980057982641e+100
3,4790,1.74980057982641e+100
3,4790,1.74980057982641e+100
8,4790,1.74980057982641e+100
8,4790,1.74980057982641e+100
8,4790,1.74980057982641e+100
8,4790,1.74980057982641e+100
8,4790,1.74980057982641e+100
8,4790,1.74980057982641e+100
9,4790,1.74980057982641e+100
9,4790,1.74980057982641e+100
9,4790,1.74980057982641e+100
9,4790,1.74980057982641e+100
9,4790,1.74980057982641e+100
9,4790,1.74980057982641e+100
10,4790,1.74980057982641e+100
10,4790,1.74980057982641e+100
10,4790,1.74980057982641e+100
10,4790,1.74980057982641e+100
10,4790,1.74980057982641e+100
10,4790,1.74980057982641e+100
11,4790,1.74980057982641e+100
11,4790,1.74980057982641e+100
11,4790,1.74980057982641e+100
11,4790,1.74980057982641e+100
11,4790,1.74980057982641e+100
11,4790,1.74980057982641e+100
12,4790,2e+05
14,4790,50000
16,4790,0
17,4790,0
18,4790,0
19,4790,1.74980057982641e+100
19,4790,1.74980057982641e+100
19,4790,1.74980057982641e+100
19,4790,1.74980057982641e+100
19,4790,1.74980057982641e+100
19,4790,1.74980057982641e+100
20,4790,1.74980057982641e+100
20,4790,1.74980057982641e+100
20,4790,1.74980057982641e+100
20,4790,1.74980057982641e+100
20,4790,1.74980057982641e+100
20,4790,1.74980057982641e+100
21,4790,1.74980057982641e+100
21,4790,1.74980057982641e+100
21,4790,1.74980057982641e+100
21,4790,1.74980057982641e+100
21,4790,1.74980057982641e+100
21,4790,1.74980057982641e+100
22,4790,1.74980057982641e+100
22,4790,1.74980057982641e+100
22,4790,1.74980057982641e+100
22,4790,1.74980057982641e+100
22,4790,1.74980057982641e+100
22,4790,1.74980057982641e+100
23,4790,1.74980057982641e+100
23,4790,1.74980057982641e+100
23,4790,1.74980057982641e+100
23,4790,1.74980057982641e+100
23,4790,1.74980057982641e+100
23,4790,1.74980057982641e+100
24,4790,1.74980057982641e+100
24,4790,1.74980057982641e+100
24,4790,1.74980057982641e+100
24,4790,1.74980057982641e+100
24,4790,1.74980057982641e+100
24,4790,1.74980057982641e+100
25,4790,1.74980057982641e+100
25,4790,1.74980057982641e+100
25,4790,1.74980057982641e+100
1,4792,1.74980057982641e+100
1,4792,1.74980057982641e+100
1,4792,1.74980057982641e+100
1,4792,1.74980057982641e+100
1,4792,1.74980057982641e+100
1,4792,1.74980057982641e+100
4,4792,1.74980057982641e+100
6,4792,1e+05
6,4792,0
9,4792,1.74980057982641e+100
9,4792,1.74980057982641e+100
9,4792,1.74980057982641e+100
9,4792,1.74980057982641e+100
9,4792,1.74980057982641e+100
9,4792,1.74980057982641e+100
10,4792,1.74980057982641e+100
10,4792,1.74980057982641e+100
10,4792,1.74980057982641e+100
10,4792,1.74980057982641e+100
10,4792,1.74980057982641e+100
10,4792,1.74980057982641e+100
11,4792,1.74980057982641e+100
11,4792,1.74980057982641e+100
11,4792,1.74980057982641e+100
11,4792,1.74980057982641e+100
11,4792,1.74980057982641e+100
11,4792,1.74980057982641e+100
13,4792,0
13,4792,1.74980057982641e+100
13,4792,1.74980057982641e+100
13,4792,1.74980057982641e+100
13,4792,1.74980057982641e+100
13,4792,1.74980057982641e+100
14,4792,1.74980057982641e+100
14,4792,1.74980057982641e+100
14,4792,1.74980057982641e+100
14,4792,1.74980057982641e+100
14,4792,1.74980057982641e+100
14,4792,1.74980057982641e+100
15,4792,1.74980057982641e+100
15,4792,1.74980057982641e+100
15,4792,1.74980057982641e+100
15,4792,1.74980057982641e+100
15,4792,1.74980057982641e+100
15,4792,1.74980057982641e+100
16,4792,1.74980057982641e+100
16,4792,1.74980057982641e+100
16,4792,1.74980057982641e+100
16,4792,1.74980057982641e+100
16,4792,1.74980057982641e+100
16,4792,1.74980057982641e+100
17,4792,2e+05
17,4792,1e+05
18,4792,1.74980057982641e+100
18,4792,1.74980057982641e+100
18,4792,1.74980057982641e+100
18,4792,1.74980057982641e+100
18,4792,1.74980057982641e+100
18,4792,1.74980057982641e+100
19,4792,1.74980057982641e+100
19,4792,1.74980057982641e+100
19,4792,1.74980057982641e+100
19,4792,1.74980057982641e+100
19,4792,1.74980057982641e+100
19,4792,1.74980057982641e+100
20,4792,80000
20,4792,20000
20,4792,1.74980057982641e+100
20,4792,1.74980057982641e+100
20,4792,1.74980057982641e+100
20,4792,1.74980057982641e+100
1,4795,0
9,4795,110000
10,4795,0
11,4795,50000
17,4795,120000
18,4795,60000
15,4799,0
17,4799,0
18,4799,90000
2,4802,1500000
16,4802,0
8,4805,240000
2,4809,0
15,4809,0
17,4809,28000
24,4809,20000
18,4812,8e+06
18,4812,580000
3,4815,0
4,4815,2e+05
4,4815,1e+05
5,4815,8e+05
17,4815,150000
17,4815,50000
19,4815,3e+05
19,4815,150000
20,4815,0
20,4815,0
10,4819,50000
12,4819,1200000
13,4819,0
18,4819,0
1,4822,156500
1,4822,1.74980057982641e+100
4,4822,130000
7,4822,0
9,4822,360000
10,4822,58000
12,4822,60000
17,4822,58000
5,4825,250000
5,4825,120000
7,4825,220000
7,4825,115000
13,4825,0
14,4825,85000
16,4825,0
17,4825,98000
18,4825,160000
19,4825,250000
19,4825,160000
4,4832,485000
8,4832,450000
13,4832,180000
17,4832,230000
8,4835,160000
15,4835,0
16,4835,4e+05
18,4835,5e+05
11,4842,120000
13,4842,1e+05
16,4842,130000
20,4842,45000
6,4845,50000
7,4845,30000
4,4849,0
1,4852,1.74980057982641e+100
2,4859,1.74980057982641e+100
17,4859,1.74980057982641e+100
1,4862,1.74980057982641e+100
1,4862,1.74980057982641e+100
1,4862,1.74980057982641e+100
1,4862,1.74980057982641e+100
1,4862,1.74980057982641e+100
1,4862,1.74980057982641e+100
2,4862,1.74980057982641e+100
2,4862,1.74980057982641e+100
2,4862,1.74980057982641e+100
2,4862,1.74980057982641e+100
2,4862,1.74980057982641e+100
2,4862,1.74980057982641e+100
3,4862,1.74980057982641e+100
3,4862,1.74980057982641e+100
3,4862,1.74980057982641e+100
3,4862,1.74980057982641e+100
3,4862,1.74980057982641e+100
3,4862,1.74980057982641e+100
4,4862,1.74980057982641e+100
4,4862,1.74980057982641e+100
4,4862,1.74980057982641e+100
4,4862,1.74980057982641e+100
4,4862,1.74980057982641e+100
4,4862,1.74980057982641e+100
5,4862,1.74980057982641e+100
5,4862,1.74980057982641e+100
5,4862,1.74980057982641e+100
5,4862,1.74980057982641e+100
5,4862,1.74980057982641e+100
5,4862,1.74980057982641e+100
6,4862,1.74980057982641e+100
6,4862,1.74980057982641e+100
6,4862,1.74980057982641e+100
6,4862,1.74980057982641e+100
6,4862,1.74980057982641e+100
6,4862,1.74980057982641e+100
7,4862,1.74980057982641e+100
7,4862,1.74980057982641e+100
7,4862,1.74980057982641e+100
7,4862,1.74980057982641e+100
7,4862,1.74980057982641e+100
7,4862,1.74980057982641e+100
8,4862,1.74980057982641e+100
8,4862,1.74980057982641e+100
8,4862,1.74980057982641e+100
8,4862,1.74980057982641e+100
8,4862,1.74980057982641e+100
8,4862,1.74980057982641e+100
9,4862,1.74980057982641e+100
9,4862,1.74980057982641e+100
9,4862,1.74980057982641e+100
9,4862,1.74980057982641e+100
9,4862,1.74980057982641e+100
9,4862,1.74980057982641e+100
10,4862,1.74980057982641e+100
10,4862,1.74980057982641e+100
10,4862,1.74980057982641e+100
10,4862,1.74980057982641e+100
10,4862,1.74980057982641e+100
10,4862,1.74980057982641e+100
11,4862,4e+05
11,4862,1.74980057982641e+100
11,4862,1.74980057982641e+100
11,4862,1.74980057982641e+100
11,4862,1.74980057982641e+100
11,4862,1.74980057982641e+100
12,4862,1.74980057982641e+100
12,4862,1.74980057982641e+100
12,4862,1.74980057982641e+100
12,4862,1.74980057982641e+100
12,4862,1.74980057982641e+100
12,4862,1.74980057982641e+100
13,4862,1.74980057982641e+100
13,4862,1.74980057982641e+100
13,4862,1.74980057982641e+100
13,4862,1.74980057982641e+100
13,4862,1.74980057982641e+100
13,4862,1.74980057982641e+100
14,4862,1.74980057982641e+100
14,4862,1.74980057982641e+100
14,4862,1.74980057982641e+100
14,4862,1.74980057982641e+100
14,4862,1.74980057982641e+100
14,4862,1.74980057982641e+100
15,4862,1.74980057982641e+100
15,4862,1.74980057982641e+100
15,4862,1.74980057982641e+100
15,4862,1.74980057982641e+100
15,4862,1.74980057982641e+100
15,4862,1.74980057982641e+100
16,4862,1.74980057982641e+100
16,4862,1.74980057982641e+100
16,4862,1.74980057982641e+100
16,4862,1.74980057982641e+100
16,4862,1.74980057982641e+100
16,4862,1.74980057982641e+100
17,4862,1.74980057982641e+100
17,4862,1.74980057982641e+100
17,4862,1.74980057982641e+100
17,4862,1.74980057982641e+100
17,4862,1.74980057982641e+100
17,4862,1.74980057982641e+100
18,4862,1.74980057982641e+100
18,4862,1.74980057982641e+100
18,4862,1.74980057982641e+100
18,4862,1.74980057982641e+100
18,4862,1.74980057982641e+100
18,4862,1.74980057982641e+100
19,4862,1.74980057982641e+100
19,4862,1.74980057982641e+100
19,4862,1.74980057982641e+100
19,4862,1.74980057982641e+100
19,4862,1.74980057982641e+100
19,4862,1.74980057982641e+100
20,4862,1.74980057982641e+100
20,4862,1.74980057982641e+100
20,4862,1.74980057982641e+100
20,4862,1.74980057982641e+100
20,4862,1.74980057982641e+100
20,4862,1.74980057982641e+100
1,4865,1.74980057982641e+100
2,4865,1.74980057982641e+100
3,4865,1.74980057982641e+100
4,4865,1.74980057982641e+100
5,4865,1.74980057982641e+100
6,4865,1.74980057982641e+100
7,4865,1.74980057982641e+100
8,4865,1.74980057982641e+100
9,4865,1.74980057982641e+100
10,4865,1.74980057982641e+100
11,4865,1.74980057982641e+100
12,4865,1.74980057982641e+100
13,4865,1.74980057982641e+100
14,4865,1.74980057982641e+100
15,4865,1.74980057982641e+100
16,4865,1.74980057982641e+100
17,4865,1.74980057982641e+100
18,4865,0
19,4865,1.74980057982641e+100
20,4865,1.74980057982641e+100
1,4869,1.74980057982641e+100
1,4869,1.74980057982641e+100
1,4869,1.74980057982641e+100
1,4869,1.74980057982641e+100
1,4869,1.74980057982641e+100
1,4869,1.74980057982641e+100
2,4869,1.74980057982641e+100
2,4869,1.74980057982641e+100
2,4869,1.74980057982641e+100
2,4869,1.74980057982641e+100
2,4869,1.74980057982641e+100
2,4869,1.74980057982641e+100
3,4869,0
3,4869,1.74980057982641e+100
3,4869,1.74980057982641e+100
3,4869,1.74980057982641e+100
3,4869,1.74980057982641e+100
3,4869,1.74980057982641e+100
4,4869,1.74980057982641e+100
4,4869,1.74980057982641e+100
4,4869,1.74980057982641e+100
4,4869,1.74980057982641e+100
4,4869,1.74980057982641e+100
4,4869,1.74980057982641e+100
5,4869,1.74980057982641e+100
5,4869,1.74980057982641e+100
5,4869,1.74980057982641e+100
5,4869,1.74980057982641e+100
5,4869,1.74980057982641e+100
5,4869,1.74980057982641e+100
6,4869,1.74980057982641e+100
6,4869,1.74980057982641e+100
6,4869,1.74980057982641e+100
6,4869,1.74980057982641e+100
6,4869,1.74980057982641e+100
6,4869,1.74980057982641e+100
7,4869,1.74980057982641e+100
7,4869,1.74980057982641e+100
7,4869,1.74980057982641e+100
7,4869,1.74980057982641e+100
7,4869,1.74980057982641e+100
7,4869,1.74980057982641e+100
8,4869,1.74980057982641e+100
8,4869,1.74980057982641e+100
8,4869,1.74980057982641e+100
8,4869,1.74980057982641e+100
8,4869,1.74980057982641e+100
8,4869,1.74980057982641e+100
9,4869,1.74980057982641e+100
9,4869,1.74980057982641e+100
9,4869,1.74980057982641e+100
9,4869,1.74980057982641e+100
9,4869,1.74980057982641e+100
9,4869,1.74980057982641e+100
10,4869,1.74980057982641e+100
10,4869,1.74980057982641e+100
10,4869,1.74980057982641e+100
10,4869,1.74980057982641e+100
10,4869,1.74980057982641e+100
10,4869,1.74980057982641e+100
11,4869,1.74980057982641e+100
11,4869,1.74980057982641e+100
11,4869,1.74980057982641e+100
11,4869,1.74980057982641e+100
11,4869,1.74980057982641e+100
11,4869,1.74980057982641e+100
20,4869,30000
1,4872,1.74980057982641e+100
1,4872,1.74980057982641e+100
1,4872,1.74980057982641e+100
1,4872,1.74980057982641e+100
1,4872,1.74980057982641e+100
1,4872,1.74980057982641e+100
2,4872,1.74980057982641e+100
2,4872,1.74980057982641e+100
2,4872,1.74980057982641e+100
2,4872,1.74980057982641e+100
2,4872,1.74980057982641e+100
2,4872,1.74980057982641e+100
3,4872,1.74980057982641e+100
3,4872,1.74980057982641e+100
3,4872,1.74980057982641e+100
3,4872,1.74980057982641e+100
3,4872,1.74980057982641e+100
3,4872,1.74980057982641e+100
4,4872,1.74980057982641e+100
4,4872,1.74980057982641e+100
4,4872,1.74980057982641e+100
4,4872,1.74980057982641e+100
4,4872,1.74980057982641e+100
4,4872,1.74980057982641e+100
5,4872,1.74980057982641e+100
5,4872,1.74980057982641e+100
5,4872,1.74980057982641e+100
5,4872,1.74980057982641e+100
5,4872,1.74980057982641e+100
5,4872,1.74980057982641e+100
6,4872,1.74980057982641e+100
6,4872,1.74980057982641e+100
6,4872,1.74980057982641e+100
6,4872,1.74980057982641e+100
6,4872,1.74980057982641e+100
6,4872,1.74980057982641e+100
7,4872,1.74980057982641e+100
7,4872,1.74980057982641e+100
7,4872,1.74980057982641e+100
7,4872,1.74980057982641e+100
7,4872,1.74980057982641e+100
7,4872,1.74980057982641e+100
8,4872,1.74980057982641e+100
8,4872,1.74980057982641e+100
8,4872,1.74980057982641e+100
8,4872,1.74980057982641e+100
8,4872,1.74980057982641e+100
8,4872,1.74980057982641e+100
9,4872,1.74980057982641e+100
9,4872,1.74980057982641e+100
9,4872,1.74980057982641e+100
9,4872,1.74980057982641e+100
9,4872,1.74980057982641e+100
9,4872,1.74980057982641e+100
10,4872,1.74980057982641e+100
10,4872,1.74980057982641e+100
10,4872,1.74980057982641e+100
10,4872,1.74980057982641e+100
10,4872,1.74980057982641e+100
10,4872,1.74980057982641e+100
11,4872,1.74980057982641e+100
11,4872,1.74980057982641e+100
11,4872,1.74980057982641e+100
11,4872,1.74980057982641e+100
11,4872,1.74980057982641e+100
11,4872,1.74980057982641e+100
12,4872,1.74980057982641e+100
12,4872,1.74980057982641e+100
12,4872,1.74980057982641e+100
12,4872,1.74980057982641e+100
12,4872,1.74980057982641e+100
12,4872,1.74980057982641e+100
13,4872,1.74980057982641e+100
13,4872,1.74980057982641e+100
13,4872,1.74980057982641e+100
13,4872,1.74980057982641e+100
13,4872,1.74980057982641e+100
13,4872,1.74980057982641e+100
14,4872,1.74980057982641e+100
14,4872,1.74980057982641e+100
14,4872,1.74980057982641e+100
14,4872,1.74980057982641e+100
14,4872,1.74980057982641e+100
14,4872,1.74980057982641e+100
15,4872,1.74980057982641e+100
15,4872,1.74980057982641e+100
15,4872,1.74980057982641e+100
15,4872,1.74980057982641e+100
15,4872,1.74980057982641e+100
15,4872,1.74980057982641e+100
16,4872,1.74980057982641e+100
16,4872,1.74980057982641e+100
16,4872,1.74980057982641e+100
16,4872,1.74980057982641e+100
16,4872,1.74980057982641e+100
16,4872,1.74980057982641e+100
17,4872,1.74980057982641e+100
17,4872,1.74980057982641e+100
17,4872,1.74980057982641e+100
17,4872,1.74980057982641e+100
17,4872,1.74980057982641e+100
17,4872,1.74980057982641e+100
18,4872,1.74980057982641e+100
18,4872,1.74980057982641e+100
18,4872,1.74980057982641e+100
18,4872,1.74980057982641e+100
18,4872,1.74980057982641e+100
18,4872,1.74980057982641e+100
19,4872,1.74980057982641e+100
19,4872,1.74980057982641e+100
19,4872,1.74980057982641e+100
19,4872,1.74980057982641e+100
19,4872,1.74980057982641e+100
19,4872,1.74980057982641e+100
20,4872,1.74980057982641e+100
20,4872,1.74980057982641e+100
20,4872,1.74980057982641e+100
20,4872,1.74980057982641e+100
20,4872,1.74980057982641e+100
20,4872,1.74980057982641e+100
1,4875,50000
1,4875,1.74980057982641e+100
1,4875,1.74980057982641e+100
1,4875,1.74980057982641e+100
1,4875,1.74980057982641e+100
1,4875,1.74980057982641e+100
2,4875,60000
2,4875,1.74980057982641e+100
2,4875,1.74980057982641e+100
2,4875,1.74980057982641e+100
2,4875,1.74980057982641e+100
2,4875,1.74980057982641e+100
3,4875,1.74980057982641e+100
3,4875,1.74980057982641e+100
3,4875,1.74980057982641e+100
3,4875,1.74980057982641e+100
3,4875,1.74980057982641e+100
3,4875,1.74980057982641e+100
4,4875,1.74980057982641e+100
4,4875,1.74980057982641e+100
4,4875,1.74980057982641e+100
4,4875,1.74980057982641e+100
4,4875,1.74980057982641e+100
4,4875,1.74980057982641e+100
5,4875,80000
5,4875,1.74980057982641e+100
5,4875,1.74980057982641e+100
5,4875,1.74980057982641e+100
5,4875,1.74980057982641e+100
5,4875,1.74980057982641e+100
6,4875,1.74980057982641e+100
6,4875,1.74980057982641e+100
6,4875,1.74980057982641e+100
6,4875,1.74980057982641e+100
6,4875,1.74980057982641e+100
6,4875,1.74980057982641e+100
7,4875,1.74980057982641e+100
7,4875,1.74980057982641e+100
7,4875,1.74980057982641e+100
7,4875,1.74980057982641e+100
7,4875,1.74980057982641e+100
7,4875,1.74980057982641e+100
8,4875,1.74980057982641e+100
8,4875,1.74980057982641e+100
8,4875,1.74980057982641e+100
8,4875,1.74980057982641e+100
8,4875,1.74980057982641e+100
8,4875,1.74980057982641e+100
9,4875,1.74980057982641e+100
9,4875,1.74980057982641e+100
9,4875,1.74980057982641e+100
9,4875,1.74980057982641e+100
9,4875,1.74980057982641e+100
9,4875,1.74980057982641e+100
10,4875,1.74980057982641e+100
10,4875,1.74980057982641e+100
10,4875,1.74980057982641e+100
10,4875,1.74980057982641e+100
10,4875,1.74980057982641e+100
10,4875,1.74980057982641e+100
11,4875,1.74980057982641e+100
11,4875,1.74980057982641e+100
11,4875,1.74980057982641e+100
11,4875,1.74980057982641e+100
11,4875,1.74980057982641e+100
11,4875,1.74980057982641e+100
12,4875,1.74980057982641e+100
12,4875,1.74980057982641e+100
12,4875,1.74980057982641e+100
12,4875,1.74980057982641e+100
12,4875,1.74980057982641e+100
12,4875,1.74980057982641e+100
13,4875,1.74980057982641e+100
13,4875,1.74980057982641e+100
13,4875,1.74980057982641e+100
13,4875,1.74980057982641e+100
13,4875,1.74980057982641e+100
13,4875,1.74980057982641e+100
14,4875,1.74980057982641e+100
14,4875,1.74980057982641e+100
14,4875,1.74980057982641e+100
14,4875,1.74980057982641e+100
14,4875,1.74980057982641e+100
14,4875,1.74980057982641e+100
15,4875,1.74980057982641e+100
15,4875,1.74980057982641e+100
15,4875,1.74980057982641e+100
15,4875,1.74980057982641e+100
15,4875,1.74980057982641e+100
15,4875,1.74980057982641e+100
16,4875,1.74980057982641e+100
16,4875,1.74980057982641e+100
16,4875,1.74980057982641e+100
16,4875,1.74980057982641e+100
16,4875,1.74980057982641e+100
16,4875,1.74980057982641e+100
17,4875,1.74980057982641e+100
17,4875,1.74980057982641e+100
17,4875,1.74980057982641e+100
17,4875,1.74980057982641e+100
17,4875,1.74980057982641e+100
17,4875,1.74980057982641e+100
18,4875,0
18,4875,1.74980057982641e+100
18,4875,1.74980057982641e+100
18,4875,1.74980057982641e+100
18,4875,1.74980057982641e+100
18,4875,1.74980057982641e+100
19,4875,1.74980057982641e+100
19,4875,1.74980057982641e+100
19,4875,1.74980057982641e+100
19,4875,1.74980057982641e+100
19,4875,1.74980057982641e+100
19,4875,1.74980057982641e+100
20,4875,1.74980057982641e+100
20,4875,1.74980057982641e+100
20,4875,1.74980057982641e+100
20,4875,1.74980057982641e+100
20,4875,1.74980057982641e+100
20,4875,1.74980057982641e+100
1,4879,1.74980057982641e+100
1,4879,1.74980057982641e+100
1,4879,1.74980057982641e+100
1,4879,1.74980057982641e+100
1,4879,1.74980057982641e+100
1,4879,1.74980057982641e+100
2,4879,1.74980057982641e+100
2,4879,1.74980057982641e+100
2,4879,1.74980057982641e+100
2,4879,1.74980057982641e+100
2,4879,1.74980057982641e+100
2,4879,1.74980057982641e+100
3,4879,1.74980057982641e+100
3,4879,1.74980057982641e+100
3,4879,1.74980057982641e+100
3,4879,1.74980057982641e+100
3,4879,1.74980057982641e+100
3,4879,1.74980057982641e+100
4,4879,1.74980057982641e+100
4,4879,1.74980057982641e+100
4,4879,1.74980057982641e+100
4,4879,1.74980057982641e+100
4,4879,1.74980057982641e+100
4,4879,1.74980057982641e+100
5,4879,1.74980057982641e+100
5,4879,1.74980057982641e+100
5,4879,1.74980057982641e+100
5,4879,1.74980057982641e+100
5,4879,1.74980057982641e+100
5,4879,1.74980057982641e+100
6,4879,1.74980057982641e+100
6,4879,1.74980057982641e+100
6,4879,1.74980057982641e+100
6,4879,1.74980057982641e+100
6,4879,1.74980057982641e+100
6,4879,1.74980057982641e+100
7,4879,1.74980057982641e+100
7,4879,1.74980057982641e+100
7,4879,1.74980057982641e+100
7,4879,1.74980057982641e+100
7,4879,1.74980057982641e+100
7,4879,1.74980057982641e+100
8,4879,0
8,4879,1.74980057982641e+100
8,4879,1.74980057982641e+100
8,4879,1.74980057982641e+100
8,4879,1.74980057982641e+100
8,4879,1.74980057982641e+100
9,4879,1.74980057982641e+100
9,4879,1.74980057982641e+100
9,4879,1.74980057982641e+100
9,4879,1.74980057982641e+100
9,4879,1.74980057982641e+100
9,4879,1.74980057982641e+100
10,4879,48000
10,4879,1.74980057982641e+100
10,4879,1.74980057982641e+100
10,4879,1.74980057982641e+100
10,4879,1.74980057982641e+100
10,4879,1.74980057982641e+100
11,4879,1.74980057982641e+100
11,4879,1.74980057982641e+100
11,4879,1.74980057982641e+100
11,4879,1.74980057982641e+100
11,4879,1.74980057982641e+100
11,4879,1.74980057982641e+100
12,4879,12000
12,4879,1.74980057982641e+100
12,4879,1.74980057982641e+100
12,4879,1.74980057982641e+100
12,4879,1.74980057982641e+100
12,4879,1.74980057982641e+100
13,4879,1.74980057982641e+100
13,4879,1.74980057982641e+100
13,4879,1.74980057982641e+100
13,4879,1.74980057982641e+100
13,4879,1.74980057982641e+100
13,4879,1.74980057982641e+100
14,4879,1.74980057982641e+100
14,4879,1.74980057982641e+100
14,4879,1.74980057982641e+100
14,4879,1.74980057982641e+100
14,4879,1.74980057982641e+100
14,4879,1.74980057982641e+100
15,4879,0
15,4879,1.74980057982641e+100
15,4879,1.74980057982641e+100
15,4879,1.74980057982641e+100
15,4879,1.74980057982641e+100
15,4879,1.74980057982641e+100
16,4879,1.74980057982641e+100
16,4879,1.74980057982641e+100
16,4879,1.74980057982641e+100
16,4879,1.74980057982641e+100
16,4879,1.74980057982641e+100
16,4879,1.74980057982641e+100
17,4879,1.74980057982641e+100
17,4879,1.74980057982641e+100
17,4879,1.74980057982641e+100
17,4879,1.74980057982641e+100
17,4879,1.74980057982641e+100
17,4879,1.74980057982641e+100
18,4879,1.74980057982641e+100
18,4879,1.74980057982641e+100
18,4879,1.74980057982641e+100
18,4879,1.74980057982641e+100
18,4879,1.74980057982641e+100
18,4879,1.74980057982641e+100
19,4879,1.74980057982641e+100
19,4879,1.74980057982641e+100
19,4879,1.74980057982641e+100
19,4879,1.74980057982641e+100
19,4879,1.74980057982641e+100
19,4879,1.74980057982641e+100
20,4879,1.74980057982641e+100
20,4879,1.74980057982641e+100
20,4879,1.74980057982641e+100
20,4879,1.74980057982641e+100
20,4879,1.74980057982641e+100
20,4879,1.74980057982641e+100
1,4882,20000
1,4882,1.74980057982641e+100
1,4882,1.74980057982641e+100
1,4882,1.74980057982641e+100
1,4882,1.74980057982641e+100
1,4882,1.74980057982641e+100
2,4882,1.74980057982641e+100
2,4882,1.74980057982641e+100
2,4882,1.74980057982641e+100
2,4882,1.74980057982641e+100
2,4882,1.74980057982641e+100
2,4882,1.74980057982641e+100
3,4882,16000
3,4882,1.74980057982641e+100
3,4882,1.74980057982641e+100
3,4882,1.74980057982641e+100
3,4882,1.74980057982641e+100
3,4882,1.74980057982641e+100
4,4882,1.74980057982641e+100
4,4882,1.74980057982641e+100
4,4882,1.74980057982641e+100
4,4882,1.74980057982641e+100
4,4882,1.74980057982641e+100
4,4882,1.74980057982641e+100
5,4882,1.74980057982641e+100
5,4882,1.74980057982641e+100
5,4882,1.74980057982641e+100
5,4882,1.74980057982641e+100
5,4882,1.74980057982641e+100
5,4882,1.74980057982641e+100
6,4882,16000
6,4882,1.74980057982641e+100
6,4882,1.74980057982641e+100
6,4882,1.74980057982641e+100
6,4882,1.74980057982641e+100
6,4882,1.74980057982641e+100
7,4882,1.74980057982641e+100
7,4882,1.74980057982641e+100
7,4882,1.74980057982641e+100
7,4882,1.74980057982641e+100
7,4882,1.74980057982641e+100
7,4882,1.74980057982641e+100
8,4882,1.74980057982641e+100
8,4882,1.74980057982641e+100
8,4882,1.74980057982641e+100
8,4882,1.74980057982641e+100
8,4882,1.74980057982641e+100
8,4882,1.74980057982641e+100
9,4882,1.74980057982641e+100
9,4882,1.74980057982641e+100
9,4882,1.74980057982641e+100
9,4882,1.74980057982641e+100
9,4882,1.74980057982641e+100
9,4882,1.74980057982641e+100
10,4882,16000
11,4882,16000
11,4882,1.74980057982641e+100
11,4882,1.74980057982641e+100
11,4882,1.74980057982641e+100
11,4882,1.74980057982641e+100
11,4882,1.74980057982641e+100
13,4882,1.74980057982641e+100
13,4882,1.74980057982641e+100
13,4882,1.74980057982641e+100
13,4882,1.74980057982641e+100
13,4882,1.74980057982641e+100
13,4882,1.74980057982641e+100
14,4882,1.74980057982641e+100
14,4882,1.74980057982641e+100
14,4882,1.74980057982641e+100
14,4882,1.74980057982641e+100
14,4882,1.74980057982641e+100
14,4882,1.74980057982641e+100
15,4882,1.74980057982641e+100
15,4882,1.74980057982641e+100
15,4882,1.74980057982641e+100
15,4882,1.74980057982641e+100
15,4882,1.74980057982641e+100
15,4882,1.74980057982641e+100
16,4882,32000
16,4882,1.74980057982641e+100
16,4882,1.74980057982641e+100
16,4882,1.74980057982641e+100
16,4882,1.74980057982641e+100
16,4882,1.74980057982641e+100
17,4882,1.74980057982641e+100
17,4882,1.74980057982641e+100
17,4882,1.74980057982641e+100
17,4882,1.74980057982641e+100
17,4882,1.74980057982641e+100
17,4882,1.74980057982641e+100
18,4882,24000
18,4882,1.74980057982641e+100
18,4882,1.74980057982641e+100
18,4882,1.74980057982641e+100
18,4882,1.74980057982641e+100
18,4882,1.74980057982641e+100
19,4882,32000
19,4882,1.74980057982641e+100
19,4882,1.74980057982641e+100
19,4882,1.74980057982641e+100
19,4882,1.74980057982641e+100
19,4882,1.74980057982641e+100
20,4882,16000
20,4882,1.74980057982641e+100
20,4882,1.74980057982641e+100
20,4882,1.74980057982641e+100
20,4882,1.74980057982641e+100
20,4882,1.74980057982641e+100
21,4882,1.74980057982641e+100
21,4882,1.74980057982641e+100
21,4882,1.74980057982641e+100
21,4882,1.74980057982641e+100
21,4882,1.74980057982641e+100
21,4882,1.74980057982641e+100
1,4885,1.74980057982641e+100
2,4885,1.74980057982641e+100
3,4885,1.74980057982641e+100
4,4885,1.74980057982641e+100
5,4885,1.74980057982641e+100
6,4885,1.74980057982641e+100
7,4885,1.74980057982641e+100
8,4885,1.74980057982641e+100
9,4885,1.74980057982641e+100
10,4885,1.74980057982641e+100
11,4885,1.74980057982641e+100
12,4885,1.74980057982641e+100
13,4885,1.74980057982641e+100
14,4885,1.74980057982641e+100
15,4885,1.74980057982641e+100
16,4885,1.74980057982641e+100
17,4885,1.74980057982641e+100
18,4885,1.74980057982641e+100
19,4885,1.74980057982641e+100
20,4885,1.74980057982641e+100
1,4889,1.74980057982641e+100
3,4889,1.74980057982641e+100
4,4889,1.74980057982641e+100
5,4889,1.74980057982641e+100
6,4889,1.74980057982641e+100
7,4889,1.74980057982641e+100
8,4889,1.74980057982641e+100
9,4889,1.74980057982641e+100
10,4889,1.74980057982641e+100
11,4889,1.74980057982641e+100
12,4889,1.74980057982641e+100
13,4889,1.74980057982641e+100
14,4889,1.74980057982641e+100
15,4889,1.74980057982641e+100
16,4889,1.74980057982641e+100
17,4889,1.74980057982641e+100
18,4889,1.74980057982641e+100
19,4889,1.74980057982641e+100
20,4889,1.74980057982641e+100
2,4892,1.74980057982641e+100
4,4892,0
5,4892,0
8,4892,1.74980057982641e+100
9,4892,1.74980057982641e+100
10,4892,1.74980057982641e+100
11,4892,1.74980057982641e+100
12,4892,0
13,4892,1.74980057982641e+100
14,4892,1.74980057982641e+100
15,4892,0
16,4892,1.74980057982641e+100
17,4892,0
18,4892,1400000
18,4892,3e+05
19,4892,1.74980057982641e+100
20,4892,1.74980057982641e+100
1,4895,1.74980057982641e+100
2,4895,1.74980057982641e+100
3,4895,1.74980057982641e+100
1,4899,120000
2,4899,0
3,4899,1.74980057982641e+100
4,4899,1.74980057982641e+100
5,4899,1.74980057982641e+100
6,4899,1.74980057982641e+100
7,4899,0
8,4899,1.74980057982641e+100
9,4899,1.74980057982641e+100
10,4899,1.74980057982641e+100
11,4899,1.74980057982641e+100
12,4899,1.74980057982641e+100
13,4899,1.74980057982641e+100
14,4899,3e+05
14,4899,0
15,4899,1.74980057982641e+100
16,4899,1.74980057982641e+100
17,4899,1.74980057982641e+100
18,4899,1.74980057982641e+100
19,4899,1.74980057982641e+100
20,4899,2e+05
1,4902,1.74980057982641e+100
2,4902,1.74980057982641e+100
3,4902,1.74980057982641e+100
4,4902,1.74980057982641e+100
5,4902,1.74980057982641e+100
6,4902,1.74980057982641e+100
7,4902,1.74980057982641e+100
8,4902,1.74980057982641e+100
9,4902,1.74980057982641e+100
10,4902,1.74980057982641e+100
11,4902,1.74980057982641e+100
12,4902,1.74980057982641e+100
13,4902,1.74980057982641e+100
14,4902,1.74980057982641e+100
15,4902,1.74980057982641e+100
16,4902,1.74980057982641e+100
17,4902,1.74980057982641e+100
18,4902,1.74980057982641e+100
19,4902,1.74980057982641e+100
20,4902,1.74980057982641e+100
1,4905,1.74980057982641e+100
2,4905,1.74980057982641e+100
3,4905,1.74980057982641e+100
4,4905,1.74980057982641e+100
5,4905,1.74980057982641e+100
6,4905,1.74980057982641e+100
7,4905,1.74980057982641e+100
8,4905,1.74980057982641e+100
9,4905,1.74980057982641e+100
10,4905,1.74980057982641e+100
11,4905,1.74980057982641e+100
12,4905,1.74980057982641e+100
13,4905,1.74980057982641e+100
14,4905,1.74980057982641e+100
15,4905,1.74980057982641e+100
16,4905,1.74980057982641e+100
17,4905,1.74980057982641e+100
18,4905,1.74980057982641e+100
19,4905,1.74980057982641e+100
20,4905,1.74980057982641e+100
1,4909,1.74980057982641e+100
2,4909,1.74980057982641e+100
3,4909,1.74980057982641e+100
4,4909,1.74980057982641e+100
5,4909,1.74980057982641e+100
6,4909,1.74980057982641e+100
7,4909,1.74980057982641e+100
8,4909,1.74980057982641e+100
9,4909,1.74980057982641e+100
10,4909,1.74980057982641e+100
11,4909,1.74980057982641e+100
12,4909,1.74980057982641e+100
13,4909,1.74980057982641e+100
14,4909,1.74980057982641e+100
15,4909,1.74980057982641e+100
16,4909,1.74980057982641e+100
17,4909,1.74980057982641e+100
18,4909,1.74980057982641e+100
19,4909,1.74980057982641e+100
20,4909,1.74980057982641e+100
2,4912,0
16,4912,0
1,4919,1.74980057982641e+100
2,4919,1.74980057982641e+100
4,4919,1.74980057982641e+100
5,4919,1.74980057982641e+100
6,4919,1.74980057982641e+100
7,4919,1.74980057982641e+100
8,4919,1.74980057982641e+100
9,4919,1.74980057982641e+100
10,4919,1.74980057982641e+100
11,4919,1.74980057982641e+100
12,4919,1.74980057982641e+100
13,4919,1.74980057982641e+100
14,4919,1.74980057982641e+100
15,4919,1.74980057982641e+100
16,4919,1.74980057982641e+100
17,4919,1.74980057982641e+100
1,4922,7e+05
2,4922,5e+05
6,4922,1e+05
8,4922,0
12,4922,2e+05
15,4922,1.74980057982641e+100
3,4925,0
4,4925,220000
7,4925,0
11,4925,0
12,4925,30000
13,4925,0
14,4925,93000
15,4925,0
16,4925,0
19,4925,4000
20,4925,0
15,4929,40000
3,4932,1e+06
5,4932,0
14,4932,60000
15,4932,450000
17,4932,35000
22,4932,0
2,4935,0
3,4935,0
6,4935,0
8,4935,0
12,4935,0
13,4935,20000
14,4935,150000
16,4935,0
17,4935,0
18,4935,35000
8,4939,26000
13,4939,0
16,4939,470000
10,4942,0
12,4942,3e+06
15,4942,0
16,4944,4e+05
2,4949,1.74980057982641e+100
3,4949,1.74980057982641e+100
4,4949,1.74980057982641e+100
5,4949,1.74980057982641e+100
6,4949,1.74980057982641e+100
7,4949,3e+05
10,4949,2e+05
2,4952,0
3,4952,240000
6,4952,0
11,4952,0
2,4955,1.74980057982641e+100
3,4955,1.74980057982641e+100
1,4959,1.74980057982641e+100
1,4959,1.74980057982641e+100
1,4959,1.74980057982641e+100
1,4959,1.74980057982641e+100
1,4959,1.74980057982641e+100
1,4959,1.74980057982641e+100
2,4959,1.74980057982641e+100
2,4959,1.74980057982641e+100
2,4959,1.74980057982641e+100
2,4959,1.74980057982641e+100
2,4959,1.74980057982641e+100
2,4959,1.74980057982641e+100
3,4959,1.74980057982641e+100
3,4959,1.74980057982641e+100
3,4959,1.74980057982641e+100
3,4959,1.74980057982641e+100
3,4959,1.74980057982641e+100
3,4959,1.74980057982641e+100
4,4959,30000
4,4959,1.74980057982641e+100
4,4959,1.74980057982641e+100
4,4959,1.74980057982641e+100
4,4959,1.74980057982641e+100
4,4959,1.74980057982641e+100
5,4959,1.74980057982641e+100
5,4959,1.74980057982641e+100
5,4959,1.74980057982641e+100
5,4959,1.74980057982641e+100
5,4959,1.74980057982641e+100
5,4959,1.74980057982641e+100
6,4959,1.74980057982641e+100
6,4959,1.74980057982641e+100
6,4959,1.74980057982641e+100
6,4959,1.74980057982641e+100
6,4959,1.74980057982641e+100
6,4959,1.74980057982641e+100
7,4959,1.74980057982641e+100
7,4959,1.74980057982641e+100
7,4959,1.74980057982641e+100
7,4959,1.74980057982641e+100
7,4959,1.74980057982641e+100
7,4959,1.74980057982641e+100
8,4959,1.74980057982641e+100
8,4959,1.74980057982641e+100
8,4959,1.74980057982641e+100
8,4959,1.74980057982641e+100
8,4959,1.74980057982641e+100
8,4959,1.74980057982641e+100
9,4959,1.74980057982641e+100
9,4959,1.74980057982641e+100
9,4959,1.74980057982641e+100
9,4959,1.74980057982641e+100
9,4959,1.74980057982641e+100
9,4959,1.74980057982641e+100
10,4959,1.74980057982641e+100
10,4959,1.74980057982641e+100
10,4959,1.74980057982641e+100
10,4959,1.74980057982641e+100
10,4959,1.74980057982641e+100
10,4959,1.74980057982641e+100
11,4959,1.74980057982641e+100
11,4959,1.74980057982641e+100
11,4959,1.74980057982641e+100
11,4959,1.74980057982641e+100
11,4959,1.74980057982641e+100
11,4959,1.74980057982641e+100
12,4959,1.74980057982641e+100
12,4959,1.74980057982641e+100
12,4959,1.74980057982641e+100
12,4959,1.74980057982641e+100
12,4959,1.74980057982641e+100
12,4959,1.74980057982641e+100
13,4959,1.74980057982641e+100
13,4959,1.74980057982641e+100
13,4959,1.74980057982641e+100
13,4959,1.74980057982641e+100
13,4959,1.74980057982641e+100
13,4959,1.74980057982641e+100
14,4959,1.74980057982641e+100
14,4959,1.74980057982641e+100
14,4959,1.74980057982641e+100
14,4959,1.74980057982641e+100
14,4959,1.74980057982641e+100
14,4959,1.74980057982641e+100
15,4959,1.74980057982641e+100
15,4959,1.74980057982641e+100
15,4959,1.74980057982641e+100
15,4959,1.74980057982641e+100
15,4959,1.74980057982641e+100
15,4959,1.74980057982641e+100
16,4959,1.74980057982641e+100
16,4959,1.74980057982641e+100
16,4959,1.74980057982641e+100
16,4959,1.74980057982641e+100
16,4959,1.74980057982641e+100
16,4959,1.74980057982641e+100
17,4959,1.74980057982641e+100
17,4959,1.74980057982641e+100
17,4959,1.74980057982641e+100
17,4959,1.74980057982641e+100
17,4959,1.74980057982641e+100
17,4959,1.74980057982641e+100
18,4959,1.74980057982641e+100
18,4959,1.74980057982641e+100
18,4959,1.74980057982641e+100
18,4959,1.74980057982641e+100
18,4959,1.74980057982641e+100
18,4959,1.74980057982641e+100
20,4959,10000
20,4959,1.74980057982641e+100
20,4959,1.74980057982641e+100
20,4959,1.74980057982641e+100
20,4959,1.74980057982641e+100
20,4959,1.74980057982641e+100
21,4959,1.74980057982641e+100
21,4959,1.74980057982641e+100
21,4959,1.74980057982641e+100
21,4959,1.74980057982641e+100
21,4959,1.74980057982641e+100
21,4959,1.74980057982641e+100
3,4962,0
16,4962,0
18,4962,288000
21,4962,186000
1,4965,50000
2,4965,0
5,4965,0
8,4965,3e+06
9,4965,0
9,4965,0
12,4965,0
13,4965,150000
17,4965,0
18,4965,2e+05
19,4965,1200000
22,4965,2300000
1,4969,0
2,4969,40000
4,4969,0
5,4969,0
6,4969,5000
14,4969,5e+05
15,4969,0
16,4969,0
17,4969,40000
20,4969,0
1,4972,1.74980057982641e+100
13,4972,2e+05
20,4972,0
4,4975,5e+05
1,4979,45000
3,4979,0
4,4979,104000
5,4979,240000
10,4979,182500
12,4979,720000
14,4979,250000
17,4979,0
18,4979,360000
19,4979,360000
20,4979,0
1,4985,0
1,4985,1.74980057982641e+100
1,4985,1.74980057982641e+100
1,4985,1.74980057982641e+100
1,4985,1.74980057982641e+100
1,4985,1.74980057982641e+100
2,4985,0
2,4985,1.74980057982641e+100
2,4985,1.74980057982641e+100
2,4985,1.74980057982641e+100
2,4985,1.74980057982641e+100
2,4985,1.74980057982641e+100
3,4985,0
3,4985,1.74980057982641e+100
3,4985,1.74980057982641e+100
3,4985,1.74980057982641e+100
3,4985,1.74980057982641e+100
3,4985,1.74980057982641e+100
4,4985,1.74980057982641e+100
4,4985,1.74980057982641e+100
4,4985,1.74980057982641e+100
4,4985,1.74980057982641e+100
4,4985,1.74980057982641e+100
4,4985,1.74980057982641e+100
6,4985,0
6,4985,1.74980057982641e+100
6,4985,1.74980057982641e+100
6,4985,1.74980057982641e+100
6,4985,1.74980057982641e+100
6,4985,1.74980057982641e+100
7,4985,0
7,4985,1.74980057982641e+100
7,4985,1.74980057982641e+100
7,4985,1.74980057982641e+100
7,4985,1.74980057982641e+100
7,4985,1.74980057982641e+100
8,4985,1.74980057982641e+100
8,4985,1.74980057982641e+100
8,4985,1.74980057982641e+100
8,4985,1.74980057982641e+100
8,4985,1.74980057982641e+100
8,4985,1.74980057982641e+100
9,4985,0
9,4985,1.74980057982641e+100
9,4985,1.74980057982641e+100
9,4985,1.74980057982641e+100
9,4985,1.74980057982641e+100
9,4985,1.74980057982641e+100
10,4985,0
10,4985,1.74980057982641e+100
10,4985,1.74980057982641e+100
10,4985,1.74980057982641e+100
10,4985,1.74980057982641e+100
10,4985,1.74980057982641e+100
11,4985,0
11,4985,0
11,4985,1.74980057982641e+100
11,4985,1.74980057982641e+100
11,4985,1.74980057982641e+100
11,4985,1.74980057982641e+100
12,4985,0
12,4985,1.74980057982641e+100
12,4985,1.74980057982641e+100
12,4985,1.74980057982641e+100
12,4985,1.74980057982641e+100
12,4985,1.74980057982641e+100
13,4985,1.74980057982641e+100
13,4985,1.74980057982641e+100
13,4985,1.74980057982641e+100
13,4985,1.74980057982641e+100
13,4985,1.74980057982641e+100
13,4985,1.74980057982641e+100
14,4985,1.74980057982641e+100
14,4985,1.74980057982641e+100
14,4985,1.74980057982641e+100
14,4985,1.74980057982641e+100
14,4985,1.74980057982641e+100
14,4985,1.74980057982641e+100
15,4985,1.74980057982641e+100
15,4985,1.74980057982641e+100
15,4985,1.74980057982641e+100
15,4985,1.74980057982641e+100
15,4985,1.74980057982641e+100
15,4985,1.74980057982641e+100
16,4985,1.74980057982641e+100
16,4985,1.74980057982641e+100
16,4985,1.74980057982641e+100
16,4985,1.74980057982641e+100
16,4985,1.74980057982641e+100
16,4985,1.74980057982641e+100
17,4985,0
17,4985,1.74980057982641e+100
17,4985,1.74980057982641e+100
17,4985,1.74980057982641e+100
17,4985,1.74980057982641e+100
17,4985,1.74980057982641e+100
18,4985,0
18,4985,1.74980057982641e+100
18,4985,1.74980057982641e+100
18,4985,1.74980057982641e+100
18,4985,1.74980057982641e+100
18,4985,1.74980057982641e+100
19,4985,1.74980057982641e+100
19,4985,1.74980057982641e+100
19,4985,1.74980057982641e+100
19,4985,1.74980057982641e+100
19,4985,1.74980057982641e+100
19,4985,1.74980057982641e+100
20,4985,1.74980057982641e+100
20,4985,1.74980057982641e+100
20,4985,1.74980057982641e+100
20,4985,1.74980057982641e+100
20,4985,1.74980057982641e+100
20,4985,1.74980057982641e+100
21,4985,0
21,4985,1.74980057982641e+100
21,4985,1.74980057982641e+100
21,4985,1.74980057982641e+100
21,4985,1.74980057982641e+100
21,4985,1.74980057982641e+100
1,4989,1.74980057982641e+100
1,4989,1.74980057982641e+100
1,4989,1.74980057982641e+100
1,4989,1.74980057982641e+100
1,4989,1.74980057982641e+100
1,4989,1.74980057982641e+100
2,4989,1.74980057982641e+100
2,4989,1.74980057982641e+100
2,4989,1.74980057982641e+100
2,4989,1.74980057982641e+100
2,4989,1.74980057982641e+100
2,4989,1.74980057982641e+100
3,4989,1.74980057982641e+100
3,4989,1.74980057982641e+100
3,4989,1.74980057982641e+100
3,4989,1.74980057982641e+100
3,4989,1.74980057982641e+100
3,4989,1.74980057982641e+100
4,4989,1.74980057982641e+100
4,4989,1.74980057982641e+100
4,4989,1.74980057982641e+100
4,4989,1.74980057982641e+100
4,4989,1.74980057982641e+100
4,4989,1.74980057982641e+100
5,4989,1.74980057982641e+100
5,4989,1.74980057982641e+100
5,4989,1.74980057982641e+100
5,4989,1.74980057982641e+100
5,4989,1.74980057982641e+100
5,4989,1.74980057982641e+100
6,4989,1.74980057982641e+100
6,4989,1.74980057982641e+100
6,4989,1.74980057982641e+100
6,4989,1.74980057982641e+100
6,4989,1.74980057982641e+100
6,4989,1.74980057982641e+100
7,4989,1500000
7,4989,1.74980057982641e+100
7,4989,1.74980057982641e+100
7,4989,1.74980057982641e+100
7,4989,1.74980057982641e+100
7,4989,1.74980057982641e+100
8,4989,1.74980057982641e+100
8,4989,1.74980057982641e+100
8,4989,1.74980057982641e+100
8,4989,1.74980057982641e+100
8,4989,1.74980057982641e+100
8,4989,1.74980057982641e+100
9,4989,1.74980057982641e+100
9,4989,1.74980057982641e+100
9,4989,1.74980057982641e+100
9,4989,1.74980057982641e+100
9,4989,1.74980057982641e+100
9,4989,1.74980057982641e+100
10,4989,1500000
10,4989,1.74980057982641e+100
10,4989,1.74980057982641e+100
10,4989,1.74980057982641e+100
10,4989,1.74980057982641e+100
10,4989,1.74980057982641e+100
11,4989,1.74980057982641e+100
11,4989,1.74980057982641e+100
11,4989,1.74980057982641e+100
11,4989,1.74980057982641e+100
11,4989,1.74980057982641e+100
11,4989,1.74980057982641e+100
12,4989,1.74980057982641e+100
12,4989,1.74980057982641e+100
12,4989,1.74980057982641e+100
12,4989,1.74980057982641e+100
12,4989,1.74980057982641e+100
12,4989,1.74980057982641e+100
13,4989,1.74980057982641e+100
13,4989,1.74980057982641e+100
13,4989,1.74980057982641e+100
13,4989,1.74980057982641e+100
13,4989,1.74980057982641e+100
13,4989,1.74980057982641e+100
14,4989,1.74980057982641e+100
14,4989,1.74980057982641e+100
14,4989,1.74980057982641e+100
14,4989,1.74980057982641e+100
14,4989,1.74980057982641e+100
14,4989,1.74980057982641e+100
15,4989,1.74980057982641e+100
15,4989,1.74980057982641e+100
15,4989,1.74980057982641e+100
15,4989,1.74980057982641e+100
15,4989,1.74980057982641e+100
15,4989,1.74980057982641e+100
16,4989,1.74980057982641e+100
16,4989,1.74980057982641e+100
16,4989,1.74980057982641e+100
16,4989,1.74980057982641e+100
16,4989,1.74980057982641e+100
16,4989,1.74980057982641e+100
17,4989,1.74980057982641e+100
17,4989,1.74980057982641e+100
17,4989,1.74980057982641e+100
17,4989,1.74980057982641e+100
17,4989,1.74980057982641e+100
17,4989,1.74980057982641e+100
18,4989,1.74980057982641e+100
18,4989,1.74980057982641e+100
18,4989,1.74980057982641e+100
18,4989,1.74980057982641e+100
18,4989,1.74980057982641e+100
18,4989,1.74980057982641e+100
19,4989,1.74980057982641e+100
19,4989,1.74980057982641e+100
19,4989,1.74980057982641e+100
19,4989,1.74980057982641e+100
19,4989,1.74980057982641e+100
19,4989,1.74980057982641e+100
20,4989,1.74980057982641e+100
20,4989,1.74980057982641e+100
20,4989,1.74980057982641e+100
20,4989,1.74980057982641e+100
20,4989,1.74980057982641e+100
20,4989,1.74980057982641e+100
3,4992,0
5,4992,4e+05
14,4992,1.74980057982641e+100
15,4992,1.74980057982641e+100
16,4992,550000
17,4992,1.74980057982641e+100
18,4992,1.74980057982641e+100
19,4992,1.74980057982641e+100
21,4992,3e+05
1,4995,1.74980057982641e+100
1,4995,1.74980057982641e+100
1,4995,1.74980057982641e+100
1,4995,1.74980057982641e+100
1,4995,1.74980057982641e+100
1,4995,1.74980057982641e+100
2,4995,0
2,4995,1.74980057982641e+100
2,4995,1.74980057982641e+100
2,4995,1.74980057982641e+100
2,4995,1.74980057982641e+100
2,4995,1.74980057982641e+100
3,4995,1.74980057982641e+100
3,4995,1.74980057982641e+100
3,4995,1.74980057982641e+100
3,4995,1.74980057982641e+100
3,4995,1.74980057982641e+100
3,4995,1.74980057982641e+100
4,4995,0
4,4995,60000
4,4995,1.74980057982641e+100
4,4995,1.74980057982641e+100
4,4995,1.74980057982641e+100
4,4995,1.74980057982641e+100
5,4995,30000
5,4995,20000
5,4995,1.74980057982641e+100
5,4995,1.74980057982641e+100
5,4995,1.74980057982641e+100
5,4995,1.74980057982641e+100
6,4995,50000
6,4995,1.74980057982641e+100
6,4995,1.74980057982641e+100
6,4995,1.74980057982641e+100
6,4995,1.74980057982641e+100
6,4995,1.74980057982641e+100
7,4995,40000
7,4995,1.74980057982641e+100
7,4995,1.74980057982641e+100
7,4995,1.74980057982641e+100
7,4995,1.74980057982641e+100
7,4995,1.74980057982641e+100
10,4995,80000
10,4995,1.74980057982641e+100
10,4995,1.74980057982641e+100
10,4995,1.74980057982641e+100
10,4995,1.74980057982641e+100
10,4995,1.74980057982641e+100
11,4995,1.74980057982641e+100
11,4995,1.74980057982641e+100
11,4995,1.74980057982641e+100
11,4995,1.74980057982641e+100
11,4995,1.74980057982641e+100
11,4995,1.74980057982641e+100
12,4995,0
12,4995,1.74980057982641e+100
12,4995,1.74980057982641e+100
12,4995,1.74980057982641e+100
12,4995,1.74980057982641e+100
12,4995,1.74980057982641e+100
13,4995,50000
13,4995,1.74980057982641e+100
13,4995,1.74980057982641e+100
13,4995,1.74980057982641e+100
13,4995,1.74980057982641e+100
13,4995,1.74980057982641e+100
14,4995,110000
14,4995,1.74980057982641e+100
14,4995,1.74980057982641e+100
14,4995,1.74980057982641e+100
14,4995,1.74980057982641e+100
14,4995,1.74980057982641e+100
15,4995,50000
15,4995,1.74980057982641e+100
15,4995,1.74980057982641e+100
15,4995,1.74980057982641e+100
15,4995,1.74980057982641e+100
15,4995,1.74980057982641e+100
16,4995,1.74980057982641e+100
16,4995,1.74980057982641e+100
16,4995,1.74980057982641e+100
16,4995,1.74980057982641e+100
16,4995,1.74980057982641e+100
16,4995,1.74980057982641e+100
17,4995,40000
17,4995,1.74980057982641e+100
17,4995,1.74980057982641e+100
17,4995,1.74980057982641e+100
17,4995,1.74980057982641e+100
17,4995,1.74980057982641e+100
18,4995,40000
18,4995,1.74980057982641e+100
18,4995,1.74980057982641e+100
18,4995,1.74980057982641e+100
18,4995,1.74980057982641e+100
18,4995,1.74980057982641e+100
19,4995,0
19,4995,1.74980057982641e+100
19,4995,1.74980057982641e+100
19,4995,1.74980057982641e+100
19,4995,1.74980057982641e+100
19,4995,1.74980057982641e+100
20,4995,80000
20,4995,1.74980057982641e+100
20,4995,1.74980057982641e+100
20,4995,1.74980057982641e+100
20,4995,1.74980057982641e+100
20,4995,1.74980057982641e+100
21,4995,2e+05
21,4995,1.74980057982641e+100
21,4995,1.74980057982641e+100
21,4995,1.74980057982641e+100
21,4995,1.74980057982641e+100
21,4995,1.74980057982641e+100
24,4995,0
24,4995,1.74980057982641e+100
24,4995,1.74980057982641e+100
24,4995,1.74980057982641e+100
24,4995,1.74980057982641e+100
24,4995,1.74980057982641e+100
1,4999,0
3,4999,2e+05
4,4999,7e+05
6,4999,2e+05
7,4999,150000
8,4999,0
9,4999,2e+05
10,4999,7e+05
10,4999,3e+05
11,4999,150000
14,4999,0
15,4999,0
17,4999,0
18,4999,1e+05
19,4999,0
