"clust","nh","land_in_acre","agri1c","profit_per_acre"
4002,11,0.15,37235.7142857143,248238.095238095
4002,12,0.05,439485.714285714,8789714.28571429
4002,17,0.125,338761.666666667,2710093.33333333
4002,4,0.16528932,7707404.28571429,46629777.9294772
4002,9,0.025,586997.5,23479900
4005,1,0.1,2092506.66666667,20925066.6666667
4005,11,20,10304467,515223.35
4005,12,0.1,31091.4285714286,310914.285714286
4005,14,0.1,1636241.27484384,16362412.7484384
4005,16,0.0375,1892972.74720418,50479273.2587783
4005,17,0.5,120133.333333333,240266.666666667
4005,19,0.25,3196010.47619048,12784041.9047619
4005,20,0.25,2162668.57142857,8650674.28571429
4005,8,0.05,819996.666666667,16399933.3333333
4009,1,5,1153542.5,230708.5
4009,13,0.33057864,1858308.69047619,5621381.61883717
4009,15,5,0,0
4009,2,6,0,0
4009,3,0.16528932,2519400.37325628,15242366.3746471
4009,6,0.11019288,2827558.65881423,25660084.9239464
4009,8,0.11019288,1028626.66666667,9334783.39677361
4009,9,10,3891546.19047619,389154.619047619
4012,3,0.0375,1460000,38933333.3333333
4015,13,0.05,-118500,-2370000
4019,15,6,3363961.42857143,560660.238095238
4019,20,0.0125,613066.666666667,49045333.3333333
4039,4,0.02754822,858770.882238096,31173370.9923217
4039,5,0.0125,382135.5,30570840
4039,7,0.0125,557110.666666667,44568853.3333333
4039,9,0.0125,940015.714285714,75201257.1428571
4042,10,191,1109875.22619048,5810.86505858888
4042,16,0.125,-54990,-439920
4042,18,20,170947.471453896,8547.37357269478
4042,2,30,197729.916666667,6590.99722222222
4044,1,5,2386810.71428571,477362.142857143
4044,11,4,642641.428571429,160660.357142857
4044,12,15,-54700,-3646.66666666667
4044,15,2,6514.28571428571,3257.14285714286
4044,16,1,36694.2857142857,36694.2857142857
4044,17,6,113114.285714286,18852.380952381
4044,18,4,968274.285714286,242068.571428571
4044,19,12,899818.571428571,74984.880952381
4044,20,1,702.857142857141,702.857142857141
4044,5,6,251714.285714286,41952.380952381
4049,16,0.0125,1303784.71428571,104302777.142857
4049,17,0.0375,476009.233333333,12693579.5555556
4049,4,10,2857023.71428571,285702.371428571
4049,5,0.125,679908.866666667,5439270.93333333
4049,9,0.0125,920864.595238095,73669167.6190476
4055,10,1,493698.571428571,493698.571428571
4055,11,0.2,9154034.52380952,45770172.6190476
4055,12,0.0375,971315.714285714,25901752.3809524
4055,13,0.0125,3282588.0952381,262607047.619048
4055,18,0.0125,3808783.33333333,304702666.666667
4055,2,0.025,4442301.42857143,177692057.142857
4055,25,0.0375,3763633.80952381,100363568.253968
4059,1,3,-170000,-56666.6666666667
4059,10,4,-196000,-49000
4059,11,3,-92990.5172413793,-30996.8390804598
4059,14,2,773414.285714286,386707.142857143
4059,16,2,-227901.785714286,-113950.892857143
4059,2,4,-85107.1428571429,-21276.7857142857
4059,3,4,-419640.501253133,-104910.125313283
4059,7,4,-122000,-30500
4059,8,6,-159821.428571429,-26636.9047619048
4059,9,10,-795120.40018315,-79512.040018315
4062,10,3,-104000,-34666.6666666667
4062,11,5,630735.144307744,126147.028861549
4062,12,3,38000,12666.6666666667
4062,14,0.0625,850000,13600000
4062,16,5,625000,125000
4062,17,16,2423195.22857143,151449.701785714
4062,20,1,-20175,-20175
4062,3,4,3488267.58380392,872066.895950979
4062,6,1,-34986.6666666667,-34986.6666666667
4062,7,2,1e+05,50000
4062,8,5,-28000,-5600
4065,1,3,376292.380952381,125430.793650794
4065,14,250,76770.7246376812,307.082898550725
4065,15,2,1028145.83333333,514072.916666667
4065,2,2,471647.619047619,235823.80952381
4065,3,63,1162942.85714286,18459.410430839
4065,7,0.1125,703548.75,6253766.66666667
4065,9,200,670659.285714286,3353.29642857143
4069,10,1.1019288,2627970,2384881.8544356
4069,16,1,5574128.80952381,5574128.80952381
4069,2,35,1834043.0952381,52401.231292517
4069,3,0.6887055,334050,485040.412774401
4069,9,0.49586796,1258444,2537861.08705229
4072,11,1,-1852217.85714286,-1852217.85714286
4072,4,1,-98525.7142857143,-98525.7142857143
4075,10,0.16528932,5197714.23809524,31446159.0022588
4075,11,0.02754822,2463675.66666667,89431392.1794826
4075,12,0.02754822,2538648.80952381,92152916.2146886
4075,13,0.02754822,3732024.28571429,135472429.279071
4075,14,0.02754822,5096872.35714286,185016395.147957
4075,15,0.08264466,1732012.0952381,20957338.2628484
4075,18,0.05509644,2897429.85714286,52588331.6080469
4075,19,0.08264466,17156926.9047619,207598735.414507
4075,20,0.05509644,7878264.14285714,142990438.998548
4075,5,0.11019288,2834858.54761905,25726331.3892789
4075,6,0.05509644,1990728.57142857,36131709.6245887
4075,9,0.11019288,2923334.28571429,26529248.4025673
4079,1,13,926268.333333333,71251.4102564103
4079,10,2,179000,89500
4079,12,28,7061760,252205.714285714
4079,13,15,394475.974920635,26298.3983280423
4079,14,1,-13000,-13000
4079,15,0.25,680950,2723800
4079,16,2,474583.333333333,237291.666666667
4079,17,0.6887055,456000,662111.744424867
4079,18,3,563500,187833.333333333
4079,19,3,255500,85166.6666666667
4079,20,0.05509644,546575,9920332.42075169
4079,4,2,465600,232800
4079,5,8,123000,15375
4079,6,1,80300,80300
4079,8,1,621128.671561772,621128.671561772
4079,9,6,2464900,410816.666666667
4081,1,2,485790.843894739,242895.421947369
4081,11,2,171351.190476191,85675.5952380953
4081,12,2,3657754.52380952,1828877.26190476
4081,13,11,211513.571428571,19228.5064935065
4081,14,2,75810,37905
4081,15,2,133923.714285714,66961.8571428571
4081,18,2,31671.4285714286,15835.7142857143
4081,19,4,745355,186338.75
4081,2,13,715470,55036.1538461538
4081,20,0.025,195369.166666667,7814766.66666667
4081,3,0.0375,-8151907.14285714,-217384190.47619
4081,4,2,377195.714285714,188597.857142857
4081,5,2,-78064.4047619048,-39032.2023809524
4081,7,6,401283.333333333,66880.5555555555
4081,9,3,417894.523809524,139298.174603175
4084,11,116.30858484,4106060,35303.1550134369
4089,17,0.08264466,-126560.476190476,-1531381.17079163
4089,2,2,-108764.55952381,-54382.2797619048
4089,3,1,2768.78571428571,2768.78571428571
4092,10,1.1019288,58119.5238095238,52743.4474981721
4092,17,0.33057864,-14501.9047619048,-43868.2449716194
4092,20,2.754822,195577.407142857,70994.5713889526
4092,9,1.9283754,0,0
4099,11,4.9586796,739579.15,149148.404345383
4102,3,0.0625,387800,6204800
4105,13,0.0375,-5000,-133333.333333333
4105,20,0.1377411,-12800,-92927.9641298058
4105,6,0.0125,-30000,-2400000
4112,10,0.3,5633083.72619048,18776945.7539683
4112,11,0.0625,297230.066666667,4755681.06666667
4112,5,0.2,2919829.61852914,14599148.0926457
4112,7,0.0375,1417252.47619048,37793399.3650794
4115,13,0.0125,21399.3333333333,1711946.66666667
4119,14,1,-3451796,-3451796
4119,20,0.0125,424973.333333333,33997866.6666667
4119,9,1,27119.5,27119.5
4122,10,0.0875,170200,1945142.85714286
4122,11,0.125,1429652.38095238,11437219.047619
4122,14,0.05,153300,3066000
4122,17,0.0375,69000,1840000
4122,19,0.1,21291.6666666667,212916.666666667
4122,2,0.075,166222.496941138,2216299.95921517
4122,20,0.0625,268806.071428571,4300897.14285714
4122,4,0.075,109946.25,1465950
4122,5,0.075,305747.023809524,4076626.98412698
4122,7,0.0375,162014.285714286,4320380.95238095
4122,9,0.0625,357728.571428571,5723657.14285714
4125,14,0.0125,-150374.702380952,-12029976.1904762
4132,1,0.0375,112583.333333333,3002222.22222222
4132,11,0.025,779926.785714286,31197071.4285714
4132,12,0.05,-4262.5,-85250
4132,13,0.0125,1744178.57142857,139534285.714286
4132,14,0.0125,737433.928571429,58994714.2857143
4132,16,0.0125,891033.475018808,71282678.0015047
4132,17,0.025,190147.619047619,7605904.76190476
4132,18,0.0125,550117.857142857,44009428.5714286
4132,19,0.0125,70137.5,5611000
4132,2,6,211891.88192047,35315.3136534116
4132,20,0.125,5101.90476190476,40815.2380952381
4132,3,0.0375,207078.571428571,5522095.23809524
4132,4,0.05,136790.007253004,2735800.14506008
4132,5,0.0375,675944.047619048,18025174.6031746
4132,7,0.0125,149832.5,11986600
4132,8,0.025,107178.333333333,4287133.33333333
4132,9,0.15,389336.904761905,2595579.36507936
4134,11,0.0125,100957.142857143,8076571.42857143
4134,12,0.075,803257.142857143,10710095.2380952
4134,13,0.025,-48814.2857142857,-1952571.42857143
4134,14,2,18000,9000
4134,15,5,460916.666666667,92183.3333333333
4134,16,2,780000,390000
4134,17,0.025,699142.857142857,27965714.2857143
4134,18,2,-67285.7142857143,-33642.8571428571
4134,2,4,140500,35125
4134,20,0.0125,36000,2880000
4134,4,0.025,-28430.9523809524,-1137238.0952381
4134,5,0.0625,1560800,24972800
4134,6,0.0875,215888.69047619,2467299.31972789
4134,7,0.05,496944.642857143,9938892.85714286
4134,8,0.0375,117500,3133333.33333333
4134,9,0.0375,4571.42857142857,121904.761904762
4139,16,1,3899995.0515873,3899995.0515873
4139,20,0.025,248152.25,9926090
4139,3,0.0125,27430.6666666667,2194453.33333333
4139,4,0.3375,-59558.6666666667,-176470.12345679
4139,6,0.05,-68431.6666666667,-1368633.33333333
4149,1,24,4222448.33333333,175935.347222222
4149,11,8,843001.904761905,105375.238095238
4149,15,6,825753.333333333,137625.555555556
4149,17,1,861042.857142857,861042.857142857
4149,18,10,193800,19380
4149,20,20,15229633.8095238,761481.690476191
4149,24,2,125406.071428571,62703.0357142857
4149,3,8,219305.714285714,27413.2142857143
4149,5,2,0,0
4149,7,0.11019288,318023.333333333,2886060.63598059
4152,1,200,-5681739.32751727,-28408.6966375863
4152,10,0.11019288,-166032.142857143,-1506741.1148265
4152,14,1,-26071.4285714286,-26071.4285714286
4152,23,1,-254155.714285714,-254155.714285714
4152,8,0.0125,2392594.28571429,191407542.857143
4155,19,0.02754822,4866.66666666667,176659.931809266
4155,7,0.16528932,-55000,-332749.87155855
4155,9,1.377411,-5410,-3927.65848392383
4159,2,5,171935.714285714,34387.1428571429
4159,7,1,0,0
4162,12,0.1875,735000,3920000
4182,9,0.025,-12000,-480000
4185,4,5,0,0
4189,18,0.0125,-21585,-1726800
4192,1,0.1875,1044772.26190476,5572118.73015873
4192,13,0.075,2558344.24257143,34111256.567619
4192,3,0.375,1115431.35714286,2974483.61904762
4192,8,0.0125,272685.335714286,21814826.8571429
4199,10,0.2375,357224.166666667,1504101.75438596
4199,11,0.0375,88861.25,2369633.33333333
4199,4,0.05,233333.333333333,4666666.66666667
4199,5,0.0125,105103.302090756,8408264.16726044
4199,6,0.0125,149893.166666667,11991453.3333333
4199,7,0.0125,216589.333333333,17327146.6666667
4199,8,0.0125,212865.866666667,17029269.3333333
4202,9,1,248827.933333333,248827.933333333
4205,1,0.1,-185328.333333333,-1853283.33333333
4205,14,0.0375,-92238.8555613459,-2459702.81496922
4205,16,0.0125,3435,274800
4205,19,0.1875,0,0
4205,6,0.0125,569288.416666667,45543073.3333333
4209,8,3,239000,79666.6666666667
4322,9,0.02754822,-49000,-1778699.31342207
4329,7,4,10911.6666666667,2727.91666666667
4329,9,5,357000,71400
4335,15,3,346416.666666667,115472.222222222
4339,2,1,364750,364750
4342,10,6,1814046.64761905,302341.107936508
4342,8,5,-2000,-400
4345,1,3,4170215,1390071.66666667
4345,10,0.9375,-30554.7619047619,-32591.746031746
4345,11,2,-122790.476190476,-61395.2380952381
4345,12,3,-264601.428571429,-88200.4761904762
4345,13,2,653687.619047619,326843.80952381
4345,14,2,6871809.52380952,3435904.76190476
4345,15,25,-282217.857142857,-11288.7142857143
4345,16,4,376745.552781671,94186.3881954177
4345,17,3,-120502.701880054,-40167.5672933515
4345,18,1,-411109.523809524,-411109.523809524
4345,19,25,143172.857142857,5726.91428571428
4345,2,25,-368164.285714286,-14726.5714285714
4345,20,43,-367608.80952381,-8549.04208194906
4345,3,1,-260192.380952381,-260192.380952381
4345,4,6,-111875,-18645.8333333333
4345,5,2,64995.8519683441,32497.9259841721
4345,6,5,-620067.857142857,-124013.571428571
4345,7,5,-92319.6428571429,-18463.9285714286
4345,8,25,-1218835,-48753.4
4345,9,15,-46012.1428571429,-3067.47619047619
4349,3,40,-1060857.14285714,-26521.4285714286
4355,1,0.1125,765406.666666667,6803614.81481482
4355,10,8,2652101.66666667,331512.708333333
4355,12,3,600032.619047619,200010.873015873
4355,13,0.0625,1583143.33333333,25330293.3333333
4355,15,0.1,6340394.64285714,63403946.4285714
4355,16,10,2619814.28571429,261981.428571429
4355,18,0.25,6153367.61904762,24613470.4761905
4355,19,7,2034117.85714286,290588.265306122
4355,20,15,3553560.47619048,236904.031746032
4355,4,0.0375,493700,13165333.3333333
4355,5,0.025,964528.571428571,38581142.8571429
4355,6,0.1875,2888411.42857143,15404860.952381
4355,7,0.125,2764478.57142857,22115828.5714286
4355,8,10,2231996.66666667,223199.666666667
4355,9,0.0125,148733.333333333,11898666.6666667
4359,1,0.0625,904735.035641609,14475760.5702657
4359,10,0.075,2069300,27590666.6666667
4359,11,1.325,865528.333333333,653228.93081761
4359,12,0.15,704896.666666667,4699311.11111111
4359,13,0.05,374020,7480400
4359,17,0.1125,1136433.33333333,10101629.6296296
4359,4,0.30303042,2215970.23809524,7312698.96301248
4359,7,2,106060,53030
4365,1,0.2,5367858.33333333,26839291.6666667
4365,10,0.0625,1661050,26576800
4365,11,35,5117165.41151563,146204.726043304
4365,12,10,1269014.16666667,126901.416666667
4365,14,40,3694733.33333333,92368.3333333333
4365,15,0.08264466,2096400,25366430.2085579
4365,16,0.30303042,5346666.66666667,17643993.1894186
4365,17,0.49586796,6857513.33333333,13829313.2174407
4365,18,0.49586796,4165057.61115106,8399529.60693622
4365,19,0.5509644,10665027.4458874,19357017.342477
4365,2,0.1875,2231115,11899280
4365,20,0.11019288,3174180.95238095,28805681.0238643
4365,3,0.075,2014836.66666667,26864488.8888889
4365,4,7,1439168.13496059,205595.447851513
4365,5,15,1552906.66666667,103527.111111111
4365,6,9,1215863.33333333,135095.925925926
4365,7,27,3096913.0952381,114700.485008818
4365,8,4,566446.666666667,141611.666666667
4365,9,0.0375,2636073.33333333,70295288.8888889
4369,10,5,1561802.61904762,312360.523809524
4369,13,15,5009555.19274407,333970.346182938
4369,14,33,3183284.64285714,96463.170995671
4369,15,0.2,3939794.76190476,19698973.8095238
4369,16,17,5636901.53095238,331582.442997199
4369,17,12,2408281.78571429,200690.148809524
4369,19,10,4722906.35739118,472290.635739118
4369,21,15,2028003.80952381,135200.253968254
4369,22,0.3125,10704406.6428571,34254101.2571429
4369,23,21,6883862.68394115,327802.984949579
4369,24,25,5358484.04761905,214339.361904762
4369,3,12,5583572.14285714,465297.678571429
4369,5,9,3003315.83333333,333701.759259259
4369,6,49,11757759.7051424,239954.279696783
4369,7,0.075,2610580.33333333,34807737.7777778
4369,9,0.075,2168731.33762911,28916417.8350548
4372,1,13,2983923.33333333,229532.564102564
4372,10,20,5954264.28571429,297713.214285714
4372,11,12,1727310.95238095,143942.579365079
4372,13,12,1837160.23809524,153096.686507936
4372,17,18,2655933.33333333,147551.851851852
4372,18,18,5047277.61904762,280404.312169312
4372,2,13,3149166.66666667,242243.58974359
4372,21,19,2606887.14285714,137204.586466165
4372,3,6,915000,152500
4372,4,10,1847228.57142857,184722.857142857
4372,6,20,4426780,221339
4372,7,2,485262.857142857,242631.428571429
4372,8,5,332196.666666667,66439.3333333333
4375,13,35,3039652.71720117,86847.2204914619
4375,15,0.1875,2037940,10869013.3333333
4375,17,0.075,246548.5,3287313.33333333
4375,19,14,1654340,118167.142857143
4375,2,20,1544360,77218
4375,20,15,2904799.76190476,193653.317460317
4379,1,30,7060493.33333333,235349.777777778
4379,10,6,1628140,271356.666666667
4379,12,38,3097775,81520.3947368421
4379,13,5,1464571.66666667,292914.333333333
4379,14,8,987320.585974331,123415.073246791
4379,15,5,2266668.0952381,453333.619047619
4379,16,4,3302210,825552.5
4379,17,12,3054737.93576517,254561.494647097
4379,18,22,7151896.66666667,325086.212121212
4379,19,20,4462573.33333333,223128.666666667
4379,2,9,2504883.33333333,278320.37037037
4379,20,75,8771654.53898389,116955.393853119
4379,4,0.49586796,7902689.04761905,15937083.4276509
4379,5,20,4445666.66666667,222283.333333333
4379,6,10,1516616.66666667,151661.666666667
4379,7,10,417239.285714286,41723.9285714286
4379,8,4,1441230,360307.5
4379,9,21,3932615.54901961,187267.407096172
4382,1,28,4829201.16439744,172471.470157052
4382,10,2,4313908.57142857,2156954.28571429
4382,17,4,441893.333333333,110473.333333333
4382,3,14,1651674.69840568,117976.764171834
4382,5,45,981304.166666667,21806.7592592593
4382,6,15,1191158.57142857,79410.5714285714
4382,8,4,5122640.47619048,1280660.11904762
4385,1,26,21282875.4761905,818572.133699634
4385,10,6,6064012.85714286,1010668.80952381
4385,12,20,2914122.73809524,145706.136904762
4385,13,8,3105211.70744624,388151.46343078
4385,14,65,2625955.71428571,40399.3186813187
4385,15,6,646780,107796.666666667
4385,16,4,3310856.19047619,827714.047619048
4385,17,10,3449022.38095238,344902.238095238
4385,18,1,2184948.80952381,2184948.80952381
4385,19,9,12610586.3095238,1401176.25661376
4385,2,6,12702323.5238095,2117053.92063492
4385,20,20,2435443.33333333,121772.166666667
4385,5,25,5857616.66666667,234304.666666667
4385,6,7,1313866.66666667,187695.238095238
4385,7,10,6907846.66666667,690784.666666667
4385,8,15,2365280.71428571,157685.380952381
4385,9,6,2368205.23809524,394700.873015873
4389,1,0.0125,5571494.64285714,445719571.428571
4389,10,0.0125,248250,19860000
4389,11,0.0125,2317121.19047619,185369695.238095
4389,12,0.0125,316300,25304000
4389,13,11,2569118.608647,233556.237149728
4389,14,5,2012801.71428571,402560.342857143
4389,15,15,4214365.52380952,280957.701587302
4389,16,18,3660746.66666667,203374.814814815
4389,17,7,158340,22620
4389,18,7,2167186.66666667,309598.095238095
4389,19,68,9176687.64577259,134951.288908421
4389,20,32,3271442.73585572,102232.585495491
4389,3,0.02754822,1225096.66666667,44470991.8341971
4389,4,0.05509644,3586059.14241662,65086948.3112997
4389,5,0.02754822,17829785.7142857,647220971.601276
4389,6,0.02754822,1225476.66666667,44484785.8288727
4389,8,0.02754822,4470152.14285714,162266460.150861
4389,9,0.02754822,2190903.33333333,79529760.3015125
4392,11,0.125,1373382.20238095,10987057.6190476
4392,12,0.0375,3733160.47619048,99550946.031746
4392,13,50,2778425.61568654,55568.5123137308
4392,14,0.0875,1367350.19047619,15626859.3197279
4392,5,6,7075036.72619048,1179172.78769841
4392,6,0.1375,1133195.59689953,8241422.5229057
4395,4,18,698393.333333333,38799.6296296296
4395,5,75,4436883.45238095,59158.446031746
4399,1,0.3125,3257750.03919861,10424800.1254355
4399,11,0.1,4360133.69047619,43601336.9047619
4399,13,0.025,2395651.42857143,95826057.1428572
4399,16,0.05,3758439.67661909,75168793.5323818
4399,20,2,2842686.96991271,1421343.48495635
4399,7,0.25,2110047.97619048,8440191.9047619
4399,9,12,2065006.66666667,172083.888888889
4402,11,50,3021489.04761905,60429.7809523809
4402,12,40,2254712.0952381,56367.8023809524
4402,13,4,483833.333333333,120958.333333333
4402,16,0.1,2363307.04761905,23633070.4761905
4402,18,0.1875,2820266.33333333,15041420.4444444
4402,19,0.325,1053825,3242538.46153846
4402,20,0.2,140246.916666667,701234.583333333
4402,4,20,2109427.66666667,105471.383333333
4405,1,0.4132233,1644614.28571429,3979965.03516207
4405,10,20,3611571.42857143,180578.571428571
4405,11,0.125,1754182.14285714,14033457.1428571
4405,12,30,1050914.28571429,35030.4761904762
4405,13,0.5,359719.047619048,719438.095238095
4405,14,10,745083.571428571,74508.3571428571
4405,16,0.1875,1384907.26190476,7386172.06349206
4405,17,16,3103522.97619048,193970.186011905
4405,18,0.25,5401929,21607716
4405,19,0.375,2612553.57142857,6966809.52380952
4405,2,10,975173.809523809,97517.3809523809
4405,20,14,2101282.5,150091.607142857
4405,3,0.3125,1778202.14285714,5690246.85714286
4405,4,0.275,2195535.71428571,7983766.23376623
4405,5,0.25,2644116.42857143,10576465.7142857
4405,6,0.125,4004098.57142857,32032788.5714286
4405,7,11,589355,53577.7272727273
4405,8,19,1333232.14285714,70170.1127819549
4405,9,0.0625,1665423.57142857,26646777.1428571
4408,10,0.0125,564904.523809524,45192361.9047619
4408,15,1,1318548.63944702,1318548.63944702
4412,12,3,462193.809523809,154064.603174603
4412,13,5,2147066.28571429,429413.257142857
4412,15,3,4505492.52380952,1501830.84126984
4412,17,5,1417750,283550
4412,19,1,302504.523809524,302504.523809524
4412,4,23,4324665.71428571,188028.944099379
4412,6,6,521321.428571429,86886.9047619048
4412,7,2,1015333.45238095,507666.726190476
4412,8,3,1403781.16666667,467927.055555556
4412,9,22,4431151.42857143,201415.974025974
4415,12,0.0125,1379038.57142857,110323085.714286
4415,13,20,920292,46014.6
4415,15,32,2273458.33333333,71045.5729166667
4415,16,5,3178332.59047619,635666.518095238
4415,20,15,732412.619047619,48827.5079365079
4415,6,9,-649993.611853879,-72221.5124282088
4415,7,13,496339.285714286,38179.9450549451
4415,8,7,-810769.761904762,-115824.25170068
4419,19,1.48760388,2312271.9047619,1554359.95821811
4419,21,4,2127814.28571429,531953.571428571
4419,22,15,1758211.66666667,117214.111111111
4419,4,2,-28209.2857142857,-14104.6428571429
4419,6,12,3251795.71428571,270982.976190476
4419,8,0.16528932,1532671.30952381,9272657.84337312
4422,1,13,6908104.28571429,531392.637362637
4422,10,10,1480419.04761905,148041.904761905
4422,11,24,2802685.71428571,116778.571428571
4422,12,3,1488959.28571429,496319.761904762
4422,13,4,1814709.58925457,453677.397313641
4422,14,7,4972430.95238095,710347.278911565
4422,16,12,3014341.66666667,251195.138888889
4422,19,15,4894606.66666667,326307.111111111
4422,2,13,6995171.42857143,538090.10989011
4422,20,118,1667611.9047619,14132.3042776433
4422,4,4,1380284.76190476,345071.19047619
4422,5,15,2459854.28571429,163990.285714286
4422,6,2,2447520.23809524,1223760.11904762
4422,7,10,1306857.14285714,130685.714285714
4422,9,1,11000,11000
4425,14,1,563484.523809524,563484.523809524
4425,19,3.96694368,185809.523809524,46839.4660469502
4425,4,0.16528932,247944.523809524,1500063.790023
4425,8,0.33057864,278904.142857143,843684.70648056
4429,1,0.11019288,824232.142857143,7479903.8091857
4429,10,4,3237759.14285714,809439.785714286
4429,11,20,2189819.97619048,109490.998809524
4429,14,0.02754822,969990.476190476,35210640.694407
4429,20,0.05509644,2405077.17415625,43652133.8612123
4429,25,0.11019288,1811769.71428571,16441803.8106066
4433,1,1.81818252,6310595.23809524,3470826.04121353
4433,10,0.52341618,1697946.42857143,3243970.08241401
4433,11,0.08264466,678207.142857143,8206303.26093837
4433,15,0.2754822,12230195.5952381,44395592.8740154
4433,16,0.22038576,391828.571428571,1777921.45657946
4433,18,0.1377411,964944.285714286,7005492.81016549
4433,2,0.1377411,4510299.28571429,32744760.1748083
4433,20,0.19283754,6503937.9085213,33727550.706783
4433,4,0.8264466,1893875.79759828,2291588.83054063
4433,5,0.60606084,1940714.78503633,3202178.15926917
4433,7,4.9586796,3224407.61904762,650255.285509396
4433,8,0.08264466,422798.333333333,5115857.8586122
4433,9,28.15428084,3013500,107035.232657003
4435,10,0.33057864,660624.761904762,1998389.1333837
4435,11,0.11019288,785146.666666667,7125203.24967155
4435,18,1.26721812,995573.809523809,785637.289911708
4435,6,1.1019288,2674102.63005645,2426747.20005181
4435,7,0.46831974,504227.821428571,1076674.28545415
4435,8,24,1578325,65763.5416666667
4439,1,3,42180.1602564103,14060.0534188034
4439,12,1,4529441.26847,4529441.26847
4439,13,2,150501.013333333,75250.5066666666
4439,15,1,-108250,-108250
4439,17,1,328445,328445
4439,18,1,11465.2380952381,11465.2380952381
4439,2,2,1120647.61904762,560323.80952381
4439,20,2,20440,10220
4439,21,1,92490,92490
4439,7,10,58546.6666666667,5854.66666666667
4439,9,2,94901,47450.5
4442,15,0.66115728,399828.571428571,604740.480855889
4442,16,0.22038576,-73088.5714285714,-331639.264844387
4442,18,0.2754822,-25042.8571428571,-90905.5363390344
4442,21,0.02754822,-85642.8571428571,-3108834.51427559
4445,10,0.66115728,1263205,1910596.82500963
4445,12,0.5509644,730566.428571429,1325977.55602981
4445,14,4.71074562,1123606.36904762,238519.856448462
4445,2,0.71625372,276239.523809524,385672.724756702
4445,4,1.2396699,840325,677861.905011971
4445,7,0.71625372,546605.654761905,763145.292651192
4445,8,0.11019288,2313972.61904762,20999293.4121299
4445,9,2.754822,360953.571428571,131026.095852498
4455,10,15,1413415,94227.6666666667
4455,11,20,1059145.71428571,52957.2857142857
4455,12,6,601724.166666667,100287.361111111
4455,13,38,693616.904761905,18253.0764411028
4455,14,5,1130634.76190476,226126.952380952
4455,15,4,75306.6666666667,18826.6666666667
4455,16,16,1581202.26190476,98825.1413690476
4455,17,7,1919923.33333333,274274.761904762
4455,18,6,1571348.80952381,261891.468253968
4455,19,14,1647320.71428571,117665.765306122
4455,2,4,459484.285714286,114871.071428571
4455,20,4,1879837.14285714,469959.285714286
4455,4,7,929778.333333333,132825.476190476
4455,5,34,4322528.33333333,127133.18627451
4455,6,6,640271.547619048,106711.924603175
4455,7,3,599073.214285714,199691.071428571
4455,8,27,2466272.38095238,91343.4215167549
4455,9,6,882735.952380952,147122.658730159
4459,1,3,1655440,551813.333333333
4459,11,4,1883188.45238095,470797.113095238
4459,13,750,3586920.47619048,4782.56063492063
4459,4,35,5262649.52380952,150361.414965986
4462,1,0.125,3063730,24509840
4462,10,0.075,603130.736555682,8041743.15407576
4462,11,0.075,3369353.57142857,44924714.2857143
4462,12,16,3579940.5952381,223746.287202381
4462,14,5,3338176.30952381,667635.261904762
4462,15,4,4514485.71428571,1128621.42857143
4462,16,0.125,3399347.38095238,27194779.047619
4462,17,0.425,2961313.14285714,6967795.6302521
4462,18,0.025,668098.095238095,26723923.8095238
4462,19,8,770754.166666667,96344.2708333333
4462,2,0.0625,462123.095238095,7393969.52380952
4462,20,0.075,5410709.52380952,72142793.6507936
4462,3,0.0875,843351.130952381,9638298.63945578
4462,4,12,5805366.66666667,483780.555555556
4462,5,0.05,1925237.79761905,38504755.952381
4462,6,0.05,2273493.33333333,45469866.6666667
4462,7,7,7395881.19047619,1056554.45578231
4462,8,4,4671084.76190476,1167771.19047619
4462,9,0.15,8281802.38095238,55212015.8730159
4465,1,15,7062805.71428571,470853.714285714
4465,14,25,6333258.92857143,253330.357142857
4465,16,15,397399,26493.2666666667
4465,17,19,2411750.95238095,126934.260651629
4465,19,23,11162517.7380952,485326.858178054
4465,5,14,2103986.42857143,150284.744897959
4465,6,13,1097536.66666667,84425.8974358974
4465,8,9,897515,99723.8888888889
4472,14,3,7238680.79227952,2412893.59742651
4472,21,20,70500,3525
4479,10,1750,1699884.28571429,971.362448979592
4479,12,15,6683470.47619048,445564.698412698
4479,14,4,-47738.5357142857,-11934.6339285714
4479,16,15,4926767.5,328451.166666667
4479,19,625,1238417.79428571,1981.46847085714
4479,3,4,525355.476190476,131338.869047619
4479,4,3,909271.547619048,303090.515873016
4479,5,8,224288.369192205,28036.0461490256
4479,7,20,943178.333333333,47158.9166666667
4479,8,34,904933.80952381,26615.700280112
4479,9,450,1582925.95238095,3517.61322751323
4482,10,5,5972917.74090107,1194583.54818021
4482,12,40,1364876.13095238,34121.9032738095
4482,17,200,3569714.76190476,17848.5738095238
4482,19,16,2214453.33333333,138403.333333333
4482,2,3,1640.47619047623,546.825396825409
4482,3,20,521248.571428571,26062.4285714286
4485,1,10,2704056.19047619,270405.619047619
4485,10,5,1250917.61904762,250183.523809524
4485,11,8,473812.619047619,59226.5773809524
4485,12,2,128422.857142857,64211.4285714286
4485,13,1350,3034556.68,2247.81976296296
4485,14,30,2087613.80952381,69587.126984127
4485,15,10,1000067.61904762,100006.761904762
4485,16,8,259446.833333333,32430.8541666667
4485,17,7,732887.857142857,104698.265306122
4485,18,7,-12739.9047619048,-1819.98639455783
4485,19,25,914128.69047619,36565.1476190476
4485,2,1250,3142668.19047619,2514.13455238095
4485,3,150,488251.785714286,3255.01190476191
4485,4,13,159998.095238095,12307.5457875458
4485,5,6,1499410.73809524,249901.78968254
4485,6,1,2359467.05654762,2359467.05654762
4485,8,10,1579683.14285714,157968.314285714
4485,9,10,437935.714285714,43793.5714285714
4489,15,11,785237.142857143,71385.1948051948
4489,17,750,1058775.47619048,1411.70063492063
4489,2,25,530259.523809524,21210.380952381
4489,21,0.025,316151.904761905,12646076.1904762
4489,7,3,-41002.1428571429,-13667.380952381
4489,9,20,14399.5238095238,719.976190476188
4492,1,10,2555735,255573.5
4492,10,30,3424301.30952381,114143.376984127
4492,11,2,228517.023809524,114258.511904762
4492,12,17,3625250.95238095,213250.056022409
4492,19,1,1957360.47619048,1957360.47619048
4492,20,20,2068591.9047619,103429.595238095
4492,3,9,348207.452380952,38689.7169312169
4492,4,650,6994773.99243281,10761.1907575889
4492,5,1,-169527.380952381,-169527.380952381
4492,7,50,-253111.666666667,-5062.23333333333
4492,9,35,1147683.53233083,32790.9580665951
4495,1,0.2,2118664.33333333,10593321.6666667
4495,10,63,10983869,174347.126984127
4495,11,21,3998261.36904762,190393.398526077
4495,13,0.15,4108300.73809524,27388671.5873016
4495,15,0.2125,4518766.78571429,21264784.8739496
4495,16,6,3306570.95238095,551095.158730159
4495,17,0.1875,4332985.16666667,23109254.2222222
4495,2,4.132233,901248.714285714,218102.10466973
4495,20,8,2087877.67857143,260984.709821429
4495,3,13.2231456,4279567.17857143,323642.142953597
4495,4,2,867282.380952381,433641.190476191
4495,5,19,6300927.85714286,331627.781954887
4495,6,3,2432931.9047619,810977.301587302
4499,1,8,850817.380952381,106352.172619048
4499,16,0.08264466,1273693.33333333,15411683.3844236
4499,17,10,2033334.52380952,203333.452380952
4499,20,0.08264466,803891.190476191,9727079.65010916
4499,4,0.19283754,429723.333333333,2228421.5684007
4499,7,0.33057864,11400219.7619048,34485651.4683004
4502,13,75,-67178.0952380952,-895.707936507936
4502,15,2,2852285.71428571,1426142.85714286
4502,16,2,-5000,-2500
4505,10,2,-153401.078095238,-76700.5390476191
4505,12,10,2176901.9047619,217690.19047619
4505,13,2,536958.64547619,268479.322738095
4505,14,5,282815,56563
4505,15,20,1705913.72380952,85295.6861904762
4505,16,14,482660.714285714,34475.7653061224
4505,17,1,991621.142857143,991621.142857143
4505,18,3,6486095.71428571,2162031.9047619
4505,19,10,1079334.12380952,107933.412380952
4505,2,3,957989.86,319329.953333333
4505,20,10,372076.666666667,37207.6666666667
4505,23,20,1146245.94666667,57312.2973333333
4505,24,10,-1420.56,-142.056
4505,25,3,101231.904761905,33743.9682539683
4505,4,5,1410827.52756892,282165.505513784
4505,5,15,-1289269.15476717,-85951.2769844779
4505,6,6,383459.581478127,63909.9302463545
4505,8,4,1067488.85714286,266872.214285714
4505,9,2,28553.3333333333,14276.6666666667
4509,1,3,262781.333333333,87593.7777777778
4509,11,45,166380.628964793,3697.34731032873
4509,12,5,187802.468304257,37560.4936608513
4509,14,4,705432.619047619,176358.154761905
4509,15,3,299502.5,99834.1666666667
4509,16,3,451819.166666667,150606.388888889
4509,18,30,562183.095238095,18739.4365079365
4509,19,100,1727729.52380952,17277.2952380952
4509,2,50,103232.833333333,2064.65666666667
4509,20,3,885320,295106.666666667
4509,3,6,297626.857142857,49604.4761904762
4509,4,7,550407.666666667,78629.6666666666
4509,5,2,174177.5,87088.75
4509,6,23,1143239.5,49706.0652173913
4509,7,30,1109903.33333333,36996.7777777778
4509,8,8,1257678.21428571,157209.776785714
4512,1,30,667400,22246.6666666667
4512,19,9,322057.066985342,35784.1185539268
4512,21,9,-45500,-5055.55555555556
4512,22,4,971.322598695065,242.830649673766
4512,8,10,1158656.66666667,115865.666666667
4512,9,16,854283.928571429,53392.7455357143
4515,1,13,534965,41151.1538461538
4515,10,4,60851.6666666667,15212.9166666667
4515,11,13,15241411.547619,1172416.27289377
4515,12,32,4372907.85714286,136653.370535714
4515,13,5,2240419.04761905,448083.80952381
4515,14,1,182290,182290
4515,15,1,438100,438100
4515,16,2,764028.5,382014.25
4515,17,8,1007866.66666667,125983.333333333
4515,18,1,24820,24820
4515,19,15,3192410,212827.333333333
4515,2,3,2247814.52380952,749271.507936508
4515,20,30,1086755.83333333,36225.1944444444
4515,3,9,7883705.43233083,875967.270258981
4515,4,10,1004124.46428571,100412.446428571
4515,5,4,556545,139136.25
4515,6,1,1509985,1509985
4515,7,1,64750,64750
4515,8,1,2289231.9047619,2289231.9047619
4515,9,4,2440533.57142857,610133.392857143
4519,1,20,914889.910714286,45744.4955357143
4519,12,20,739525.238095238,36976.2619047619
4519,13,10,614186.82319224,61418.682319224
4519,14,4,670158.095238095,167539.523809524
4519,16,2,378550.880952381,189275.44047619
4519,17,100,198505.740968801,1985.05740968801
4519,18,6,911423.373162845,151903.895527141
4519,2,6,155336.666666667,25889.4444444444
4519,20,2,196086.547619048,98043.2738095238
4519,4,6,216646.428571429,36107.7380952381
4519,5,19,2965252.38095238,156065.914786967
4519,6,40,888084.761904762,22202.119047619
4522,13,13,4108032.85714286,316002.527472527
4522,14,14,49041.4285714286,3502.95918367347
4522,15,1,38400,38400
4522,19,21,560333.095238095,26682.5283446712
4522,2,7,1119776.5,159968.071428571
4522,20,9,386185.460855849,42909.4956506499
4522,4,29,1038763.18558502,35819.4201925869
4525,14,6,5271566.66666667,878594.444444444
4525,15,9,3569259.04761905,396584.338624339
4529,1,2,235660.095238095,117830.047619048
4529,17,20,1103600,55180
4529,21,25,2235415.02857143,89416.6011428572
4529,22,12,1761204.50001271,146767.041667726
4529,4,1,659099.047619048,659099.047619048
4529,6,7,1030529.38095238,147218.482993197
4529,7,15,3252682.29396196,216845.48626413
4529,8,21,1680767.85714286,80036.5646258503
4532,1,20,456386.428571429,22819.3214285714
4532,10,100,10541505,105415.05
4532,11,30,3020780,100692.666666667
4535,1,15,8007561.66666667,533837.444444444
4535,10,77,7656159.16666667,99430.6385281385
4535,14,114,12510352.4549713,109739.933815538
4535,15,5,3234180,646836
4535,19,19,4514104.16666667,237584.429824561
4535,2,18,5047808.0952381,280433.783068783
4535,20,8,3429480.47619048,428685.05952381
4535,4,6,17358291.4285714,2893048.57142857
4535,5,3,1989958.80952381,663319.603174603
4535,6,20,4894211.46990386,244710.573495193
4535,9,6,1873295.70526948,312215.950878246
4539,10,20,5686258.92857143,284312.946428571
4539,11,15,7790637.73809524,519375.849206349
4539,14,3,6754411.66666667,2251470.55555556
4539,16,10,8307462.38095238,830746.238095238
4539,19,8,8066892.5,1008361.5625
4539,6,30,7570663.57142857,252355.452380952
4539,7,15,6967225,464481.666666667
4539,8,40,11729995.8333333,293249.895833333
4539,9,26,4618244.88095238,177624.803113553
4542,1,1.1019288,1001290,908670.324253255
4542,10,0.02754822,761595,27645887.8286873
4542,17,4,484395.731962095,121098.932990524
4542,2,4,35461.6904761905,8865.42261904762
4542,20,0.02754822,937979.047619048,34048626.2858017
4542,3,6,1151226.42857143,191871.071428571
4545,16,15,917877.142857143,61191.8095238095
4545,19,2,104367.023809524,52183.5119047619
4545,8,2,2385852.85714286,1192926.42857143
4549,14,15,921323.904761905,61421.5936507936
4549,15,6,974926.761904762,162487.793650794
4549,18,6,499748.571428571,83291.4285714286
4549,2,10,7814179.04761905,781417.904761905
4549,6,6,259671,43278.5
4549,9,10,782307.857142857,78230.7857142857
4552,17,7,240711.959451505,34387.4227787864
4552,19,8,1146768.57142857,143346.071428571
4552,3,45,2478222.85714286,55071.6190476191
4552,9,30,1037529.28571429,34584.3095238095
4555,1,1.25,1979884.28571429,1583907.42857143
4555,10,0.025,676842.791252865,27073711.6501146
4555,13,0.5,16829240.1607462,33658480.3214923
4555,14,0.15,1166200,7774666.66666667
4555,15,0.0375,327000,8720000
4555,17,0.1,1598965.9085213,15989659.085213
4555,2,0.05509644,243180,4413715.2963059
4555,20,50,2229436.28595083,44588.7257190165
4555,3,0.0375,154950,4132000
4555,8,6,384176.190476191,64029.3650793651
4555,9,0.0625,4574149.04761905,73186384.7619048
4559,1,0.4375,676633.333333333,1546590.47619048
4559,10,0.075,3260532.14285714,43473761.9047619
4559,13,0.0125,826547.5,66123800
4559,14,0.0125,262776.19047619,21022095.2380952
4559,17,0.025,688890,27555600
4559,18,0.15,409560,2730400
4559,2,0.25,6326190.47619048,25304761.9047619
4559,20,0.425,12746785.4761905,29992436.4145658
4559,7,3.75,1389514.4916814,370537.197781706
4562,1,20,1335795.38095238,66789.769047619
4562,10,8,420874.228011999,52609.2785014999
4562,12,5,1643465.23809524,328693.047619048
4562,13,0.0125,620391.619047619,49631329.5238095
4562,15,20,225177.32733084,11258.866366542
4562,17,10,2132348.80952381,213234.880952381
4562,19,30,2287710.95238095,76257.0317460317
4562,2,30,10185385.0195049,339512.833983495
4562,20,12,1609152.38095238,134096.031746032
4562,3,10,477022.619047619,47702.2619047619
4562,5,9,236741.666666667,26304.6296296296
4562,7,10,1734156.42857143,173415.642857143
4562,8,17,829262.857142857,48780.1680672269
4562,9,5,591832.023809524,118366.404761905
4565,14,6,-242466.666666667,-40411.1111111111
4565,17,27,4107661.80952381,152135.622574956
4565,20,1,21626.6666666667,21626.6666666667
4569,1,0.275,3861395,14041436.3636364
4569,10,0.0875,1048268.33333333,11980209.5238095
4569,11,0.1875,1576300.29761905,8406934.92063492
4569,13,0.0125,2605067.14285714,208405371.428571
4569,18,0.05,6148737.97619048,122974759.52381
4569,2,0.1,144221.25,1442212.5
4569,20,0.125,145890,1167120
4569,3,0.475,2582210.47619048,5436232.58145363
4569,7,17,1384626.25,81448.6029411765
4569,8,0.175,272260,1555771.42857143
4572,1,10,2276286.17284383,227628.617284383
4572,11,4,359543.204761905,89885.8011904762
4572,16,35,6437881.95238095,183939.484353741
4572,18,4,931805,232951.25
4572,19,4,1166123.89285714,291530.973214286
4572,20,6,1944712.85714286,324118.80952381
4572,3,15,598241.333333333,39882.7555555556
4572,4,2,2760121.38471178,1380060.69235589
4572,6,1,-10337.7380952381,-10337.7380952381
4572,9,9,1388140,154237.777777778
4575,10,8,631452.166666667,78931.5208333333
4575,12,2,149169.333333333,74584.6666666667
4575,13,5,93364.5,18672.9
4575,14,10,6844185.03571429,684418.503571429
4575,17,0.08264466,812347.321428571,9829398.79513778
4575,2,9,2776371.48809524,308485.720899471
4575,4,14,1742152.66666667,124439.476190476
4579,10,0.08264466,0,0
4579,11,5,1388711.36904762,277742.273809524
4579,12,10,1074548.7668752,107454.87668752
4579,17,12,4011205.71428571,334267.142857143
4579,18,6,4190094.64285714,698349.107142857
4579,19,30,902740,30091.3333333333
4579,2,45,13229357.9837518,293985.732972262
4579,20,0.5509644,2685515.80952381,4874209.31284092
4579,22,40,1449626.78571429,36240.6696428571
4579,3,1.18457346,1276913.42335443,1077952.07850971
4579,6,0.16528932,258375.599161009,1563171.7715398
4579,7,30,1165850,38861.6666666667
4579,8,0.22038576,1214329.39380986,5510017.49754548
4579,9,150,2525416.78571429,16836.1119047619
4582,1,3,377182.142857143,125727.380952381
4582,12,2,317856.666666667,158928.333333333
4582,13,6,230156.666666667,38359.4444444444
4582,14,6,624661.666666667,104110.277777778
4582,17,20,4261732.38095238,213086.619047619
4582,2,32,34568.3333333333,1080.26041666667
4582,20,15,2009379.52380952,133958.634920635
4582,3,5,785346.428571429,157069.285714286
4582,4,6,1351582.61904762,225263.76984127
4582,5,722,270566.666666667,374.746075715605
4582,7,51,5393715.08947368,105759.119401445
4582,9,57,146347.619047619,2567.50208855472
4585,1,4,1282691.9047619,320672.976190476
4585,10,6,1103607.14285714,183934.523809524
4585,12,0.025,-39107.1428571429,-1564285.71428571
4585,13,0.24793398,478457.142857143,1929776.39796345
4585,14,150,1816145.23809524,12107.6349206349
4585,19,18,453454.761904762,25191.9312169312
4585,20,6,416772.142857143,69462.0238095238
4585,3,30,4634384.28571429,154479.476190476
4585,9,0.0125,33900,2712000
4589,1,7,614161.047619048,87737.2925170068
4589,10,4,6395.4761904762,1598.86904761905
4589,11,3,298046.666666667,99348.8888888889
4589,12,10,106144.285714286,10614.4285714286
4589,13,10,1022014.28571429,102201.428571429
4589,14,5,828127.142857143,165625.428571429
4589,16,10,189313.333333333,18931.3333333333
4589,17,15,1964042.14285714,130936.142857143
4589,2,1,-52142.8571428571,-52142.8571428571
4589,21,20,7479995.14285714,373999.757142857
4589,22,2,0,0
4589,3,14,390893.809523809,27920.9863945578
4589,8,6,0,0
4592,15,13,1079437.85714286,83033.6813186813
4592,16,0.05509644,926698.571428571,16819572.5790736
4592,17,0.5509644,262256.666666667,475995.666265673
4592,18,60,5412700.73809524,90211.678968254
4592,2,0.1377411,507620.069246629,3685320.2801969
4592,20,0.2754822,-5000,-18149.9929941027
4592,24,3,667646.428571429,222548.809523809
4592,4,5,1699342.80952381,339868.561904762
4592,5,0.11019288,1718355.61904762,15594071.2235457
4592,6,0.22038576,2834538.76190476,12861714.667521
4592,7,0.33057864,190423.333333333,576030.360985614
4592,8,0.5509644,1501241.07142857,2724751.49288878
4592,9,10,468456.666666667,46845.6666666667
4595,1,18,-84085.7142857143,-4671.42857142857
4595,11,10,1913415.42857143,191341.542857143
4595,12,10,444456.428571429,44445.6428571429
4595,14,3,41857.1428571429,13952.380952381
4595,15,5,238724.071428571,47744.8142857143
4595,17,15,-71.4285714285734,-4.76190476190489
4595,18,1,-49451.9047619048,-49451.9047619048
4595,19,12,510260.892857143,42521.7410714286
4595,20,26,586806,22569.4615384615
4595,5,2,1165445.71428571,582722.857142857
4595,7,4,8338.09523809524,2084.52380952381
4595,8,25,316500,12660
4595,9,13,0,0
4599,11,0.5509644,1617985.13075285,2936641.87877265
4599,17,0.5509644,651074.285714286,1181699.37243547
4599,20,0.8264466,1191782.14285714,1442055.83622359
4599,21,0.11019288,75300,683347.236227967
4599,5,5,96042.8571428571,19208.5714285714
4605,14,22,529562.142857143,24071.0064935065
4605,15,0.075,477507.380952381,6366765.07936508
4605,16,20,1283281.66666667,64164.0833333333
4605,17,0.025,770158.185714286,30806327.4285714
4605,18,0.0375,1380245.93571429,36806558.2857143
4605,25,0.45,543207.334910302,1207127.41091178
4605,4,0.15,1278153.71428571,8521024.76190476
4605,7,0.49586796,374468.928571429,755178.714453397
4605,9,14,899995.238095238,64285.3741496599
4609,1,0.075,2419578.57142857,32261047.6190476
4609,10,0.0375,399064.761904762,10641726.984127
4609,11,3,2213701.42857143,737900.476190476
4609,12,1,477263.214285714,477263.214285714
4609,13,2,4088957.85714286,2044478.92857143
4609,14,5,536350,107270
4609,15,2,2109973.61904762,1054986.80952381
4609,16,0.025,829039.761904762,33161590.4761905
4609,18,2,991982.857142857,495991.428571429
4609,19,4,736925.714285714,184231.428571429
4609,2,0.0875,1629604.76190476,18624054.4217687
4609,20,3,376679.166666667,125559.722222222
4609,3,5,280130,56026
4609,4,4,1059633.933821,264908.483455251
4609,5,2,270644.313450613,135322.156725306
4609,6,1,2101578.28947368,2101578.28947368
4609,7,2,449668.571428571,224834.285714286
4609,8,2,1342015.47619048,671007.738095238
4612,10,2,1242656.42857143,621328.214285714
4612,14,4,929303.333333333,232325.833333333
4612,15,10,3902642.38095238,390264.238095238
4612,17,25,1190441.9047619,47617.6761904762
4612,21,20,2132606.66666667,106630.333333333
4612,22,40,12122024.1702727,303050.604256817
4615,1,18,73410.7142857143,4078.37301587302
4615,10,3,-91928.5714285714,-30642.8571428571
4615,11,8,413355.714285714,51669.4642857143
4615,14,100,1405917.73809524,14059.1773809524
4615,17,6,561066.9722153,93511.1620358834
4615,21,0.08264466,807169.87863514,9766751.76151901
4615,5,10,796062.142857143,79606.2142857143
4619,1,6,678779.523809524,113129.920634921
4619,10,5,859335.476190476,171867.095238095
4619,11,15,3802470.14285714,253498.00952381
4619,12,6,132150,22025
4619,13,2,142950.476190476,71475.2380952381
4619,14,13,757122.380952381,58240.1831501831
4619,15,5,553552.142857143,110710.428571429
4619,16,7,80295.7142857143,11470.8163265306
4619,17,6,921318.095238095,153553.015873016
4619,18,9,1158589.04761905,128732.116402116
4619,19,4,992645,248161.25
4619,2,2,696404.285714286,348202.142857143
4619,20,9,297059.761904762,33006.6402116402
4619,3,3,817463.214285714,272487.738095238
4619,4,2,218277.261904762,109138.630952381
4619,5,15,667341.904761905,44489.4603174603
4619,6,8,3902321.42857143,487790.178571429
4619,8,3,830918.095238095,276972.698412698
4622,1,8,1726861.96428571,215857.745535714
4622,14,17,4394899.64285714,258523.508403361
4622,15,8,1717006.54761905,214625.818452381
4622,17,27,6433476.19047619,238276.895943563
4622,18,11,6139981.19047619,558180.108225108
4622,2,140,41976794.8809524,299834.24914966
4622,3,28,4947061.9047619,176680.782312925
4622,4,7,367595.357142857,52513.6224489796
4622,5,15,4228101.25,281873.416666667
4622,6,3,237603.333333333,79201.1111111111
4622,7,8,2069825.07142857,258728.133928571
4622,8,0.08264466,10713.5119047619,129633.44400911
4625,13,3,1090967.38095238,363655.793650794
4625,14,20,1192361.19047619,59618.0595238095
4625,5,10,1110390.23809524,111039.023809524
4625,7,12,3951553.80952381,329296.150793651
4629,1,30,5258208.83333333,175273.627777778
4629,11,20,148234.523809524,7411.72619047619
4629,14,10,684486.666666667,68448.6666666667
4629,18,15,1210778.17857143,80718.5452380952
4629,19,20,122601.666666667,6130.08333333333
4629,20,10,551995,55199.5
4629,21,16,737389.880952381,46086.8675595238
4629,23,6,198351.666666667,33058.6111111111
4629,25,2,427377.869921175,213688.934960588
4629,4,7,492443.333333333,70349.0476190476
4629,7,15,1444276.66666667,96285.1111111111
4629,8,5,1391237.50548528,278247.501097055
4632,12,10,1006968.33333333,100696.833333333
4632,13,33,103480,3135.75757575758
4632,17,10,3952063.80952381,395206.380952381
4632,18,3,387393.333333333,129131.111111111
4632,19,36,835201.666666667,23200.0462962963
4632,21,12,961078.333333333,80089.8611111111
4632,24,3,132755,44251.6666666667
4632,4,5,680753.333333333,136150.666666667
4632,5,8,1174448.33333333,146806.041666667
4632,6,40,1060047.61904762,26501.1904761905
4632,7,3,736075.75,245358.583333333
4635,1,1,447534.761904762,447534.761904762
4635,10,9,627785,69753.8888888889
4635,11,5,1424775.04761905,284955.00952381
4635,12,1,294636.033333333,294636.033333333
4635,13,8,641137.533333333,80142.1916666667
4635,14,22,2839968.33333333,129089.46969697
4635,15,1,316349.166666667,316349.166666667
4635,18,10,588366.666666667,58836.6666666667
4635,19,1,937628.366073281,937628.366073281
4635,2,10,497305,49730.5
4635,20,1,688153.333333333,688153.333333333
4635,21,50,1167848.21428571,23356.9642857143
4635,3,8,2410076.00952381,301259.501190476
4635,4,25,3139415.65245547,125576.626098219
4635,5,24,2137958.71428571,89081.6130952381
4635,6,5,14690.8333333333,2938.16666666667
4635,7,2,1156406.92,578203.46
4635,8,1,130450,130450
4635,9,15,1357908.04,90527.2026666667
4639,1,10,310966.666666667,31096.6666666667
4639,10,1,509620.116087501,509620.116087501
4639,11,6,4870923.80952381,811820.634920635
4639,12,6,5563115.23809524,927185.873015873
4639,13,1,210638,210638
4639,14,3,169540,56513.3333333333
4639,15,10,1176086.66666667,117608.666666667
4639,16,6,1290103.33333333,215017.222222222
4639,17,14,2529628.57142857,180687.755102041
4639,18,2,497903.670734802,248951.835367401
4639,19,2,2361575,1180787.5
4639,2,3,246660,82220
4639,20,10,1711009.04761905,171100.904761905
4639,23,2,383710,191855
4639,3,4,411516.666666667,102879.166666667
4639,4,7,1366766.66666667,195252.380952381
4639,5,4,307416.666666667,76854.1666666667
4639,6,9,1373480,152608.888888889
4639,7,6,395510.142857143,65918.3571428571
4639,9,3,1915005.5952381,638335.198412698
4642,15,40,3817764.03826077,95444.1009565192
4642,18,7,688972.619047619,98424.6598639456
4642,2,40,1118538.80952381,27963.4702380952
4642,3,20,63025,3151.25
4642,4,20,154273.80952381,7713.69047619048
4645,13,40,193181.893640013,4829.54734100033
4645,15,0.1875,1447605.99206349,7720565.29100529
4645,16,0.0625,-78949.8335296285,-1263197.33647406
4645,18,0.5,2326856.84407045,4653713.68814091
4645,19,45,17794456.8095238,395432.373544974
4645,20,0.25,1271677.61904762,5086710.47619048
4645,25,16,1073398.86360352,67087.42897522
4645,8,0.75,1122271.68559888,1496362.24746517
4649,1,6,555802.857142857,92633.8095238095
4649,10,50,14950110,299002.2
4649,13,20,761600,38080
4649,14,10,747665.714285714,74766.5714285714
4649,18,50,1694214.28571429,33884.2857142857
4649,2,5,1584103.57142857,316820.714285714
4649,3,50,4594507.85714286,91890.1571428571
4649,4,10,4848803.57142857,484880.357142857
4652,11,4,2595046.5,648761.625
4652,13,10,3244964.57142857,324496.457142857
4652,14,30,2433720.69047619,81124.023015873
4652,15,4,2732003.33333333,683000.833333333
4652,16,12,775079.166666667,64589.9305555556
4652,17,8,2046473.33333333,255809.166666667
4652,2,10,409675,40967.5
4652,20,11,1016044.16666667,92367.6515151515
4652,21,0.0625,1023807.62081529,16380921.9330446
4652,3,8,2117924,264740.5
4652,4,4,4297607.4028088,1074401.8507022
4652,7,60,912428.666666667,15207.1444444444
4652,8,6,140325,23387.5
4655,11,4,5207885.47619048,1301971.36904762
4655,12,3,256116.666666667,85372.2222222222
4655,13,6,2735258.80952381,455876.468253968
4655,14,3,6607245.71428572,2202415.23809524
4655,15,8,1787879.38095238,223484.922619048
4655,3,8,2055846.07142857,256980.758928571
4655,8,6,106267.5,17711.25
4655,9,5,856960.190476191,171392.038095238
4659,1,1,9333.33333333333,9333.33333333333
4659,10,20,626500,31325
4659,13,0.05,397665,7953300
4659,16,5,479590.476190476,95918.0952380952
4659,6,1,102200,102200
4659,7,20,-523013.3,-26150.665
4662,18,3,381425,127141.666666667
4665,13,40,791206.689312402,19780.16723281
4665,14,4,2181633.33333333,545408.333333333
4665,15,5,96371.4285714286,19274.2857142857
4665,16,6,485103.333333333,80850.5555555556
4665,17,216,775670.317493107,3591.06628469031
4665,18,2,135571.428571429,67785.7142857143
4665,4,10,264704.761904762,26470.4761904762
4672,10,0.0125,170166.5,13613320
4672,11,0.2,147853.333333333,739266.666666667
4672,12,0.125,29877.619047619,239020.952380952
4672,13,0.1,1615030,16150300
4672,14,0.125,1254841.07142857,10038728.5714286
4672,15,0.0125,182569.333333333,14605546.6666667
4672,17,12,403285.833333333,33607.1527777778
4672,19,0.025,3364760.35714286,134590414.285714
4672,2,0.0375,607416.666666667,16197777.7777778
4672,20,0.3,338205.583333333,1127351.94444444
4672,6,1,352496.833333333,352496.833333333
4675,11,1,154858.333333333,154858.333333333
4675,13,8,1851253.80952381,231406.726190476
4675,15,7,1560269.52380952,222895.646258503
4675,18,5,108980.833333333,21796.1666666667
4675,19,10,1342838.75401927,134283.875401927
4675,20,5,176500,35300
4675,21,5,1669138.0952381,333827.619047619
4675,3,10,192500,19250
4675,4,0.075,725017.380952381,9666898.41269841
4675,5,3,1594675.83333333,531558.611111111
4675,6,12,526944.96031746,43912.080026455
4675,7,6,-79950,-13325
4675,8,16,-13881.6666666667,-867.604166666667
4675,9,3,-48108.3333333333,-16036.1111111111
4679,24,0.02754822,-240000,-8711996.6371693
4682,9,1.9283754,2092200,1084954.72406462
4685,10,4,44180.7142857143,11045.1785714286
4685,12,2,1141928.57142857,570964.285714286
4685,19,24,-84094.5833333333,-3503.94097222222
4685,5,1,1065018.0952381,1065018.0952381
4685,6,10,653170.242486173,65317.0242486173
4689,1,36,381892.857142857,10608.1349206349
4689,15,4,-21272.3912604923,-5318.09781512307
4689,16,6,-83107.1428571429,-13851.1904761905
4689,21,10,1218244.57677285,121824.457677285
4689,3,4,3451012.69704143,862753.174260356
4689,4,10,257964.285714286,25796.4285714286
4689,5,3,-380314.285714286,-126771.428571429
4689,6,3000,1870500,623.5
4689,8,20,-159944.220143382,-7997.21100716909
4695,10,15,192355,12823.6666666667
4695,14,0.02754822,368462.261904762,13375174.9443253
4699,1,2.23140582,-78898.0952380953,-35358.0216251723
4699,11,6,1050609.32380952,175101.553968254
4699,12,10,1517304.44594156,151730.444594156
4699,13,0.16528932,94500,571724.779314235
4712,17,6,513566.666666667,85594.4444444445
4722,20,30,-327351.666666667,-10911.7222222222
4729,13,20,-130357.142857143,-6517.85714285714
4729,19,20,-234642.857142857,-11732.1428571429
4729,20,30,0,0
4729,21,20,0,0
4732,12,3,203009.523809524,67669.8412698413
4739,10,3,264930.952380952,88310.3174603175
4739,13,180,1057842.61904762,5876.90343915344
4739,15,3,533853.809523809,177951.26984127
4739,19,1,-65000,-65000
4739,20,4,1510454.52380952,377613.630952381
4742,4,10,848752.678571429,84875.2678571429
4745,13,5,716171.003401361,143234.200680272
4745,20,20,3359458.33333333,167972.916666667
4750,10,8,362130,45266.25
4750,12,3,-24901.673729023,-8300.55790967434
4750,15,1,6501757.14285714,6501757.14285714
4750,16,2,829080.317793678,414540.158896839
4750,24,2,134220.833333333,67110.4166666667
4750,3,2,410324.70180421,205162.350902105
4750,5,2,97906.5536689648,48953.2768344824
4750,8,1,480429.720353535,480429.720353535
4750,9,1,-48000,-48000
4752,17,13,6937075.68273092,533621.206363917
4752,3,7,307741.666666667,43963.0952380952
4755,11,10,162520,16252
4755,13,1,-164000,-164000
4755,14,4,2705671.78571429,676417.946428571
4755,15,2,2434033.33333333,1217016.66666667
4755,16,23,1084724.16666667,47161.9202898551
4755,17,50,2769428.78571429,55388.5757142857
4755,18,21,3745791.42857143,178371.020408163
4755,19,1,983266.666666667,983266.666666667
4755,7,5,-17538.3333333333,-3507.66666666667
4755,8,0.0125,-59000,-4720000
4755,9,2,2215214.28571429,1107607.14285714
4759,1,10,3800165.71428571,380016.571428571
4759,16,27,334932.367975517,12404.9025176117
4759,17,10,3032513.33333333,303251.333333333
4759,18,10,3702348.33968334,370234.833968334
4759,5,0.25,2416709.52380952,9666838.0952381
4762,1,10,107208.333333333,10720.8333333333
4762,11,15,637505.714285714,42500.380952381
4762,14,4,67462.6666666667,16865.6666666667
4762,18,10,464540.833333333,46454.0833333333
4762,19,14,978945.6,69924.6857142857
4762,22,3,167778.333333333,55926.1111111111
4762,6,17,684142.128057471,40243.6545916159
4765,1,0.0375,775712.083333333,20685655.5555556
4765,12,6,333521.666666667,55586.9444444444
4765,14,10,2342776.01190476,234277.601190476
4765,16,0.0625,245833.316422799,3933333.06276479
4765,17,0.125,68990,551920
4765,2,0.05,190777.759259259,3815555.18518519
4765,5,2,340929.285714286,170464.642857143
4765,6,0.1,-672408.956736909,-6724089.56736909
4772,14,4,153807.976190476,38451.994047619
4772,15,5,13852.5,2770.5
4772,20,5,859115.357142857,171823.071428571
4772,4,6,573367.5,95561.25
4772,6,4,1663093.163066,415773.2907665
4772,8,5,382925.833333333,76585.1666666667
4772,9,4,315140.214285714,78785.0535714286
4775,1,0.11019288,1190833.33333333,10806808.328572
4775,12,5,796558.333333333,159311.666666667
4775,3,6,3346347.61904762,557724.603174603
4779,11,1,561332.857142857,561332.857142857
4779,8,3,452868.809523809,150956.26984127
4782,12,5,1089574.76190476,217914.952380952
4782,13,8,1683970.95238095,210496.369047619
4782,7,27,2573731.66666667,95323.3950617284
4785,16,5,2685019.04761905,537003.809523809
4790,10,50,-274670.864661654,-5493.41729323308
4790,11,30,576856.844862155,19228.5614954052
4790,12,34,-198283.209419534,-5831.85910057454
4790,14,36,1683719.64285714,46769.9900793651
4790,16,80,1126572.66666667,14082.1583333333
4790,17,10,694746.666666667,69474.6666666667
4790,18,7,2110932.85714286,301561.836734694
4790,21,0.49586796,283826.666666667,572383.556837725
4790,22,48,437500,9114.58333333333
4790,25,8,741899.7,92737.4625
4790,8,10,2136370,213637
4792,1,0.5509644,343824.142857143,624040.578406051
4792,11,1.98347184,1731146.66666667,872786.107549007
4792,12,1.32231456,757236.904761905,572660.188179358
4792,13,1.6528932,1494939.04761905,904437.774696543
4792,14,0.16528932,1838322.77269601,11121848.4817773
4792,17,1.377411,2105440.95238095,1528549.54140845
4792,18,3.8567508,2602486.78571429,674787.384685131
4792,2,0.4132233,222443.214285714,538312.370782853
4792,3,5.509644,669288.333333333,121475.785610347
4792,4,1.98347184,1358074.28571429,684695.521421814
4792,5,1.1019288,2819899.28571429,2559057.61398948
4792,6,10,2493888.14285714,249388.814285714
4792,7,0.5509644,2075898.33333333,3767754.02064695
4792,8,0.77135016,776383.214285714,1006524.9928589
4792,9,0.16528932,311859.523809524,1886749.39076235
4799,15,0.49586796,6674,13459.2281380713
4799,9,0.02754822,260741.19047619,9464901.56083371
4809,12,0.8264466,-22078.4761904762,-26714.9458785071
4809,14,5,176217.976190476,35243.5952380952
4815,1,0.33057864,1602660,4848044.62865477
4815,12,0.02754822,1414795.47619048,51357055.9618907
4815,18,0.02754822,-2931244.79869084,-106404145.120478
4815,19,0.02754822,3042200.71428571,110431843.30188
4815,4,0.74380194,8607195.23809524,11571891.3533558
4815,5,0.02754822,834585.714285714,30295449.7345278
4815,8,0.08264466,3556178.57142857,43029744.1048045
4815,9,0.11019288,3759817.21428571,34120328.0491962
4819,1,4,149911.904761905,37477.9761904762
4819,10,5,194361.904761905,38872.380952381
4819,11,20,1146203.80952381,57310.1904761905
4819,12,12,1341061.07142857,111755.089285714
4819,14,4,241776.666666667,60444.1666666667
4819,15,15,1063973.80952381,70931.5873015873
4819,16,21,2448432.58439061,116592.027828125
4819,17,14,996316.666666667,71165.4761904762
4819,18,38,3858270,101533.421052632
4819,19,20,499726.904761905,24986.3452380952
4819,2,11,626834.404761905,56984.9458874459
4819,20,5,478067.857142857,95613.5714285714
4819,3,11,761710.952380952,69246.4502164502
4819,4,32,1572928.57142857,49154.0178571429
4819,5,22,2627760.23809524,119443.647186147
4819,6,10,1031794.28571429,103179.428571429
4819,7,16,1336556.66666667,83534.7916666667
4819,8,8,734967.857142857,91870.9821428571
4819,9,13,936683.333333333,72052.5641025641
4822,1,4,2339721.9047619,584930.476190476
4822,10,4,3111719.33333333,777929.833333333
4822,12,15,2281710.95238095,152114.063492063
4822,13,3,1412735.95238095,470911.984126984
4822,15,3,591009.642857143,197003.214285714
4822,17,14,1278314.04761905,91308.1462585034
4822,2,10,3350557.85714286,335055.785714286
4822,4,6,4770219.04761905,795036.507936508
4822,9,8,5923455.71428571,740431.964285714
4825,13,40,3857906.42857143,96447.6607142857
4825,16,30,1051667.5,35055.5833333333
4825,18,36,2498574.28571429,69404.8412698413
4825,19,32,2937411.19047619,91794.099702381
4825,20,5,1027494.28571429,205498.857142857
4825,23,12,1308080.23809524,109006.686507937
4825,4,6,1278902.61904762,213150.436507936
4825,5,50,1970238.9719888,39404.7794397759
4825,6,11,213633.333333333,19421.2121212121
4825,7,29,2977664.16666667,102678.074712644
4829,1,5,1204037.61904762,240807.523809524
4829,12,40,2372923.33333333,59323.0833333333
4829,16,68,1755940.83333333,25822.6593137255
4829,19,4,1318406.66666667,329601.666666667
4829,20,8,4454126.66666667,556765.833333333
4829,4,30,1472052.11666667,49068.4038888889
4829,8,20,17233842.4344596,861692.121722978
4832,10,0.02754822,4832831.86481304,175431728.976066
4832,14,1,3083826.78571429,3083826.78571429
4832,3,1,3148038.80952381,3148038.80952381
4832,8,0.02754822,3172758.38285714,115171084.841676
4842,1,10,292299.047619048,29229.9047619048
4842,11,7,415691.547619048,59384.5068027211
4842,12,6,1062320,177053.333333333
4842,14,6,228099.047619048,38016.5079365079
4842,16,5,433980.952380952,86796.1904761905
4842,17,6,915390.119047619,152565.01984127
4842,20,6,306149.047619048,51024.8412698413
4842,4,3,182969.285714286,60989.7619047619
4842,5,4,272450.476190476,68112.619047619
4842,6,7,171226.666666667,24460.9523809524
4842,7,6,483684.285714286,80614.0476190476
4842,8,8,784056.071428571,98007.0089285714
4859,1,5,377814.285714286,75562.8571428571
4859,10,4,16446.6666666667,4111.66666666667
4859,11,15,1051953.0952381,70130.2063492063
4859,12,7,181891.19047619,25984.4557823129
4859,13,5,359709.523809524,71941.9047619048
4859,14,4,55553.5714285714,13888.3928571429
4859,15,12,740348.333333333,61695.6944444444
4859,16,6,343575.238095238,57262.5396825397
4859,17,7,121243.095238095,17320.4421768707
4859,18,4,633418.571428571,158354.642857143
4859,19,10,215961.785714286,21596.1785714286
4859,2,2,104321.428571429,52160.7142857143
4859,20,7,755202.380952381,107886.054421769
4859,3,5,166763.333333333,33352.6666666667
4859,4,1,-10342.8571428571,-10342.8571428571
4859,5,7,298350,42621.4285714286
4859,6,3,-44561.9047619048,-14853.9682539683
4859,7,5,-32554.7619047619,-6510.95238095238
4859,8,3,416036.952380952,138678.984126984
4859,9,5,285778.214285714,57155.6428571429
4862,1,4,-54750,-13687.5
4862,10,4,-37838.0952380952,-9459.52380952381
4862,11,6,601374.285714286,100229.047619048
4862,12,10,1078697.14285714,107869.714285714
4862,13,6,-19522.3809523809,-3253.73015873016
4862,14,8,2039.28571428568,254.91071428571
4862,15,5,154757.142857143,30951.4285714286
4862,17,4,-91250,-22812.5
4862,18,5,139611.428571429,27922.2857142857
4862,19,4,69993.2142857143,17498.3035714286
4862,2,14,1682566.19047619,120183.299319728
4862,20,3,507925.714285714,169308.571428571
4862,3,12,754365.714285714,62863.8095238095
4862,4,6,-142103.80952381,-23683.9682539683
4862,5,10,-6241.90476190478,-624.190476190478
4862,7,13,270277.857142857,20790.6043956044
4862,8,5,-11163.3333333333,-2232.66666666667
4865,18,1,-211200,-211200
4879,1,6,345276.904761905,57546.1507936508
4879,10,3,698796.428571429,232932.142857143
4879,11,5,171895.714285714,34379.1428571429
4879,12,5,162139.285714286,32427.8571428571
4879,13,4,350782.380952381,87695.5952380952
4879,14,6,416972.142857143,69495.3571428571
4879,15,4,-81134.2857142857,-20283.5714285714
4879,16,5,124526.666666667,24905.3333333333
4879,17,4,312043.095238095,78010.7738095238
4879,18,3,91562.8571428571,30520.9523809524
4879,19,6,1440886.66666667,240147.777777778
4879,2,4,184393.571428571,46098.3928571429
4879,20,7,746584.761904762,106654.965986395
4879,3,6,482571.857142857,80428.6428571429
4879,4,8,3139378.0952381,392422.261904762
4879,5,5,354215.119047619,70843.0238095238
4879,6,8,176965.952380952,22120.744047619
4879,7,6,247666.666666667,41277.7777777778
4879,8,6,306318.095238095,51053.0158730159
4879,9,3,44005,14668.3333333333
4882,10,3,-29028.5714285714,-9676.19047619048
4882,11,4,49466.6666666667,12366.6666666667
4882,13,5,61400.4761904762,12280.0952380952
4882,14,3,230616.19047619,76872.0634920635
4882,15,6,104931.428571429,17488.5714285714
4882,16,3,-142105.714285714,-47368.5714285714
4882,17,1,-19201.9047619048,-19201.9047619048
4882,2,4,-45457.6190476191,-11364.4047619048
4882,21,7,-533387.619047619,-76198.231292517
4882,3,4,-27252.5170782915,-6813.12926957287
4882,4,5,-26229.0476190476,-5245.80952380952
4882,6,5,71269.6428571429,14253.9285714286
4882,7,3,214447.380952381,71482.4603174603
4882,8,5,-78214.2857142857,-15642.8571428571
4882,9,4,593528.095238095,148382.023809524
4885,1,9,864679.404761905,96075.4894179894
4885,10,6,1035585.95238095,172597.658730159
4885,11,5,631657.619047619,126331.523809524
4885,12,1,151643.452380952,151643.452380952
4885,13,10,1277808.0952381,127780.80952381
4885,14,7,818170,116881.428571429
4885,15,8,721851.428571429,90231.4285714286
4885,16,7,755152.380952381,107878.911564626
4885,17,6,464688.571428571,77448.0952380952
4885,19,4,563489.285714286,140872.321428571
4885,2,5,467909.523809524,93581.9047619048
4885,20,9,793199.642857143,88133.2936507937
4885,3,6,665047.380952381,110841.23015873
4885,4,4,345419.285714286,86354.8214285714
4885,5,6,701481.428571429,116913.571428571
4885,6,4,514260.952380952,128565.238095238
4885,7,5,1368137.14285714,273627.428571429
4885,8,5,533665.238095238,106733.047619048
4885,9,8,856054.523809524,107006.81547619
4895,1,5,619538.690476191,123907.738095238
4895,10,8,812563.333333333,101570.416666667
4895,11,8,664090.178571429,83011.2723214286
4895,12,4,619769.571428571,154942.392857143
4895,13,8,455926.011904762,56990.7514880952
4895,14,5,392097.857142857,78419.5714285714
4895,15,4,324837.559523809,81209.3898809524
4895,16,6,300278.452380952,50046.4087301587
4895,17,5,1114193.0952381,222838.619047619
4895,18,5,427391.428571429,85478.2857142857
4895,19,6,484357.023809524,80726.1706349206
4895,20,7,365100.357142857,52157.193877551
4895,4,4,1000385.47619048,250096.369047619
4895,6,2,267104.523809524,133552.261904762
4895,8,36,292964.976190476,8137.91600529101
4895,9,8,713851.785714286,89231.4732142857
4905,1,2,563134.523809524,281567.261904762
4905,10,5,598172.619047619,119634.523809524
4905,11,4,486914.583333333,121728.645833333
4905,12,0.075,257264.285714286,3430190.47619048
4905,13,6,366205.357142857,61034.2261904762
4905,14,4,667045.714285714,166761.428571429
4905,15,2,280922.738095238,140461.369047619
4905,16,2,325877.380952381,162938.69047619
4905,17,6,221989.404761905,36998.2341269841
4905,18,6,402895.119047619,67149.1865079365
4905,19,5,387057.142857143,77411.4285714286
4905,2,7,524767.619047619,74966.8027210884
4905,20,4,188751.785714286,47187.9464285714
4905,3,6,472018.857142857,78669.8095238095
4905,4,4,439720.357142857,109930.089285714
4905,5,3,185600.595238095,61866.8650793651
4905,6,0.05,316548.80952381,6330976.19047619
4905,7,0.0375,193872.857142857,5169942.85714286
4905,8,0.05,312325.595238095,6246511.9047619
4905,9,3,522267.321428571,174089.107142857
4915,1,3,82179.1666666667,27393.0555555556
4915,10,7,328650.714285714,46950.1020408163
4915,11,7,1466167.79761905,209452.542517007
4915,12,5,488723.80952381,97744.7619047619
4915,13,5,490885.238095238,98177.0476190476
4915,14,5,400225.238095238,80045.0476190476
4915,15,1,185242.857142857,185242.857142857
4915,16,6,278855,46475.8333333333
4915,17,5,222880.833333333,44576.1666666667
4915,18,4,209431.904761905,52357.9761904762
4915,19,3,186216.19047619,62072.0634920635
4915,2,8,92286.0714285714,11535.7589285714
4915,20,9,1259276.9047619,139919.656084656
4915,3,4,436703.630952381,109175.907738095
4915,4,3,21902.1428571429,7300.71428571429
4915,5,6,248085,41347.5
4915,6,5,194988.392857143,38997.6785714286
4915,7,3,92817.1428571429,30939.0476190476
4915,8,6,186051.904761905,31008.6507936508
4915,9,4,394587.976190476,98646.9940476191
4922,1,1,-839821.428571429,-839821.428571429
4922,3,1,-8713.80952380952,-8713.80952380952
4925,14,0.25,285047.619047619,1140190.47619048
4925,19,4,-31285.7142857143,-7821.42857142857
4929,1,2.97520776,555640.238095238,186756.785716114
4929,20,0.6887055,422105.119047619,612896.396279134
4932,3,0.11019288,801917.346428572,7277397.109764
4939,10,40,2834354.04524823,70858.8511312057
4939,13,1,2784868.45238095,2784868.45238095
4939,16,140,5783150.51960784,41308.2179971989
4939,17,200,2190203.33333333,10951.0166666667
4939,18,4,240435.416666667,60108.8541666667
4939,2,4,1979178.33333333,494794.583333333
4939,5,20,3937847.38095238,196892.369047619
4942,1,3,1393574.28571429,464524.761904762
4942,10,20,2663465.57784074,133173.278892037
4942,12,51,1500397.30532213,29419.5550063163
4942,13,33,894280.162464986,27099.3988625753
4942,15,3,2493285.71428571,831095.238095238
4942,16,40,3016440.47619048,75411.0119047619
4942,19,70,1394349.92436975,19919.2846338535
4942,20,35,304779.68627451,8707.99103641457
4942,3,250,1345735.40056022,5382.9416022409
4942,4,3,2112652.85714286,704217.619047619
4942,8,10,3875614.28571429,387561.428571429
4942,9,10,1259139.04761905,125913.904761905
4944,17,20,865522.916666667,43276.1458333333
4952,16,1,1913606.41812109,1913606.41812109
4952,20,1,49695.7142857143,49695.7142857143
4952,6,1,-29267.8571428571,-29267.8571428571
4952,7,1,-108907.571428571,-108907.571428571
4952,9,1,-56500,-56500
4955,1,25,268936.666666667,10757.4666666667
4955,10,7,676117.857142857,96588.2653061225
4955,11,8,475489.523809524,59436.1904761905
4955,12,10,2418642.38095238,241864.238095238
4955,13,10,384057.142857143,38405.7142857143
4955,14,11,364041.428571429,33094.6753246753
4955,15,8,574042.023809524,71755.2529761905
4955,16,10,512086.547619048,51208.6547619048
4955,17,7,747101.666666667,106728.80952381
4955,18,8,430372.619047619,53796.5773809524
4955,19,8,261758.630952381,32719.8288690476
4955,20,7,493268.571428571,70466.9387755102
4955,4,4,104645.476190476,26161.369047619
4955,5,6,474438.988095238,79073.1646825397
4955,6,8,-62122.380952381,-7765.29761904762
4955,7,9,621266.428571429,69029.6031746032
4955,8,14,1177156.19047619,84082.5850340136
4955,9,7,330351.190476191,47193.0272108844
4959,10,5,78351.4285714286,15670.2857142857
4959,11,12,1315465,109622.083333333
4959,12,10,3483623.57142857,348362.357142857
4959,13,7,2094455.5952381,299207.942176871
4959,14,6,604246.666666667,100707.777777778
4959,15,5,168852.857142857,33770.5714285714
4959,17,12,962022.619047619,80168.5515873016
4959,18,10,1223409.76190476,122340.976190476
4959,21,6,893709.285714286,148951.547619048
4959,9,6,247482.142857143,41247.0238095238
4962,13,0.24793398,-305035.714285714,-1230310.23938596
4962,16,0.05,-117321.428571429,-2346428.57142857
4962,17,0.05509644,1290651.42857143,23425314.3864001
4962,18,2.0661165,-67785.7142857143,-32808.2730502923
4962,3,0.1875,56154.2857142857,299489.523809524
4962,8,0.08264466,138543.571428571,1676376.56720436
4975,7,8,325759.285714286,40719.9107142857
4979,1,5,2694083.33333333,538816.666666667
4979,10,5,866314.285714286,173262.857142857
4979,11,5,1365148.33333333,273029.666666667
4979,14,25,392021.428571429,15680.8571428571
4979,16,25,-97473.0952380953,-3898.92380952381
4979,19,25,-158661.428571429,-6346.45714285714
4979,2,50,-443842.857142857,-8876.85714285714
4979,20,25,-309191.428571429,-12367.6571428571
4979,5,1,-254876.19047619,-254876.19047619
4979,6,50,-1461320,-29226.4
4979,7,75,163933.333333333,2185.77777777778
4979,8,5,75461.9047619047,15092.3809523809
4979,9,25,-232765,-9310.6
4982,1,11,408449.047619048,37131.7316017316
4982,10,11,413763.80952381,37614.8917748918
4982,13,5,243375,48675
4982,14,4,85259.5238095238,21314.880952381
4982,16,12,299697.619047619,24974.8015873016
4982,17,15,338857.142857143,22590.4761904762
4982,19,4,218603.571428571,54650.8928571429
4982,2,20,521238.333333333,26061.9166666667
4982,3,14,470967.857142857,33640.5612244898
4982,4,13,-84085.7142857143,-6468.13186813187
4982,5,4,420642.857142857,105160.714285714
4982,7,8,305991.428571429,38248.9285714286
4982,8,0.025,126623.80952381,5064952.38095238
4982,9,16,434812.142857143,27175.7589285714
4985,12,2,-21642.8571428571,-10821.4285714286
4985,14,10,855203.333333333,85520.3333333333
4985,17,2,-26642.8571428571,-13321.4285714286
4985,19,3,177000,59000
4985,9,2,-112128.571428571,-56064.2857142857
4989,1,6,522545.714285714,87090.9523809524
4995,1,7,1153857.14285714,164836.734693878
4995,10,3,568992.857142857,189664.285714286
4995,11,1,1551957.14285714,1551957.14285714
4995,13,3,615922.857142857,205307.619047619
4995,14,5,163809.523809524,32761.9047619048
4995,15,4,1141464.28571429,285366.071428571
4995,17,6,192949.047619048,32158.1746031746
4995,18,2,50192.8571428571,25096.4285714286
4995,2,6,1113402.85714286,185567.142857143
4995,20,1,-128450,-128450
4995,21,4,1734857.14285714,433714.285714286
4995,3,7,2459666.66666667,351380.952380952
4995,4,2,408928.571428571,204464.285714286
4995,5,6,222604.285714286,37100.7142857143
4995,6,2,229071.428571429,114535.714285714
4995,7,2,1601416.66666667,800708.333333333
